update,success_rate,fail_rate,timeout_rate,success_count,fail_count,timeout_count,mean_return,mean_episode_length,best_success_rate,policy_std,elapsed_sec
1,0.0,0.0,1.0,0,0,16,29.32067573070526,1600.0,0.0,1.6487212181091309,3.42311429977417
2,0.375,0.0,0.625,6,0,10,18.983978390693665,1316.9375,0.375,1.6487212181091309,6.271435022354126
3,1.0,0.0,0.0,16,0,0,15.436426877975464,425.3125,1.0,1.6487212181091309,7.335660219192505
4,1.0,0.0,0.0,16,0,0,14.047323346138,231.1875,1.0,1.6487212181091309,7.848424196243286
5,1.0,0.0,0.0,16,0,0,13.815240144729614,164.6875,1.0,1.6487212181091309,8.217636108398438
6,1.0,0.0,0.0,16,0,0,13.412541627883911,134.25,1.0,1.6487212181091309,8.531067132949829
7,1.0,0.0,0.0,16,0,0,13.421921968460083,107.25,1.0,1.6487212181091309,8.762876272201538
8,1.0,0.0,0.0,16,0,0,13.32055526971817,98.875,1.0,1.6487212181091309,8.982300281524658
9,1.0,0.0,0.0,16,0,0,13.627324879169464,97.25,1.0,1.6487212181091309,9.199050426483154
10,1.0,0.0,0.0,16,0,0,13.708295941352844,90.1875,1.0,1.6487212181091309,9.3998441696167
11,1.0,0.0,0.0,16,0,0,13.759985029697418,91.125,1.0,1.6487212181091309,9.636781215667725
12,1.0,0.0,0.0,16,0,0,13.804202735424042,95.625,1.0,1.6487212181091309,9.84781002998352
13,1.0,0.0,0.0,16,0,0,13.649286270141602,83.875,1.0,1.6487212181091309,10.030231237411499
14,1.0,0.0,0.0,16,0,0,13.581145405769348,78.4375,1.0,1.6487212181091309,10.201942205429077
15,1.0,0.0,0.0,16,0,0,13.502778589725494,82.6875,1.0,1.6487212181091309,10.379362106323242
16,1.0,0.0,0.0,16,0,0,13.629330396652222,85.9375,1.0,1.6487212181091309,10.588550329208374
17,1.0,0.0,0.0,16,0,0,13.73876953125,82.5,1.0,1.6487212181091309,10.773313045501709
18,1.0,0.0,0.0,16,0,0,13.701304495334625,84.6875,1.0,1.6487212181091309,10.961930274963379
19,1.0,0.0,0.0,16,0,0,13.477217614650726,79.375,1.0,1.6487212181091309,11.137941360473633
20,1.0,0.0,0.0,16,0,0,13.514773428440094,77.5,1.0,1.6487212181091309,11.308030366897583
21,1.0,0.0,0.0,16,0,0,13.500269412994385,78.4375,1.0,1.6487212181091309,11.484506130218506
22,1.0,0.0,0.0,16,0,0,13.69493418931961,83.75,1.0,1.6487212181091309,11.671317338943481
23,1.0,0.0,0.0,16,0,0,13.649454474449158,77.8125,1.0,1.6487212181091309,11.853182315826416
24,1.0,0.0,0.0,16,0,0,13.543760120868683,79.5,1.0,1.6487212181091309,12.072716236114502
25,1.0,0.0,0.0,16,0,0,13.621973097324371,80.0625,1.0,1.6487212181091309,12.301335096359253
26,1.0,0.0,0.0,16,0,0,13.738458395004272,82.3125,1.0,1.6487212181091309,12.559327363967896
27,1.0,0.0,0.0,16,0,0,13.750091850757599,81.3125,1.0,1.6487212181091309,12.781567335128784
28,1.0,0.0,0.0,16,0,0,13.805063247680664,81.5,1.0,1.6487212181091309,13.00194525718689
29,1.0,0.0,0.0,16,0,0,13.627038359642029,78.5,1.0,1.6487212181091309,13.235310077667236
30,1.0,0.0,0.0,16,0,0,13.679626822471619,77.5625,1.0,1.6487212181091309,13.419652223587036
31,1.0,0.0,0.0,16,0,0,13.413453221321106,74.4375,1.0,1.6487212181091309,13.599847316741943
32,1.0,0.0,0.0,16,0,0,13.462408065795898,75.75,1.0,1.6487212181091309,13.791666269302368
33,1.0,0.0,0.0,16,0,0,13.57676887512207,75.75,1.0,1.6487212181091309,13.984106302261353
34,1.0,0.0,0.0,16,0,0,13.291634917259216,69.5625,1.0,1.6487212181091309,14.16235637664795
35,1.0,0.0,0.0,16,0,0,13.43977153301239,77.6875,1.0,1.6487212181091309,14.355857372283936
36,1.0,0.0,0.0,16,0,0,13.38333410024643,73.8125,1.0,1.6487212181091309,14.540500402450562
37,1.0,0.0,0.0,16,0,0,13.602295637130737,79.125,1.0,1.6487212181091309,14.754678010940552
38,1.0,0.0,0.0,16,0,0,13.492353856563568,77.0625,1.0,1.6487212181091309,14.960249185562134
39,1.0,0.0,0.0,16,0,0,13.527828514575958,76.6875,1.0,1.6487212181091309,15.147325277328491
40,1.0,0.0,0.0,16,0,0,13.456841051578522,73.125,1.0,1.6487212181091309,15.31251311302185
41,1.0,0.0,0.0,16,0,0,13.669397056102753,79.0,1.0,1.6487212181091309,15.49228024482727
42,1.0,0.0,0.0,16,0,0,13.612755000591278,75.1875,1.0,1.6487212181091309,15.656227111816406
43,1.0,0.0,0.0,16,0,0,13.358397543430328,70.5,1.0,1.6487212181091309,15.812181234359741
44,1.0,0.0,0.0,16,0,0,13.40596330165863,67.6875,1.0,1.6487212181091309,15.973443269729614
45,1.0,0.0,0.0,16,0,0,13.51063758134842,76.4375,1.0,1.6487212181091309,16.14637327194214
46,1.0,0.0,0.0,16,0,0,13.501934587955475,71.4375,1.0,1.6487212181091309,16.308404207229614
47,1.0,0.0,0.0,16,0,0,13.498633086681366,74.8125,1.0,1.6487212181091309,16.476799249649048
48,1.0,0.0,0.0,16,0,0,13.64558869600296,74.8125,1.0,1.6487212181091309,16.643315315246582
49,1.0,0.0,0.0,16,0,0,13.399699866771698,70.875,1.0,1.6487212181091309,16.81406831741333
50,1.0,0.0,0.0,16,0,0,13.719606935977936,74.9375,1.0,1.6487212181091309,16.981600046157837
51,1.0,0.0,0.0,16,0,0,13.687181293964386,71.5625,1.0,1.6487212181091309,17.13567018508911
52,1.0,0.0,0.0,16,0,0,13.46038693189621,70.0625,1.0,1.6487212181091309,17.29163908958435
53,1.0,0.0,0.0,16,0,0,13.527030766010284,69.8125,1.0,1.6487212181091309,17.448212385177612
54,1.0,0.0,0.0,16,0,0,13.737117171287537,75.4375,1.0,1.6487212181091309,17.614484310150146
55,1.0,0.0,0.0,16,0,0,13.581720232963562,70.875,1.0,1.6487212181091309,17.770118236541748
56,1.0,0.0,0.0,16,0,0,13.684135258197784,74.0625,1.0,1.6487212181091309,17.93552827835083
57,1.0,0.0,0.0,16,0,0,13.75583827495575,75.9375,1.0,1.6487212181091309,18.11025309562683
58,1.0,0.0,0.0,16,0,0,13.68581634759903,73.8125,1.0,1.6487212181091309,18.280295372009277
59,1.0,0.0,0.0,16,0,0,13.587784171104431,72.625,1.0,1.6487212181091309,18.445752143859863
60,1.0,0.0,0.0,16,0,0,13.65077155828476,76.5625,1.0,1.6487212181091309,18.613790273666382
61,1.0,0.0,0.0,16,0,0,13.483484208583832,70.1875,1.0,1.6487212181091309,18.801124095916748
62,1.0,0.0,0.0,16,0,0,13.738376319408417,78.5,1.0,1.6487212181091309,18.981032371520996
63,1.0,0.0,0.0,16,0,0,13.701219081878662,71.0625,1.0,1.6487212181091309,19.136808395385742
64,1.0,0.0,0.0,16,0,0,13.658844351768494,70.625,1.0,1.6487212181091309,19.302659273147583
65,1.0,0.0,0.0,16,0,0,13.655055403709412,73.5625,1.0,1.6487212181091309,19.465802431106567
66,1.0,0.0,0.0,16,0,0,13.582523465156555,67.1875,1.0,1.6487212181091309,19.61677837371826
67,1.0,0.0,0.0,16,0,0,13.453909277915955,70.625,1.0,1.6487212181091309,19.776069164276123
68,1.0,0.0,0.0,16,0,0,13.493441581726074,70.5625,1.0,1.6487212181091309,19.93323540687561
69,1.0,0.0,0.0,16,0,0,13.518978297710419,71.3125,1.0,1.6487212181091309,20.089134216308594
70,1.0,0.0,0.0,16,0,0,13.751474916934967,77.5,1.0,1.6487212181091309,20.26452612876892
71,1.0,0.0,0.0,16,0,0,13.674717366695404,76.25,1.0,1.6487212181091309,20.43321442604065
72,1.0,0.0,0.0,16,0,0,13.685908734798431,73.0625,1.0,1.6487212181091309,20.592461109161377
73,1.0,0.0,0.0,16,0,0,13.67726880311966,76.0,1.0,1.6487212181091309,20.759499073028564
74,1.0,0.0,0.0,16,0,0,13.576163172721863,71.0625,1.0,1.6487212181091309,20.927720308303833
75,1.0,0.0,0.0,16,0,0,13.738965213298798,70.5625,1.0,1.6487212181091309,21.083383083343506
76,1.0,0.0,0.0,16,0,0,13.65745633840561,77.0,1.0,1.6487212181091309,21.254385232925415
77,1.0,0.0,0.0,16,0,0,13.598078846931458,72.4375,1.0,1.6487212181091309,21.422380208969116
78,1.0,0.0,0.0,16,0,0,13.604202687740326,74.0625,1.0,1.6487212181091309,21.58796215057373
79,1.0,0.0,0.0,16,0,0,13.469277799129486,68.8125,1.0,1.6487212181091309,21.73874044418335
80,1.0,0.0,0.0,16,0,0,13.42230373620987,68.875,1.0,1.6487212181091309,21.893047094345093
81,1.0,0.0,0.0,16,0,0,13.350066423416138,69.375,1.0,1.6487212181091309,22.047243118286133
82,1.0,0.0,0.0,16,0,0,13.338971376419067,67.6875,1.0,1.6487212181091309,22.195080280303955
83,1.0,0.0,0.0,16,0,0,13.558521926403046,76.3125,1.0,1.6487212181091309,22.37058138847351
84,1.0,0.0,0.0,16,0,0,13.425179779529572,66.0625,1.0,1.6487212181091309,22.518458127975464
85,1.0,0.0,0.0,16,0,0,13.636392414569855,72.375,1.0,1.6487212181091309,22.67737126350403
86,1.0,0.0,0.0,16,0,0,13.592866003513336,69.75,1.0,1.6487212181091309,22.829651355743408
87,1.0,0.0,0.0,16,0,0,13.523459374904633,67.5,1.0,1.6487212181091309,23.010894298553467
88,1.0,0.0,0.0,16,0,0,13.436060070991516,69.875,1.0,1.6487212181091309,23.174243211746216
89,1.0,0.0,0.0,16,0,0,13.36240404844284,71.4375,1.0,1.6487212181091309,23.32791233062744
90,1.0,0.0,0.0,16,0,0,13.52124434709549,69.6875,1.0,1.6487212181091309,23.487776041030884
91,1.0,0.0,0.0,16,0,0,13.49061405658722,68.5,1.0,1.6487212181091309,23.639644145965576
92,1.0,0.0,0.0,16,0,0,13.466273427009583,68.25,1.0,1.6487212181091309,23.82123112678528
93,1.0,0.0,0.0,16,0,0,13.340410470962524,68.125,1.0,1.6487212181091309,24.030187129974365
94,1.0,0.0,0.0,16,0,0,13.321839094161987,72.0,1.0,1.6487212181091309,24.195645332336426
95,1.0,0.0,0.0,16,0,0,13.441730380058289,72.4375,1.0,1.6487212181091309,24.365414142608643
96,1.0,0.0,0.0,16,0,0,13.539714694023132,70.4375,1.0,1.6487212181091309,24.523560285568237
97,1.0,0.0,0.0,16,0,0,13.433852016925812,68.375,1.0,1.6487212181091309,24.684028148651123
98,1.0,0.0,0.0,16,0,0,13.358727812767029,66.8125,1.0,1.6487212181091309,24.833592176437378
99,1.0,0.0,0.0,16,0,0,13.688940584659576,71.75,1.0,1.6487212181091309,24.99359631538391
100,1.0,0.0,0.0,16,0,0,13.292881667613983,66.875,1.0,1.6487212181091309,25.19755530357361
101,1.0,0.0,0.0,16,0,0,13.336093485355377,66.625,1.0,1.6487212181091309,25.388389110565186
102,1.0,0.0,0.0,16,0,0,13.515951931476593,67.375,1.0,1.6487212181091309,25.578997135162354
103,1.0,0.0,0.0,16,0,0,13.453418850898743,67.3125,1.0,1.6487212181091309,25.760406017303467
104,1.0,0.0,0.0,16,0,0,13.380185961723328,65.875,1.0,1.6487212181091309,25.95446515083313
105,1.0,0.0,0.0,16,0,0,13.418216049671173,67.375,1.0,1.6487212181091309,26.106961250305176
106,1.0,0.0,0.0,16,0,0,13.612176179885864,75.875,1.0,1.6487212181091309,26.29400610923767
107,1.0,0.0,0.0,16,0,0,13.575758576393127,67.25,1.0,1.6487212181091309,26.47252607345581
108,1.0,0.0,0.0,16,0,0,13.48943030834198,67.875,1.0,1.6487212181091309,26.647853136062622
109,1.0,0.0,0.0,16,0,0,13.338464915752411,65.25,1.0,1.6487212181091309,26.84889030456543
110,1.0,0.0,0.0,16,0,0,13.653968513011932,67.8125,1.0,1.6487212181091309,27.023906230926514
111,1.0,0.0,0.0,16,0,0,13.676751792430878,72.3125,1.0,1.6487212181091309,27.22070622444153
112,1.0,0.0,0.0,16,0,0,13.83256310224533,75.8125,1.0,1.6487212181091309,27.405949354171753
113,1.0,0.0,0.0,16,0,0,13.29961782693863,63.25,1.0,1.6487212181091309,27.547110319137573
114,1.0,0.0,0.0,16,0,0,13.54595023393631,69.9375,1.0,1.6487212181091309,27.70465612411499
115,1.0,0.0,0.0,16,0,0,13.630245923995972,72.6875,1.0,1.6487212181091309,27.921651363372803
116,1.0,0.0,0.0,16,0,0,13.586949706077576,72.125,1.0,1.6487212181091309,28.09228539466858
117,1.0,0.0,0.0,16,0,0,13.537572801113129,69.625,1.0,1.6487212181091309,28.252967357635498
118,1.0,0.0,0.0,16,0,0,13.486772239208221,69.25,1.0,1.6487212181091309,28.409634113311768
119,1.0,0.0,0.0,16,0,0,13.41932475566864,66.4375,1.0,1.6487212181091309,28.5611891746521
120,1.0,0.0,0.0,16,0,0,13.406942129135132,68.4375,1.0,1.6487212181091309,28.714166164398193
121,1.0,0.0,0.0,16,0,0,13.26407265663147,66.0625,1.0,1.6487212181091309,28.861330270767212
122,1.0,0.0,0.0,16,0,0,13.465009450912476,68.8125,1.0,1.6487212181091309,29.018153429031372
123,1.0,0.0,0.0,16,0,0,13.498433589935303,66.25,1.0,1.6487212181091309,29.161396980285645
124,1.0,0.0,0.0,16,0,0,13.325233101844788,63.75,1.0,1.6487212181091309,29.314001321792603
125,1.0,0.0,0.0,16,0,0,13.337844610214233,70.625,1.0,1.6487212181091309,29.471168041229248
126,1.0,0.0,0.0,16,0,0,13.531533241271973,70.375,1.0,1.6487212181091309,29.63233208656311
127,1.0,0.0,0.0,16,0,0,13.650114059448242,70.8125,1.0,1.6487212181091309,29.78934335708618
128,1.0,0.0,0.0,16,0,0,13.737503111362457,67.8125,1.0,1.6487212181091309,29.93994116783142
129,1.0,0.0,0.0,16,0,0,13.580567002296448,70.1875,1.0,1.6487212181091309,30.095417261123657
130,1.0,0.0,0.0,16,0,0,13.18014657497406,62.375,1.0,1.6487212181091309,30.23613429069519
131,1.0,0.0,0.0,16,0,0,13.415035843849182,70.5,1.0,1.6487212181091309,30.39516520500183
132,1.0,0.0,0.0,16,0,0,13.346080660820007,66.5,1.0,1.6487212181091309,30.544941186904907
133,1.0,0.0,0.0,16,0,0,13.45017671585083,68.25,1.0,1.6487212181091309,30.696444272994995
134,1.0,0.0,0.0,16,0,0,13.41021877527237,63.9375,1.0,1.6487212181091309,30.834350109100342
135,1.0,0.0,0.0,16,0,0,13.544667303562164,68.75,1.0,1.6487212181091309,30.989471435546875
136,1.0,0.0,0.0,16,0,0,13.354402303695679,66.9375,1.0,1.6487212181091309,31.1426203250885
137,1.0,0.0,0.0,16,0,0,13.470441937446594,67.6875,1.0,1.6487212181091309,31.328885078430176
138,1.0,0.0,0.0,16,0,0,13.50286877155304,68.0,1.0,1.6487212181091309,31.479035139083862
139,1.0,0.0,0.0,16,0,0,13.367066979408264,65.0625,1.0,1.6487212181091309,31.621912240982056
140,1.0,0.0,0.0,16,0,0,13.299529790878296,60.5625,1.0,1.6487212181091309,31.757702350616455
141,1.0,0.0,0.0,16,0,0,13.442735075950623,68.5625,1.0,1.6487212181091309,31.91541814804077
142,1.0,0.0,0.0,16,0,0,13.40294200181961,64.8125,1.0,1.6487212181091309,32.06027317047119
143,1.0,0.0,0.0,16,0,0,13.451069474220276,64.8125,1.0,1.6487212181091309,32.209474086761475
144,1.0,0.0,0.0,16,0,0,13.550202012062073,67.625,1.0,1.6487212181091309,32.4045832157135
145,1.0,0.0,0.0,16,0,0,13.540432870388031,66.4375,1.0,1.6487212181091309,32.61379027366638
146,1.0,0.0,0.0,16,0,0,13.465173900127411,67.0625,1.0,1.6487212181091309,32.84609317779541
147,1.0,0.0,0.0,16,0,0,13.306033074855804,68.375,1.0,1.6487212181091309,33.047582387924194
148,1.0,0.0,0.0,16,0,0,13.579264879226685,67.5,1.0,1.6487212181091309,33.208245038986206
149,1.0,0.0,0.0,16,0,0,13.349282920360565,62.9375,1.0,1.6487212181091309,33.38468027114868
150,1.0,0.0,0.0,16,0,0,13.34066355228424,61.875,1.0,1.6487212181091309,33.53011417388916
151,1.0,0.0,0.0,16,0,0,13.416216611862183,68.9375,1.0,1.6487212181091309,33.752753257751465
152,1.0,0.0,0.0,16,0,0,13.609596192836761,76.5625,1.0,1.6487212181091309,33.96880531311035
153,1.0,0.0,0.0,16,0,0,13.57063114643097,69.625,1.0,1.6487212181091309,34.148054122924805
154,1.0,0.0,0.0,16,0,0,13.690288603305817,72.3125,1.0,1.6487212181091309,34.319019079208374
155,1.0,0.0,0.0,16,0,0,13.761483609676361,74.5625,1.0,1.6487212181091309,34.50136423110962
156,1.0,0.0,0.0,16,0,0,13.486405789852142,66.4375,1.0,1.6487212181091309,34.66116142272949
157,1.0,0.0,0.0,16,0,0,13.471231162548065,69.375,1.0,1.6487212181091309,34.82892918586731
158,1.0,0.0,0.0,16,0,0,13.638792514801025,74.0625,1.0,1.6487212181091309,35.00401043891907
159,1.0,0.0,0.0,16,0,0,13.599116325378418,71.625,1.0,1.6487212181091309,35.26659917831421
160,1.0,0.0,0.0,16,0,0,13.47213888168335,67.375,1.0,1.6487212181091309,35.618497133255005
161,1.0,0.0,0.0,16,0,0,13.449791729450226,67.5625,1.0,1.6487212181091309,35.79965329170227
162,1.0,0.0,0.0,16,0,0,13.280196130275726,64.75,1.0,1.6487212181091309,35.95006513595581
163,1.0,0.0,0.0,16,0,0,13.307684659957886,62.5625,1.0,1.6487212181091309,36.13507032394409
164,1.0,0.0,0.0,16,0,0,13.410779416561127,70.5,1.0,1.6487212181091309,36.31414341926575
165,1.0,0.0,0.0,16,0,0,13.335604131221771,66.875,1.0,1.6487212181091309,36.51414513587952
166,1.0,0.0,0.0,16,0,0,13.574558913707733,70.5625,1.0,1.6487212181091309,36.68225717544556
167,1.0,0.0,0.0,16,0,0,13.468121767044067,71.125,1.0,1.6487212181091309,36.840264320373535
168,1.0,0.0,0.0,16,0,0,13.515766739845276,69.25,1.0,1.6487212181091309,36.99444317817688
169,1.0,0.0,0.0,16,0,0,13.443091869354248,66.875,1.0,1.6487212181091309,37.14642310142517
170,1.0,0.0,0.0,16,0,0,13.424547374248505,64.9375,1.0,1.6487212181091309,37.29887318611145
171,1.0,0.0,0.0,16,0,0,13.345707476139069,64.8125,1.0,1.6487212181091309,37.44397830963135
172,1.0,0.0,0.0,16,0,0,13.566133916378021,69.1875,1.0,1.6487212181091309,37.60887813568115
173,1.0,0.0,0.0,16,0,0,13.439186155796051,67.1875,1.0,1.6487212181091309,37.76122236251831
174,1.0,0.0,0.0,16,0,0,13.638177394866943,70.0,1.0,1.6487212181091309,37.92003631591797
175,1.0,0.0,0.0,16,0,0,13.424975991249084,65.125,1.0,1.6487212181091309,38.07211112976074
176,1.0,0.0,0.0,16,0,0,13.435143947601318,67.3125,1.0,1.6487212181091309,38.22029519081116
177,1.0,0.0,0.0,16,0,0,13.466809272766113,67.625,1.0,1.6487212181091309,38.36861515045166
178,1.0,0.0,0.0,16,0,0,13.445348858833313,68.5625,1.0,1.6487212181091309,38.52144122123718
179,1.0,0.0,0.0,16,0,0,13.431076884269714,69.25,1.0,1.6487212181091309,38.67815613746643
180,1.0,0.0,0.0,16,0,0,13.392385303974152,67.1875,1.0,1.6487212181091309,38.827662229537964
181,1.0,0.0,0.0,16,0,0,13.609285831451416,72.4375,1.0,1.6487212181091309,38.99187612533569
182,1.0,0.0,0.0,16,0,0,13.246029376983643,64.4375,1.0,1.6487212181091309,39.18636226654053
183,1.0,0.0,0.0,16,0,0,13.397205114364624,66.4375,1.0,1.6487212181091309,39.359458208084106
184,1.0,0.0,0.0,16,0,0,13.642066359519958,70.9375,1.0,1.6487212181091309,39.564197301864624
185,1.0,0.0,0.0,16,0,0,13.58951336145401,69.0625,1.0,1.6487212181091309,39.81596326828003
186,1.0,0.0,0.0,16,0,0,13.658585667610168,69.875,1.0,1.6487212181091309,40.04832720756531
187,1.0,0.0,0.0,16,0,0,13.57503479719162,70.3125,1.0,1.6487212181091309,40.222312211990356
188,1.0,0.0,0.0,16,0,0,13.58539080619812,72.0625,1.0,1.6487212181091309,40.39209318161011
189,1.0,0.0,0.0,16,0,0,13.762163579463959,74.5,1.0,1.6487212181091309,40.627076148986816
190,1.0,0.0,0.0,16,0,0,13.620707988739014,73.125,1.0,1.6487212181091309,40.83242321014404
191,1.0,0.0,0.0,16,0,0,13.47888469696045,64.3125,1.0,1.6487212181091309,41.016043186187744
192,1.0,0.0,0.0,16,0,0,13.464009165763855,66.875,1.0,1.6487212181091309,41.20497107505798
193,1.0,0.0,0.0,16,0,0,13.568758070468903,67.375,1.0,1.6487212181091309,41.377196073532104
194,1.0,0.0,0.0,16,0,0,13.60913461446762,71.125,1.0,1.6487212181091309,41.57294321060181
195,1.0,0.0,0.0,16,0,0,13.361744821071625,68.25,1.0,1.6487212181091309,41.78071928024292
196,1.0,0.0,0.0,16,0,0,13.671738803386688,69.875,1.0,1.6487212181091309,42.03024220466614
197,1.0,0.0,0.0,16,0,0,13.337651133537292,63.8125,1.0,1.6487212181091309,42.19617938995361
198,1.0,0.0,0.0,16,0,0,13.557004868984222,71.125,1.0,1.6487212181091309,42.38169527053833
199,1.0,0.0,0.0,16,0,0,13.60844999551773,70.0625,1.0,1.6487212181091309,42.57466530799866
200,1.0,0.0,0.0,16,0,0,13.425952851772308,67.25,1.0,1.6487212181091309,42.75577926635742
201,1.0,0.0,0.0,16,0,0,13.737107574939728,67.625,1.0,1.6487212181091309,42.93285298347473
202,1.0,0.0,0.0,16,0,0,13.634874641895294,68.4375,1.0,1.6487212181091309,43.102930307388306
203,1.0,0.0,0.0,16,0,0,13.368993639945984,61.5,1.0,1.6487212181091309,43.26316022872925
204,1.0,0.0,0.0,16,0,0,13.454653799533844,65.3125,1.0,1.6487212181091309,43.43552327156067
205,1.0,0.0,0.0,16,0,0,13.44140249490738,63.6875,1.0,1.6487212181091309,43.59526228904724
206,1.0,0.0,0.0,16,0,0,13.387664079666138,65.8125,1.0,1.6487212181091309,43.768232345581055
207,1.0,0.0,0.0,16,0,0,13.480480551719666,67.1875,1.0,1.6487212181091309,44.01753544807434
208,1.0,0.0,0.0,16,0,0,13.453882455825806,65.75,1.0,1.6487212181091309,44.20176315307617
209,1.0,0.0,0.0,16,0,0,13.378957211971283,67.5,1.0,1.6487212181091309,44.362433195114136
210,1.0,0.0,0.0,16,0,0,13.435216188430786,67.125,1.0,1.6487212181091309,44.6155571937561
211,1.0,0.0,0.0,16,0,0,13.436910152435303,67.3125,1.0,1.6487212181091309,44.80534911155701
212,1.0,0.0,0.0,16,0,0,13.406483232975006,65.9375,1.0,1.6487212181091309,45.04671621322632
213,1.0,0.0,0.0,16,0,0,13.56302547454834,70.3125,1.0,1.6487212181091309,45.220574378967285
214,1.0,0.0,0.0,16,0,0,13.566756248474121,74.8125,1.0,1.6487212181091309,45.419347286224365
215,1.0,0.0,0.0,16,0,0,13.438859939575195,66.25,1.0,1.6487212181091309,45.589659214019775
216,1.0,0.0,0.0,16,0,0,13.49970817565918,68.25,1.0,1.6487212181091309,45.75970125198364
217,1.0,0.0,0.0,16,0,0,13.547487556934357,64.0,1.0,1.6487212181091309,45.91407012939453
218,1.0,0.0,0.0,16,0,0,13.218575477600098,68.0,1.0,1.6487212181091309,46.11864519119263
219,1.0,0.0,0.0,16,0,0,13.382566928863525,64.75,1.0,1.6487212181091309,46.28010010719299
220,1.0,0.0,0.0,16,0,0,13.517905294895172,70.125,1.0,1.6487212181091309,46.45241117477417
221,1.0,0.0,0.0,16,0,0,13.52044290304184,70.75,1.0,1.6487212181091309,46.62856340408325
222,1.0,0.0,0.0,16,0,0,13.624915361404419,66.8125,1.0,1.6487212181091309,46.797322273254395
223,1.0,0.0,0.0,16,0,0,13.454318225383759,65.3125,1.0,1.6487212181091309,46.95929718017578
224,1.0,0.0,0.0,16,0,0,13.605021476745605,69.875,1.0,1.6487212181091309,47.129881143569946
225,1.0,0.0,0.0,16,0,0,13.501187264919281,67.9375,1.0,1.6487212181091309,47.29425835609436
226,1.0,0.0,0.0,16,0,0,13.450896382331848,65.3125,1.0,1.6487212181091309,47.45654916763306
227,1.0,0.0,0.0,16,0,0,13.365646719932556,64.625,1.0,1.6487212181091309,47.63149619102478
228,1.0,0.0,0.0,16,0,0,13.410434067249298,65.0625,1.0,1.6487212181091309,47.78636622428894
229,1.0,0.0,0.0,16,0,0,13.325099468231201,62.25,1.0,1.6487212181091309,47.93903112411499
230,1.0,0.0,0.0,16,0,0,13.337258100509644,66.75,1.0,1.6487212181091309,48.09799337387085
231,1.0,0.0,0.0,16,0,0,13.446551859378815,67.5,1.0,1.6487212181091309,48.269113302230835
232,1.0,0.0,0.0,16,0,0,13.602523744106293,70.75,1.0,1.6487212181091309,48.45271444320679
233,1.0,0.0,0.0,16,0,0,13.336705207824707,63.4375,1.0,1.6487212181091309,48.61829400062561
234,1.0,0.0,0.0,16,0,0,13.460544228553772,67.375,1.0,1.6487212181091309,48.79611325263977
235,1.0,0.0,0.0,16,0,0,13.31306129693985,65.5625,1.0,1.6487212181091309,48.9595673084259
236,1.0,0.0,0.0,16,0,0,13.492292284965515,66.75,1.0,1.6487212181091309,49.12848424911499
237,1.0,0.0,0.0,16,0,0,13.4601571559906,69.0,1.0,1.6487212181091309,49.307451248168945
238,1.0,0.0,0.0,16,0,0,13.406753480434418,70.0,1.0,1.6487212181091309,49.48254632949829
239,1.0,0.0,0.0,16,0,0,13.430775940418243,67.375,1.0,1.6487212181091309,49.643840074539185
240,1.0,0.0,0.0,16,0,0,13.364976346492767,62.125,1.0,1.6487212181091309,49.836865186691284
241,1.0,0.0,0.0,16,0,0,13.438270092010498,68.875,1.0,1.6487212181091309,50.01079821586609
242,1.0,0.0,0.0,16,0,0,13.34581571817398,68.3125,1.0,1.6487212181091309,50.18452525138855
243,1.0,0.0,0.0,16,0,0,13.422499656677246,68.125,1.0,1.6487212181091309,50.36298322677612
244,1.0,0.0,0.0,16,0,0,13.70531815290451,68.8125,1.0,1.6487212181091309,50.52980017662048
245,1.0,0.0,0.0,16,0,0,13.81959867477417,74.375,1.0,1.6487212181091309,50.70866513252258
246,1.0,0.0,0.0,16,0,0,13.49913203716278,66.25,1.0,1.6487212181091309,50.88889122009277
247,1.0,0.0,0.0,16,0,0,13.435132265090942,63.3125,1.0,1.6487212181091309,51.093914270401
248,1.0,0.0,0.0,16,0,0,13.388605117797852,67.75,1.0,1.6487212181091309,51.29621720314026
249,1.0,0.0,0.0,16,0,0,13.450096786022186,71.6875,1.0,1.6487212181091309,51.51057410240173
250,1.0,0.0,0.0,16,0,0,13.422764718532562,66.875,1.0,1.6487212181091309,51.6994252204895
251,1.0,0.0,0.0,16,0,0,13.412420332431793,68.25,1.0,1.6487212181091309,51.889671325683594
252,1.0,0.0,0.0,16,0,0,13.497358858585358,66.6875,1.0,1.6487212181091309,52.0877890586853
253,1.0,0.0,0.0,16,0,0,13.531188488006592,67.0,1.0,1.6487212181091309,52.29987835884094
254,1.0,0.0,0.0,16,0,0,13.502042531967163,65.75,1.0,1.6487212181091309,52.509358167648315
255,1.0,0.0,0.0,16,0,0,13.685895442962646,71.875,1.0,1.6487212181091309,52.7035493850708
256,1.0,0.0,0.0,16,0,0,13.540808081626892,68.625,1.0,1.6487212181091309,52.8823983669281
257,1.0,0.0,0.0,16,0,0,13.271252751350403,60.375,1.0,1.6487212181091309,53.063995122909546
258,1.0,0.0,0.0,16,0,0,13.367124795913696,64.0625,1.0,1.6487212181091309,53.258050203323364
259,1.0,0.0,0.0,16,0,0,13.418125629425049,68.9375,1.0,1.6487212181091309,53.4511833190918
260,1.0,0.0,0.0,16,0,0,13.3509960770607,66.375,1.0,1.6487212181091309,53.621246337890625
261,1.0,0.0,0.0,16,0,0,13.455585718154907,65.125,1.0,1.6487212181091309,53.786951303482056
262,1.0,0.0,0.0,16,0,0,13.447388768196106,67.25,1.0,1.6487212181091309,53.94862127304077
263,1.0,0.0,0.0,16,0,0,13.702630341053009,70.25,1.0,1.6487212181091309,54.12324142456055
264,1.0,0.0,0.0,16,0,0,13.452453076839447,66.4375,1.0,1.6487212181091309,54.28197503089905
265,1.0,0.0,0.0,16,0,0,13.472354590892792,70.4375,1.0,1.6487212181091309,54.47048020362854
266,1.0,0.0,0.0,16,0,0,13.52205902338028,67.6875,1.0,1.6487212181091309,54.6667001247406
267,1.0,0.0,0.0,16,0,0,13.655966997146606,71.1875,1.0,1.6487212181091309,54.851381063461304
268,1.0,0.0,0.0,16,0,0,13.579762041568756,67.125,1.0,1.6487212181091309,55.01703929901123
269,1.0,0.0,0.0,16,0,0,13.518858790397644,69.9375,1.0,1.6487212181091309,55.18907117843628
270,1.0,0.0,0.0,16,0,0,13.681532204151154,70.25,1.0,1.6487212181091309,55.363786458969116
271,1.0,0.0,0.0,16,0,0,13.550991654396057,69.8125,1.0,1.6487212181091309,55.53378415107727
272,1.0,0.0,0.0,16,0,0,13.557359993457794,66.75,1.0,1.6487212181091309,55.7021062374115
273,1.0,0.0,0.0,16,0,0,13.421096622943878,65.8125,1.0,1.6487212181091309,55.86788606643677
274,1.0,0.0,0.0,16,0,0,13.257868885993958,61.3125,1.0,1.6487212181091309,56.023635387420654
275,1.0,0.0,0.0,16,0,0,13.389392733573914,66.3125,1.0,1.6487212181091309,56.20121431350708
276,1.0,0.0,0.0,16,0,0,13.474794864654541,67.5,1.0,1.6487212181091309,56.35594916343689
277,1.0,0.0,0.0,16,0,0,13.351893961429596,64.6875,1.0,1.6487212181091309,56.523834228515625
278,1.0,0.0,0.0,16,0,0,13.56221628189087,67.0,1.0,1.6487212181091309,56.73614525794983
279,1.0,0.0,0.0,16,0,0,13.598571360111237,72.625,1.0,1.6487212181091309,56.9169180393219
280,1.0,0.0,0.0,16,0,0,13.496175527572632,67.5625,1.0,1.6487212181091309,57.07774519920349
281,1.0,0.0,0.0,16,0,0,13.391632914543152,66.4375,1.0,1.6487212181091309,57.240174293518066
282,1.0,0.0,0.0,16,0,0,13.32499086856842,66.375,1.0,1.6487212181091309,57.40561103820801
283,1.0,0.0,0.0,16,0,0,13.364385843276978,66.875,1.0,1.6487212181091309,57.56996726989746
284,1.0,0.0,0.0,16,0,0,13.499407052993774,69.6875,1.0,1.6487212181091309,57.74055337905884
285,1.0,0.0,0.0,16,0,0,13.28050696849823,60.375,1.0,1.6487212181091309,57.939237117767334
286,1.0,0.0,0.0,16,0,0,13.290486514568329,65.375,1.0,1.6487212181091309,58.14667010307312
287,1.0,0.0,0.0,16,0,0,13.605150997638702,66.125,1.0,1.6487212181091309,58.383310079574585
288,1.0,0.0,0.0,16,0,0,13.57876867055893,69.4375,1.0,1.6487212181091309,58.60153603553772
289,1.0,0.0,0.0,16,0,0,13.511845886707306,66.625,1.0,1.6487212181091309,58.824116230010986
290,1.0,0.0,0.0,16,0,0,13.448729574680328,66.4375,1.0,1.6487212181091309,59.04875636100769
291,1.0,0.0,0.0,16,0,0,13.468261241912842,67.75,1.0,1.6487212181091309,59.249608278274536
292,1.0,0.0,0.0,16,0,0,13.52046138048172,67.9375,1.0,1.6487212181091309,59.41744422912598
293,1.0,0.0,0.0,16,0,0,13.301003575325012,63.125,1.0,1.6487212181091309,59.57224130630493
294,1.0,0.0,0.0,16,0,0,13.481104075908661,67.9375,1.0,1.6487212181091309,59.76690101623535
295,1.0,0.0,0.0,16,0,0,13.561503410339355,69.0,1.0,1.6487212181091309,59.929174184799194
296,1.0,0.0,0.0,16,0,0,13.39482855796814,65.25,1.0,1.6487212181091309,60.09540128707886
297,1.0,0.0,0.0,16,0,0,13.572553813457489,68.3125,1.0,1.6487212181091309,60.26266121864319
298,1.0,0.0,0.0,16,0,0,13.628794431686401,68.8125,1.0,1.6487212181091309,60.43170928955078
299,1.0,0.0,0.0,16,0,0,13.495390951633453,67.9375,1.0,1.6487212181091309,60.60410714149475
300,1.0,0.0,0.0,16,0,0,13.526742219924927,67.1875,1.0,1.6487212181091309,60.76925730705261
301,1.0,0.0,0.0,16,0,0,13.469481587409973,66.9375,1.0,1.6487212181091309,60.96581721305847
302,1.0,0.0,0.0,16,0,0,13.393211483955383,65.375,1.0,1.6487212181091309,61.118370056152344
303,1.0,0.0,0.0,16,0,0,13.660590469837189,71.8125,1.0,1.6487212181091309,61.28317618370056
304,1.0,0.0,0.0,16,0,0,13.378866732120514,67.375,1.0,1.6487212181091309,61.43495321273804
305,1.0,0.0,0.0,16,0,0,13.598415553569794,71.875,1.0,1.6487212181091309,61.61030912399292
306,1.0,0.0,0.0,16,0,0,13.594686388969421,68.5625,1.0,1.6487212181091309,61.805522203445435
307,1.0,0.0,0.0,16,0,0,13.42076826095581,68.75,1.0,1.6487212181091309,61.96121430397034
308,1.0,0.0,0.0,16,0,0,13.510375916957855,65.875,1.0,1.6487212181091309,62.11857032775879
309,1.0,0.0,0.0,16,0,0,13.706559479236603,67.0625,1.0,1.6487212181091309,62.26460814476013
310,1.0,0.0,0.0,16,0,0,13.282987177371979,69.875,1.0,1.6487212181091309,62.42647624015808
311,1.0,0.0,0.0,16,0,0,13.448339343070984,61.5625,1.0,1.6487212181091309,62.58623003959656
312,1.0,0.0,0.0,16,0,0,13.348972916603088,62.75,1.0,1.6487212181091309,62.739622354507446
313,1.0,0.0,0.0,16,0,0,13.462249875068665,69.0625,1.0,1.6487212181091309,62.906607151031494
314,1.0,0.0,0.0,16,0,0,13.39219331741333,66.75,1.0,1.6487212181091309,63.08083415031433
315,1.0,0.0,0.0,16,0,0,13.41473925113678,65.625,1.0,1.6487212181091309,63.239872217178345
316,1.0,0.0,0.0,16,0,0,13.311743974685669,63.4375,1.0,1.6487212181091309,63.385781049728394
317,1.0,0.0,0.0,16,0,0,13.494437217712402,72.0,1.0,1.6487212181091309,63.573989152908325
318,1.0,0.0,0.0,16,0,0,13.566962122917175,66.25,1.0,1.6487212181091309,63.75198721885681
319,1.0,0.0,0.0,16,0,0,13.420092344284058,66.25,1.0,1.6487212181091309,63.90448617935181
320,1.0,0.0,0.0,16,0,0,13.321385860443115,63.9375,1.0,1.6487212181091309,64.04523921012878
321,1.0,0.0,0.0,16,0,0,13.36652958393097,66.0625,1.0,1.6487212181091309,64.20291829109192
322,1.0,0.0,0.0,16,0,0,13.477492928504944,66.0,1.0,1.6487212181091309,64.37063241004944
323,1.0,0.0,0.0,16,0,0,13.59497618675232,65.5,1.0,1.6487212181091309,64.5214102268219
324,1.0,0.0,0.0,16,0,0,13.486633539199829,65.8125,1.0,1.6487212181091309,64.67552828788757
325,1.0,0.0,0.0,16,0,0,13.28474336862564,62.875,1.0,1.6487212181091309,64.81834721565247
326,1.0,0.0,0.0,16,0,0,13.553063213825226,70.8125,1.0,1.6487212181091309,64.98784828186035
327,1.0,0.0,0.0,16,0,0,13.27580863237381,63.25,1.0,1.6487212181091309,65.14569616317749
328,1.0,0.0,0.0,16,0,0,13.392881631851196,63.875,1.0,1.6487212181091309,65.2905490398407
329,1.0,0.0,0.0,16,0,0,13.599362552165985,73.3125,1.0,1.6487212181091309,65.45479321479797
330,1.0,0.0,0.0,16,0,0,13.37535274028778,67.8125,1.0,1.6487212181091309,65.60456919670105
331,1.0,0.0,0.0,16,0,0,13.414239585399628,63.9375,1.0,1.6487212181091309,65.74701118469238
332,1.0,0.0,0.0,16,0,0,13.427205324172974,66.75,1.0,1.6487212181091309,65.90517926216125
333,1.0,0.0,0.0,16,0,0,13.197304785251617,65.0,1.0,1.6487212181091309,66.06160736083984
334,1.0,0.0,0.0,16,0,0,13.303760468959808,62.25,1.0,1.6487212181091309,66.20823431015015
335,1.0,0.0,0.0,16,0,0,13.461677551269531,65.8125,1.0,1.6487212181091309,66.35622715950012
336,1.0,0.0,0.0,16,0,0,13.341117978096008,64.5,1.0,1.6487212181091309,66.50903129577637
337,1.0,0.0,0.0,16,0,0,13.337848007678986,64.1875,1.0,1.6487212181091309,66.66351413726807
338,1.0,0.0,0.0,16,0,0,13.019149899482727,60.5625,1.0,1.6487212181091309,66.80508637428284
339,1.0,0.0,0.0,16,0,0,13.623281598091125,69.8125,1.0,1.6487212181091309,66.97280836105347
340,1.0,0.0,0.0,16,0,0,13.513000965118408,67.0625,1.0,1.6487212181091309,67.15111422538757
341,1.0,0.0,0.0,16,0,0,13.36846786737442,66.625,1.0,1.6487212181091309,67.31963634490967
342,1.0,0.0,0.0,16,0,0,13.361470520496368,63.5,1.0,1.6487212181091309,67.47127032279968
343,1.0,0.0,0.0,16,0,0,13.57139277458191,71.9375,1.0,1.6487212181091309,67.64477515220642
344,1.0,0.0,0.0,16,0,0,13.473567426204681,67.9375,1.0,1.6487212181091309,67.80461835861206
345,1.0,0.0,0.0,16,0,0,13.35275810956955,63.75,1.0,1.6487212181091309,67.94933915138245
346,1.0,0.0,0.0,16,0,0,13.357952117919922,64.25,1.0,1.6487212181091309,68.10098218917847
347,1.0,0.0,0.0,16,0,0,13.451833307743073,65.8125,1.0,1.6487212181091309,68.25547623634338
348,1.0,0.0,0.0,16,0,0,13.433718264102936,67.1875,1.0,1.6487212181091309,68.42543005943298
349,1.0,0.0,0.0,16,0,0,13.593507051467896,70.9375,1.0,1.6487212181091309,68.68543720245361
350,1.0,0.0,0.0,16,0,0,13.645832777023315,65.625,1.0,1.6487212181091309,68.87985420227051
351,1.0,0.0,0.0,16,0,0,13.493004024028778,68.3125,1.0,1.6487212181091309,69.05456829071045
352,1.0,0.0,0.0,16,0,0,13.749920904636383,70.6875,1.0,1.6487212181091309,69.26919507980347
353,1.0,0.0,0.0,16,0,0,13.565395653247833,66.625,1.0,1.6487212181091309,69.44121217727661
354,1.0,0.0,0.0,16,0,0,13.495153665542603,67.0,1.0,1.6487212181091309,69.61085319519043
355,1.0,0.0,0.0,16,0,0,13.340037286281586,62.25,1.0,1.6487212181091309,69.76375341415405
356,1.0,0.0,0.0,16,0,0,13.578961789608002,69.9375,1.0,1.6487212181091309,69.94004034996033
357,1.0,0.0,0.0,16,0,0,13.439040184020996,69.8125,1.0,1.6487212181091309,70.09944915771484
358,1.0,0.0,0.0,16,0,0,13.305846214294434,65.9375,1.0,1.6487212181091309,70.25459218025208
359,1.0,0.0,0.0,16,0,0,13.66933286190033,68.9375,1.0,1.6487212181091309,70.41178321838379
360,1.0,0.0,0.0,16,0,0,13.327789783477783,68.75,1.0,1.6487212181091309,70.571786403656
361,1.0,0.0,0.0,16,0,0,13.335349142551422,67.25,1.0,1.6487212181091309,70.72424602508545
362,1.0,0.0,0.0,16,0,0,13.45400458574295,66.0625,1.0,1.6487212181091309,70.89241814613342
363,1.0,0.0,0.0,16,0,0,13.334246277809143,66.9375,1.0,1.6487212181091309,71.05500221252441
364,1.0,0.0,0.0,16,0,0,13.530380010604858,68.625,1.0,1.6487212181091309,71.22331118583679
365,1.0,0.0,0.0,16,0,0,13.391744077205658,67.4375,1.0,1.6487212181091309,71.4074342250824
366,1.0,0.0,0.0,16,0,0,13.499252200126648,69.1875,1.0,1.6487212181091309,71.5811083316803
367,1.0,0.0,0.0,16,0,0,13.403933644294739,67.0,1.0,1.6487212181091309,71.74069714546204
368,1.0,0.0,0.0,16,0,0,13.274736881256104,62.8125,1.0,1.6487212181091309,71.89386439323425
369,1.0,0.0,0.0,16,0,0,13.26518052816391,62.875,1.0,1.6487212181091309,72.03772640228271
370,1.0,0.0,0.0,16,0,0,13.458588063716888,69.3125,1.0,1.6487212181091309,72.19478821754456
371,1.0,0.0,0.0,16,0,0,13.615742981433868,70.875,1.0,1.6487212181091309,72.3609390258789
372,1.0,0.0,0.0,16,0,0,13.734984517097473,70.1875,1.0,1.6487212181091309,72.52093124389648
373,1.0,0.0,0.0,16,0,0,13.431115746498108,64.0625,1.0,1.6487212181091309,72.67552828788757
374,1.0,0.0,0.0,16,0,0,13.637894988059998,65.4375,1.0,1.6487212181091309,72.83077812194824
375,1.0,0.0,0.0,16,0,0,13.56418490409851,69.3125,1.0,1.6487212181091309,72.987633228302
376,1.0,0.0,0.0,16,0,0,13.549038767814636,70.3125,1.0,1.6487212181091309,73.14130306243896
377,1.0,0.0,0.0,16,0,0,13.671162903308868,68.375,1.0,1.6487212181091309,73.30711340904236
378,1.0,0.0,0.0,16,0,0,13.415410697460175,67.5,1.0,1.6487212181091309,73.47525238990784
379,1.0,0.0,0.0,16,0,0,13.421595752239227,65.5,1.0,1.6487212181091309,73.64217805862427
380,1.0,0.0,0.0,16,0,0,13.474209547042847,66.6875,1.0,1.6487212181091309,73.80580830574036
381,1.0,0.0,0.0,16,0,0,13.270372211933136,58.5,1.0,1.6487212181091309,73.95146822929382
382,1.0,0.0,0.0,16,0,0,13.349385142326355,61.0,1.0,1.6487212181091309,74.09903311729431
383,1.0,0.0,0.0,16,0,0,13.3918137550354,65.4375,1.0,1.6487212181091309,74.26815938949585
384,1.0,0.0,0.0,16,0,0,13.54125314950943,69.875,1.0,1.6487212181091309,74.43776416778564
385,1.0,0.0,0.0,16,0,0,13.477739691734314,67.875,1.0,1.6487212181091309,74.59884738922119
386,1.0,0.0,0.0,16,0,0,13.38183081150055,68.4375,1.0,1.6487212181091309,74.76378226280212
387,1.0,0.0,0.0,16,0,0,13.544748306274414,67.1875,1.0,1.6487212181091309,74.9502272605896
388,1.0,0.0,0.0,16,0,0,13.406049907207489,68.9375,1.0,1.6487212181091309,75.13118839263916
389,1.0,0.0,0.0,16,0,0,13.498076975345612,65.5625,1.0,1.6487212181091309,75.29816436767578
390,1.0,0.0,0.0,16,0,0,13.376728773117065,68.9375,1.0,1.6487212181091309,75.49741005897522
391,1.0,0.0,0.0,16,0,0,13.515019237995148,64.625,1.0,1.6487212181091309,75.64615321159363
392,1.0,0.0,0.0,16,0,0,13.36879849433899,62.625,1.0,1.6487212181091309,75.79459023475647
393,1.0,0.0,0.0,16,0,0,13.559754729270935,70.625,1.0,1.6487212181091309,75.96079111099243
394,1.0,0.0,0.0,16,0,0,13.433783888816833,66.1875,1.0,1.6487212181091309,76.11712408065796
395,1.0,0.0,0.0,16,0,0,13.50265520811081,65.8125,1.0,1.6487212181091309,76.26473236083984
396,1.0,0.0,0.0,16,0,0,13.58351445198059,68.375,1.0,1.6487212181091309,76.419673204422
397,1.0,0.0,0.0,16,0,0,13.326958179473877,60.75,1.0,1.6487212181091309,76.56683707237244
398,1.0,0.0,0.0,16,0,0,13.524358570575714,66.375,1.0,1.6487212181091309,76.71332812309265
399,1.0,0.0,0.0,16,0,0,13.434772253036499,68.125,1.0,1.6487212181091309,76.86704206466675
400,1.0,0.0,0.0,16,0,0,13.592951118946075,70.125,1.0,1.6487212181091309,77.02596521377563
401,1.0,0.0,0.0,16,0,0,13.406601428985596,67.375,1.0,1.6487212181091309,77.18008232116699
402,1.0,0.0,0.0,16,0,0,13.46407437324524,65.75,1.0,1.6487212181091309,77.32407522201538
403,1.0,0.0,0.0,16,0,0,13.44564801454544,67.4375,1.0,1.6487212181091309,77.48516321182251
404,1.0,0.0,0.0,16,0,0,13.39642995595932,67.8125,1.0,1.6487212181091309,77.64553332328796
405,1.0,0.0,0.0,16,0,0,13.576243877410889,66.6875,1.0,1.6487212181091309,77.7935721874237
406,1.0,0.0,0.0,16,0,0,13.434492588043213,65.9375,1.0,1.6487212181091309,77.9552001953125
407,1.0,0.0,0.0,16,0,0,13.49805372953415,66.0625,1.0,1.6487212181091309,78.10251641273499
408,1.0,0.0,0.0,16,0,0,13.306586623191833,64.6875,1.0,1.6487212181091309,78.24840331077576
409,1.0,0.0,0.0,16,0,0,13.39336746931076,66.5625,1.0,1.6487212181091309,78.39575815200806
410,1.0,0.0,0.0,16,0,0,13.279095828533173,63.625,1.0,1.6487212181091309,78.54458522796631
411,1.0,0.0,0.0,16,0,0,13.413056075572968,65.5,1.0,1.6487212181091309,78.69904518127441
412,1.0,0.0,0.0,16,0,0,13.433832466602325,63.625,1.0,1.6487212181091309,78.85323214530945
413,1.0,0.0,0.0,16,0,0,13.539646923542023,71.0,1.0,1.6487212181091309,79.01533627510071
414,1.0,0.0,0.0,16,0,0,13.616671979427338,69.0,1.0,1.6487212181091309,79.19005012512207
415,1.0,0.0,0.0,16,0,0,13.569474339485168,70.25,1.0,1.6487212181091309,79.35472321510315
416,1.0,0.0,0.0,16,0,0,13.338314652442932,63.9375,1.0,1.6487212181091309,79.49596619606018
417,1.0,0.0,0.0,16,0,0,13.585110366344452,69.125,1.0,1.6487212181091309,79.68430829048157
418,1.0,0.0,0.0,16,0,0,13.427541255950928,70.0,1.0,1.6487212181091309,79.85384821891785
419,1.0,0.0,0.0,16,0,0,13.552301287651062,70.0625,1.0,1.6487212181091309,80.03010034561157
420,1.0,0.0,0.0,16,0,0,13.477626979351044,63.75,1.0,1.6487212181091309,80.18541431427002
421,1.0,0.0,0.0,16,0,0,13.32679009437561,66.5625,1.0,1.6487212181091309,80.34754133224487
422,1.0,0.0,0.0,16,0,0,13.418920576572418,68.375,1.0,1.6487212181091309,80.52139329910278
423,1.0,0.0,0.0,16,0,0,13.544505655765533,67.0,1.0,1.6487212181091309,80.68617820739746
424,1.0,0.0,0.0,16,0,0,13.490610599517822,66.75,1.0,1.6487212181091309,80.84368634223938
425,1.0,0.0,0.0,16,0,0,13.376947402954102,66.125,1.0,1.6487212181091309,80.99826836585999
426,1.0,0.0,0.0,16,0,0,13.488381922245026,67.625,1.0,1.6487212181091309,81.1683943271637
427,1.0,0.0,0.0,16,0,0,13.498491525650024,70.0625,1.0,1.6487212181091309,81.34312725067139
428,1.0,0.0,0.0,16,0,0,13.400406956672668,62.0625,1.0,1.6487212181091309,81.49662113189697
429,1.0,0.0,0.0,16,0,0,13.571358859539032,69.1875,1.0,1.6487212181091309,81.66636800765991
430,1.0,0.0,0.0,16,0,0,13.398063361644745,62.8125,1.0,1.6487212181091309,81.83217120170593
431,1.0,0.0,0.0,16,0,0,13.28217226266861,63.8125,1.0,1.6487212181091309,81.99790525436401
432,1.0,0.0,0.0,16,0,0,13.575547397136688,70.8125,1.0,1.6487212181091309,82.16744542121887
433,1.0,0.0,0.0,16,0,0,13.346012949943542,65.6875,1.0,1.6487212181091309,82.32656621932983
434,1.0,0.0,0.0,16,0,0,13.541542291641235,72.4375,1.0,1.6487212181091309,82.49676537513733
435,1.0,0.0,0.0,16,0,0,13.407894492149353,66.8125,1.0,1.6487212181091309,82.65353441238403
436,1.0,0.0,0.0,16,0,0,13.416160643100739,64.9375,1.0,1.6487212181091309,82.84423422813416
437,1.0,0.0,0.0,16,0,0,13.366949141025543,67.8125,1.0,1.6487212181091309,83.06371831893921
438,1.0,0.0,0.0,16,0,0,13.529119729995728,70.9375,1.0,1.6487212181091309,83.26063513755798
439,1.0,0.0,0.0,16,0,0,13.532349467277527,68.25,1.0,1.6487212181091309,83.43879914283752
440,1.0,0.0,0.0,16,0,0,13.503381371498108,66.4375,1.0,1.6487212181091309,83.60727715492249
441,1.0,0.0,0.0,16,0,0,13.372355699539185,67.75,1.0,1.6487212181091309,83.76128840446472
442,1.0,0.0,0.0,16,0,0,13.53666067123413,70.875,1.0,1.6487212181091309,83.93563437461853
443,1.0,0.0,0.0,16,0,0,13.464682340621948,69.25,1.0,1.6487212181091309,84.09880328178406
444,1.0,0.0,0.0,16,0,0,13.536268770694733,66.75,1.0,1.6487212181091309,84.24616432189941
445,1.0,0.0,0.0,16,0,0,13.514258027076721,66.6875,1.0,1.6487212181091309,84.39892244338989
446,1.0,0.0,0.0,16,0,0,13.434945821762085,66.8125,1.0,1.6487212181091309,84.55172419548035
447,1.0,0.0,0.0,16,0,0,13.451566576957703,66.9375,1.0,1.6487212181091309,84.72379326820374
448,1.0,0.0,0.0,16,0,0,13.777840673923492,69.3125,1.0,1.6487212181091309,84.884042263031
449,1.0,0.0,0.0,16,0,0,13.492517054080963,67.5,1.0,1.6487212181091309,85.04369115829468
450,1.0,0.0,0.0,16,0,0,13.42927199602127,65.0,1.0,1.6487212181091309,85.19127440452576
451,1.0,0.0,0.0,16,0,0,13.47515493631363,66.8125,1.0,1.6487212181091309,85.34756231307983
452,1.0,0.0,0.0,16,0,0,13.45713722705841,65.125,1.0,1.6487212181091309,85.49573826789856
453,1.0,0.0,0.0,16,0,0,13.410554468631744,66.0625,1.0,1.6487212181091309,85.64472126960754
454,1.0,0.0,0.0,16,0,0,13.345597684383392,64.0,1.0,1.6487212181091309,85.78220820426941
455,1.0,0.0,0.0,16,0,0,13.365179538726807,66.5625,1.0,1.6487212181091309,85.98132419586182
456,1.0,0.0,0.0,16,0,0,13.24734628200531,64.3125,1.0,1.6487212181091309,86.15557718276978
457,1.0,0.0,0.0,16,0,0,13.522097408771515,71.625,1.0,1.6487212181091309,86.3258900642395
458,1.0,0.0,0.0,16,0,0,13.416150987148285,67.0625,1.0,1.6487212181091309,86.49492621421814
459,1.0,0.0,0.0,16,0,0,13.338182389736176,67.625,1.0,1.6487212181091309,86.67062401771545
460,1.0,0.0,0.0,16,0,0,13.285028159618378,63.0625,1.0,1.6487212181091309,86.81299209594727
461,1.0,0.0,0.0,16,0,0,13.294432044029236,60.4375,1.0,1.6487212181091309,86.94544100761414
462,1.0,0.0,0.0,16,0,0,13.390644431114197,66.0625,1.0,1.6487212181091309,87.09925723075867
463,1.0,0.0,0.0,16,0,0,13.361195981502533,61.125,1.0,1.6487212181091309,87.26040434837341
464,1.0,0.0,0.0,16,0,0,13.457089066505432,68.625,1.0,1.6487212181091309,87.42815923690796
465,1.0,0.0,0.0,16,0,0,13.291231870651245,63.9375,1.0,1.6487212181091309,87.57991337776184
466,1.0,0.0,0.0,16,0,0,13.855720937252045,71.125,1.0,1.6487212181091309,87.7715072631836
467,1.0,0.0,0.0,16,0,0,13.568649768829346,66.5625,1.0,1.6487212181091309,87.9295392036438
468,1.0,0.0,0.0,16,0,0,13.619180023670197,69.1875,1.0,1.6487212181091309,88.09789323806763
469,1.0,0.0,0.0,16,0,0,13.515512943267822,63.1875,1.0,1.6487212181091309,88.2532422542572
470,1.0,0.0,0.0,16,0,0,13.464631915092468,66.0,1.0,1.6487212181091309,88.41666030883789
471,1.0,0.0,0.0,16,0,0,13.774103283882141,75.125,1.0,1.6487212181091309,88.62424325942993
472,1.0,0.0,0.0,16,0,0,13.399495303630829,66.3125,1.0,1.6487212181091309,88.79450917243958
473,1.0,0.0,0.0,16,0,0,13.372359931468964,64.25,1.0,1.6487212181091309,89.00891518592834
474,1.0,0.0,0.0,16,0,0,13.411423861980438,65.875,1.0,1.6487212181091309,89.21682715415955
475,1.0,0.0,0.0,16,0,0,13.508999764919281,64.5,1.0,1.6487212181091309,89.4035713672638
476,1.0,0.0,0.0,16,0,0,13.207548916339874,60.5,1.0,1.6487212181091309,89.58351635932922
477,1.0,0.0,0.0,16,0,0,13.410988867282867,67.6875,1.0,1.6487212181091309,89.74711441993713
478,1.0,0.0,0.0,16,0,0,13.447745978832245,67.4375,1.0,1.6487212181091309,90.01240134239197
479,1.0,0.0,0.0,16,0,0,13.380527138710022,67.0,1.0,1.6487212181091309,90.32937431335449
480,1.0,0.0,0.0,16,0,0,13.403615653514862,64.3125,1.0,1.6487212181091309,90.51379203796387
481,1.0,0.0,0.0,16,0,0,13.500951051712036,69.4375,1.0,1.6487212181091309,90.70845317840576
482,1.0,0.0,0.0,16,0,0,13.428635895252228,66.625,1.0,1.6487212181091309,90.88117718696594
483,1.0,0.0,0.0,16,0,0,13.567249059677124,68.9375,1.0,1.6487212181091309,91.07019925117493
484,1.0,0.0,0.0,16,0,0,13.537455797195435,66.375,1.0,1.6487212181091309,91.235600233078
485,1.0,0.0,0.0,16,0,0,13.410957634449005,64.1875,1.0,1.6487212181091309,91.39516806602478
486,1.0,0.0,0.0,16,0,0,13.350294709205627,66.875,1.0,1.6487212181091309,91.55621123313904
487,1.0,0.0,0.0,16,0,0,13.440591633319855,67.6875,1.0,1.6487212181091309,91.73662638664246
488,1.0,0.0,0.0,16,0,0,13.450219750404358,63.0,1.0,1.6487212181091309,91.96128010749817
489,1.0,0.0,0.0,16,0,0,13.510201156139374,69.0625,1.0,1.6487212181091309,92.17345309257507
490,1.0,0.0,0.0,16,0,0,13.324622631072998,64.625,1.0,1.6487212181091309,92.38653111457825
491,1.0,0.0,0.0,16,0,0,13.59322190284729,68.0,1.0,1.6487212181091309,92.5448350906372
492,1.0,0.0,0.0,16,0,0,13.657957911491394,74.375,1.0,1.6487212181091309,92.72748637199402
493,1.0,0.0,0.0,16,0,0,13.415640830993652,73.3125,1.0,1.6487212181091309,92.89709520339966
494,1.0,0.0,0.0,16,0,0,13.57539278268814,69.4375,1.0,1.6487212181091309,93.07834029197693
495,1.0,0.0,0.0,16,0,0,13.474667727947235,66.625,1.0,1.6487212181091309,93.2430510520935
496,1.0,0.0,0.0,16,0,0,13.356810569763184,65.5,1.0,1.6487212181091309,93.40523028373718
497,1.0,0.0,0.0,16,0,0,13.594509780406952,70.3125,1.0,1.6487212181091309,93.56905221939087
498,1.0,0.0,0.0,16,0,0,13.293017446994781,62.875,1.0,1.6487212181091309,93.71703028678894
499,1.0,0.0,0.0,16,0,0,13.3503737449646,65.5,1.0,1.6487212181091309,93.87091517448425
500,1.0,0.0,0.0,16,0,0,13.346210420131683,64.8125,1.0,1.6487212181091309,94.03270626068115
501,1.0,0.0,0.0,16,0,0,13.479780912399292,71.1875,1.0,1.6487212181091309,94.19789123535156
502,1.0,0.0,0.0,16,0,0,13.318553805351257,62.6875,1.0,1.6487212181091309,94.3583631515503
503,1.0,0.0,0.0,16,0,0,13.304556012153625,64.5,1.0,1.6487212181091309,94.50451302528381
504,1.0,0.0,0.0,16,0,0,13.395173132419586,65.8125,1.0,1.6487212181091309,94.6489052772522
505,1.0,0.0,0.0,16,0,0,13.368090271949768,64.9375,1.0,1.6487212181091309,94.79704928398132
506,1.0,0.0,0.0,16,0,0,13.33975487947464,65.375,1.0,1.6487212181091309,94.94429636001587
507,1.0,0.0,0.0,16,0,0,13.160595893859863,61.6875,1.0,1.6487212181091309,95.08328127861023
508,1.0,0.0,0.0,16,0,0,13.442676901817322,65.5625,1.0,1.6487212181091309,95.23606324195862
509,1.0,0.0,0.0,16,0,0,13.467296123504639,67.0625,1.0,1.6487212181091309,95.38718318939209
510,1.0,0.0,0.0,16,0,0,13.347636878490448,63.5,1.0,1.6487212181091309,95.53261423110962
511,1.0,0.0,0.0,16,0,0,13.333547353744507,62.4375,1.0,1.6487212181091309,95.67027306556702
512,1.0,0.0,0.0,16,0,0,13.356545448303223,65.1875,1.0,1.6487212181091309,95.81967735290527
513,1.0,0.0,0.0,16,0,0,13.593075692653656,67.9375,1.0,1.6487212181091309,95.96878719329834
514,1.0,0.0,0.0,16,0,0,13.651791751384735,70.8125,1.0,1.6487212181091309,96.13268423080444
515,1.0,0.0,0.0,16,0,0,13.513918399810791,67.9375,1.0,1.6487212181091309,96.2850890159607
516,1.0,0.0,0.0,16,0,0,13.456329584121704,68.1875,1.0,1.6487212181091309,96.4449851512909
517,1.0,0.0,0.0,16,0,0,13.439719140529633,68.6875,1.0,1.6487212181091309,96.60077619552612
518,1.0,0.0,0.0,16,0,0,13.258451640605927,66.375,1.0,1.6487212181091309,96.75213313102722
519,1.0,0.0,0.0,16,0,0,13.405132472515106,68.6875,1.0,1.6487212181091309,96.95289540290833
520,1.0,0.0,0.0,16,0,0,13.322844564914703,65.25,1.0,1.6487212181091309,97.12306523323059
521,1.0,0.0,0.0,16,0,0,13.450928390026093,66.6875,1.0,1.6487212181091309,97.28580713272095
522,1.0,0.0,0.0,16,0,0,13.431434750556946,67.375,1.0,1.6487212181091309,97.45194816589355
523,1.0,0.0,0.0,16,0,0,13.388436794281006,71.375,1.0,1.6487212181091309,97.6233491897583
524,1.0,0.0,0.0,16,0,0,13.377335548400879,64.625,1.0,1.6487212181091309,97.7771852016449
525,1.0,0.0,0.0,16,0,0,13.517966032028198,67.8125,1.0,1.6487212181091309,97.93910241127014
526,1.0,0.0,0.0,16,0,0,13.382375538349152,66.0,1.0,1.6487212181091309,98.10880732536316
527,1.0,0.0,0.0,16,0,0,13.554579377174377,70.6875,1.0,1.6487212181091309,98.2830102443695
528,1.0,0.0,0.0,16,0,0,13.45539379119873,65.3125,1.0,1.6487212181091309,98.44015312194824
529,1.0,0.0,0.0,16,0,0,13.477502822875977,66.625,1.0,1.6487212181091309,98.62456917762756
530,1.0,0.0,0.0,16,0,0,13.313505172729492,62.875,1.0,1.6487212181091309,98.78380012512207
531,1.0,0.0,0.0,16,0,0,13.491600751876831,70.1875,1.0,1.6487212181091309,98.96678924560547
532,1.0,0.0,0.0,16,0,0,13.348366260528564,64.3125,1.0,1.6487212181091309,99.13763308525085
533,1.0,0.0,0.0,16,0,0,13.503788828849792,66.375,1.0,1.6487212181091309,99.30003619194031
534,1.0,0.0,0.0,16,0,0,13.272353947162628,62.25,1.0,1.6487212181091309,99.4464852809906
535,1.0,0.0,0.0,16,0,0,13.321964859962463,65.125,1.0,1.6487212181091309,99.59971523284912
536,1.0,0.0,0.0,16,0,0,13.314695000648499,66.25,1.0,1.6487212181091309,99.75107026100159
537,1.0,0.0,0.0,16,0,0,13.50255423784256,62.75,1.0,1.6487212181091309,99.89577126502991
538,1.0,0.0,0.0,16,0,0,13.490792870521545,71.0,1.0,1.6487212181091309,100.060622215271
539,1.0,0.0,0.0,16,0,0,13.567285478115082,69.0,1.0,1.6487212181091309,100.23412299156189
540,1.0,0.0,0.0,16,0,0,13.497167348861694,67.4375,1.0,1.6487212181091309,100.39070224761963
541,1.0,0.0,0.0,16,0,0,13.638205289840698,67.375,1.0,1.6487212181091309,100.54707217216492
542,1.0,0.0,0.0,16,0,0,13.443015217781067,65.25,1.0,1.6487212181091309,100.69637727737427
543,1.0,0.0,0.0,16,0,0,13.392660439014435,66.375,1.0,1.6487212181091309,100.85573315620422
544,1.0,0.0,0.0,16,0,0,13.569150030612946,69.375,1.0,1.6487212181091309,101.01345109939575
545,1.0,0.0,0.0,16,0,0,13.467121124267578,66.75,1.0,1.6487212181091309,101.16440606117249
546,1.0,0.0,0.0,16,0,0,13.327233612537384,67.25,1.0,1.6487212181091309,101.32087016105652
547,1.0,0.0,0.0,16,0,0,13.484728276729584,67.125,1.0,1.6487212181091309,101.49221920967102
548,1.0,0.0,0.0,16,0,0,13.447241187095642,67.5,1.0,1.6487212181091309,101.64059519767761
549,1.0,0.0,0.0,16,0,0,13.583298206329346,67.3125,1.0,1.6487212181091309,101.8043110370636
550,1.0,0.0,0.0,16,0,0,13.542827367782593,73.75,1.0,1.6487212181091309,101.98924922943115
551,1.0,0.0,0.0,16,0,0,13.489303231239319,64.625,1.0,1.6487212181091309,102.14867305755615
552,1.0,0.0,0.0,16,0,0,13.415900707244873,64.875,1.0,1.6487212181091309,102.30029630661011
553,1.0,0.0,0.0,16,0,0,13.5921431183815,67.5625,1.0,1.6487212181091309,102.45438122749329
554,1.0,0.0,0.0,16,0,0,13.586034059524536,70.4375,1.0,1.6487212181091309,102.62431216239929
555,1.0,0.0,0.0,16,0,0,13.715353965759277,72.375,1.0,1.6487212181091309,102.80878114700317
556,1.0,0.0,0.0,16,0,0,13.491814970970154,68.625,1.0,1.6487212181091309,102.97231221199036
557,1.0,0.0,0.0,16,0,0,13.423326134681702,63.4375,1.0,1.6487212181091309,103.11145544052124
558,1.0,0.0,0.0,16,0,0,13.539511561393738,67.875,1.0,1.6487212181091309,103.26703214645386
559,1.0,0.0,0.0,16,0,0,13.564391493797302,68.25,1.0,1.6487212181091309,103.4377052783966
560,1.0,0.0,0.0,16,0,0,13.192694365978241,62.375,1.0,1.6487212181091309,103.58110904693604
561,1.0,0.0,0.0,16,0,0,13.434738755226135,66.125,1.0,1.6487212181091309,103.74198818206787
562,1.0,0.0,0.0,16,0,0,13.457341194152832,66.5,1.0,1.6487212181091309,103.90728235244751
563,1.0,0.0,0.0,16,0,0,13.540405750274658,67.9375,1.0,1.6487212181091309,104.06262826919556
564,1.0,0.0,0.0,16,0,0,13.472111999988556,71.0625,1.0,1.6487212181091309,104.23290705680847
565,1.0,0.0,0.0,16,0,0,13.396798133850098,65.5,1.0,1.6487212181091309,104.39076614379883
566,1.0,0.0,0.0,16,0,0,13.452481627464294,70.5,1.0,1.6487212181091309,104.70680236816406
567,1.0,0.0,0.0,16,0,0,13.528770387172699,68.3125,1.0,1.6487212181091309,104.939462184906
568,1.0,0.0,0.0,16,0,0,13.396934151649475,66.5625,1.0,1.6487212181091309,105.11059522628784
569,1.0,0.0,0.0,16,0,0,13.721280813217163,75.125,1.0,1.6487212181091309,105.33888840675354
570,1.0,0.0,0.0,16,0,0,13.223523080348969,62.3125,1.0,1.6487212181091309,105.5181131362915
571,1.0,0.0,0.0,16,0,0,13.561608910560608,69.1875,1.0,1.6487212181091309,105.70088124275208
572,1.0,0.0,0.0,16,0,0,13.447136640548706,66.4375,1.0,1.6487212181091309,105.87412023544312
573,1.0,0.0,0.0,16,0,0,13.243460595607758,60.4375,1.0,1.6487212181091309,106.01136827468872
574,1.0,0.0,0.0,16,0,0,13.486166417598724,68.4375,1.0,1.6487212181091309,106.18129825592041
575,1.0,0.0,0.0,16,0,0,13.326317310333252,64.375,1.0,1.6487212181091309,106.32567930221558
576,1.0,0.0,0.0,16,0,0,13.492182612419128,68.0,1.0,1.6487212181091309,106.479412317276
577,1.0,0.0,0.0,16,0,0,13.34673523902893,66.0,1.0,1.6487212181091309,106.64314222335815
578,1.0,0.0,0.0,16,0,0,13.569412052631378,69.5625,1.0,1.6487212181091309,106.81635403633118
579,1.0,0.0,0.0,16,0,0,13.218060314655304,67.6875,1.0,1.6487212181091309,106.97842121124268
580,1.0,0.0,0.0,16,0,0,13.594641149044037,73.5625,1.0,1.6487212181091309,107.15738701820374
581,1.0,0.0,0.0,16,0,0,13.521311044692993,66.4375,1.0,1.6487212181091309,107.33392524719238
582,1.0,0.0,0.0,16,0,0,13.310710549354553,64.8125,1.0,1.6487212181091309,107.48801732063293
583,1.0,0.0,0.0,16,0,0,13.49765157699585,69.8125,1.0,1.6487212181091309,107.66827702522278
584,1.0,0.0,0.0,16,0,0,13.275306224822998,66.375,1.0,1.6487212181091309,107.83264827728271
585,1.0,0.0,0.0,16,0,0,13.340131938457489,63.5625,1.0,1.6487212181091309,107.98500514030457
586,1.0,0.0,0.0,16,0,0,13.568646967411041,68.4375,1.0,1.6487212181091309,108.14555430412292
587,1.0,0.0,0.0,16,0,0,13.509799063205719,68.625,1.0,1.6487212181091309,108.32070136070251
588,1.0,0.0,0.0,16,0,0,13.712838888168335,72.5625,1.0,1.6487212181091309,108.49703121185303
589,1.0,0.0,0.0,16,0,0,13.403721451759338,65.0625,1.0,1.6487212181091309,108.65610909461975
590,1.0,0.0,0.0,16,0,0,13.407784879207611,68.9375,1.0,1.6487212181091309,108.81995439529419
591,1.0,0.0,0.0,16,0,0,13.621765851974487,67.0625,1.0,1.6487212181091309,109.03463912010193
592,1.0,0.0,0.0,16,0,0,13.407748103141785,66.1875,1.0,1.6487212181091309,109.19377040863037
593,1.0,0.0,0.0,16,0,0,13.362358391284943,66.5,1.0,1.6487212181091309,109.34509420394897
594,1.0,0.0,0.0,16,0,0,13.543324768543243,69.4375,1.0,1.6487212181091309,109.49713730812073
595,1.0,0.0,0.0,16,0,0,13.419771909713745,66.5,1.0,1.6487212181091309,109.64983034133911
596,1.0,0.0,0.0,16,0,0,13.433600068092346,62.75,1.0,1.6487212181091309,109.79081606864929
597,1.0,0.0,0.0,16,0,0,13.382945716381073,68.8125,1.0,1.6487212181091309,109.9499921798706
598,1.0,0.0,0.0,16,0,0,13.505374729633331,68.375,1.0,1.6487212181091309,110.11694622039795
599,1.0,0.0,0.0,16,0,0,13.29846739768982,62.5,1.0,1.6487212181091309,110.27117419242859
600,1.0,0.0,0.0,16,0,0,13.409308731555939,62.875,1.0,1.6487212181091309,110.41903734207153
601,1.0,0.0,0.0,16,0,0,13.265646755695343,61.9375,1.0,1.6487212181091309,110.57975912094116
602,1.0,0.0,0.0,16,0,0,13.3696768283844,66.0625,1.0,1.6487212181091309,110.74245238304138
603,1.0,0.0,0.0,16,0,0,13.52835738658905,71.25,1.0,1.6487212181091309,110.91246104240417
604,1.0,0.0,0.0,16,0,0,13.357777893543243,69.125,1.0,1.6487212181091309,111.10983610153198
605,1.0,0.0,0.0,16,0,0,13.182557702064514,57.5,1.0,1.6487212181091309,111.24872326850891
606,1.0,0.0,0.0,16,0,0,13.304369807243347,65.6875,1.0,1.6487212181091309,111.40551424026489
607,1.0,0.0,0.0,16,0,0,13.248121738433838,63.3125,1.0,1.6487212181091309,111.56333017349243
608,1.0,0.0,0.0,16,0,0,13.649072527885437,67.9375,1.0,1.6487212181091309,111.71744418144226
609,1.0,0.0,0.0,16,0,0,13.539729654788971,68.75,1.0,1.6487212181091309,111.89177131652832
610,1.0,0.0,0.0,16,0,0,13.413945317268372,66.0,1.0,1.6487212181091309,112.04246139526367
611,1.0,0.0,0.0,16,0,0,13.274117350578308,65.0625,1.0,1.6487212181091309,112.19734811782837
612,1.0,0.0,0.0,16,0,0,13.343250215053558,63.8125,1.0,1.6487212181091309,112.33722019195557
613,1.0,0.0,0.0,16,0,0,13.486693799495697,64.9375,1.0,1.6487212181091309,112.48062515258789
614,1.0,0.0,0.0,16,0,0,13.458073556423187,66.0625,1.0,1.6487212181091309,112.63211703300476
615,1.0,0.0,0.0,16,0,0,13.494801223278046,70.4375,1.0,1.6487212181091309,112.81437635421753
616,1.0,0.0,0.0,16,0,0,13.3910893201828,65.125,1.0,1.6487212181091309,112.97192430496216
617,1.0,0.0,0.0,16,0,0,13.266532957553864,64.1875,1.0,1.6487212181091309,113.12755513191223
618,1.0,0.0,0.0,16,0,0,13.43211054801941,68.1875,1.0,1.6487212181091309,113.30346632003784
619,1.0,0.0,0.0,16,0,0,13.198640704154968,64.1875,1.0,1.6487212181091309,113.51667714118958
620,1.0,0.0,0.0,16,0,0,13.349600672721863,65.1875,1.0,1.6487212181091309,113.66776132583618
621,1.0,0.0,0.0,16,0,0,13.483644723892212,67.8125,1.0,1.6487212181091309,113.82159328460693
622,1.0,0.0,0.0,16,0,0,13.335413753986359,66.625,1.0,1.6487212181091309,113.99842715263367
623,1.0,0.0,0.0,16,0,0,13.461489498615265,63.4375,1.0,1.6487212181091309,114.1438672542572
624,1.0,0.0,0.0,16,0,0,13.54552447795868,65.3125,1.0,1.6487212181091309,114.30749917030334
625,1.0,0.0,0.0,16,0,0,13.392844319343567,67.1875,1.0,1.6487212181091309,114.47568941116333
626,1.0,0.0,0.0,16,0,0,13.479324042797089,71.3125,1.0,1.6487212181091309,114.6530282497406
627,1.0,0.0,0.0,16,0,0,13.522765278816223,70.4375,1.0,1.6487212181091309,114.82027912139893
628,1.0,0.0,0.0,16,0,0,13.372323036193848,63.9375,1.0,1.6487212181091309,115.02895927429199
629,1.0,0.0,0.0,16,0,0,13.549653708934784,68.125,1.0,1.6487212181091309,115.32750225067139
630,1.0,0.0,0.0,16,0,0,13.422246813774109,67.375,1.0,1.6487212181091309,115.49521207809448
631,1.0,0.0,0.0,16,0,0,13.225308179855347,61.6875,1.0,1.6487212181091309,115.64747214317322
632,1.0,0.0,0.0,16,0,0,13.118592977523804,64.1875,1.0,1.6487212181091309,115.809561252594
633,1.0,0.0,0.0,16,0,0,13.353170096874237,70.0625,1.0,1.6487212181091309,115.98510527610779
634,1.0,0.0,0.0,16,0,0,13.279382765293121,66.25,1.0,1.6487212181091309,116.14732122421265
635,1.0,0.0,0.0,16,0,0,13.510142505168915,67.4375,1.0,1.6487212181091309,116.32005524635315
636,1.0,0.0,0.0,16,0,0,13.571856677532196,70.6875,1.0,1.6487212181091309,116.51299214363098
637,1.0,0.0,0.0,16,0,0,13.686622679233551,69.9375,1.0,1.6487212181091309,116.69608616828918
638,1.0,0.0,0.0,16,0,0,13.445314109325409,66.25,1.0,1.6487212181091309,116.85335326194763
639,1.0,0.0,0.0,16,0,0,13.48760861158371,70.0,1.0,1.6487212181091309,117.02217221260071
640,1.0,0.0,0.0,16,0,0,13.426502645015717,67.0625,1.0,1.6487212181091309,117.18168711662292
641,1.0,0.0,0.0,16,0,0,13.45721834897995,67.625,1.0,1.6487212181091309,117.35851716995239
642,1.0,0.0,0.0,16,0,0,13.582293272018433,70.0625,1.0,1.6487212181091309,117.53860020637512
643,1.0,0.0,0.0,16,0,0,13.491493880748749,66.875,1.0,1.6487212181091309,117.71126914024353
644,1.0,0.0,0.0,16,0,0,13.485664069652557,65.0,1.0,1.6487212181091309,117.87296414375305
645,1.0,0.0,0.0,16,0,0,13.329847276210785,64.5625,1.0,1.6487212181091309,118.02696132659912
646,1.0,0.0,0.0,16,0,0,13.469531059265137,68.25,1.0,1.6487212181091309,118.20063328742981
647,1.0,0.0,0.0,16,0,0,13.252490758895874,60.75,1.0,1.6487212181091309,118.35978531837463
648,1.0,0.0,0.0,16,0,0,13.368838906288147,62.0625,1.0,1.6487212181091309,118.50196719169617
649,1.0,0.0,0.0,16,0,0,13.357813954353333,65.3125,1.0,1.6487212181091309,118.6590530872345
650,1.0,0.0,0.0,16,0,0,13.456446707248688,70.375,1.0,1.6487212181091309,118.83051800727844
651,1.0,0.0,0.0,16,0,0,13.444438993930817,67.1875,1.0,1.6487212181091309,118.99579811096191
652,1.0,0.0,0.0,16,0,0,13.659002304077148,68.625,1.0,1.6487212181091309,119.15420007705688
653,1.0,0.0,0.0,16,0,0,13.509948134422302,67.25,1.0,1.6487212181091309,119.32605314254761
654,1.0,0.0,0.0,16,0,0,13.463215708732605,67.125,1.0,1.6487212181091309,119.52352619171143
655,1.0,0.0,0.0,16,0,0,13.307498931884766,65.4375,1.0,1.6487212181091309,119.68798327445984
656,1.0,0.0,0.0,16,0,0,13.543076395988464,71.3125,1.0,1.6487212181091309,119.86579322814941
657,1.0,0.0,0.0,16,0,0,13.29040777683258,69.3125,1.0,1.6487212181091309,120.05237817764282
658,1.0,0.0,0.0,16,0,0,13.456837832927704,68.5,1.0,1.6487212181091309,120.2278573513031
659,1.0,0.0,0.0,16,0,0,13.211125135421753,64.9375,1.0,1.6487212181091309,120.38881921768188
660,1.0,0.0,0.0,16,0,0,13.363472819328308,66.4375,1.0,1.6487212181091309,120.55760431289673
661,1.0,0.0,0.0,16,0,0,13.485157072544098,68.0625,1.0,1.6487212181091309,120.71675324440002
662,1.0,0.0,0.0,16,0,0,13.28846675157547,69.75,1.0,1.6487212181091309,120.87661004066467
663,1.0,0.0,0.0,16,0,0,13.393428266048431,70.3125,1.0,1.6487212181091309,121.03895926475525
664,1.0,0.0,0.0,16,0,0,13.485098719596863,66.0,1.0,1.6487212181091309,121.21055221557617
665,1.0,0.0,0.0,16,0,0,13.548551857471466,67.125,1.0,1.6487212181091309,121.37009930610657
666,1.0,0.0,0.0,16,0,0,13.696377754211426,72.8125,1.0,1.6487212181091309,121.5326771736145
667,1.0,0.0,0.0,16,0,0,13.633247017860413,70.8125,1.0,1.6487212181091309,121.70650720596313
668,1.0,0.0,0.0,16,0,0,13.344457626342773,59.4375,1.0,1.6487212181091309,121.84275937080383
669,1.0,0.0,0.0,16,0,0,13.460604310035706,71.6875,1.0,1.6487212181091309,122.01141715049744
670,1.0,0.0,0.0,16,0,0,13.36213892698288,65.5625,1.0,1.6487212181091309,122.16984724998474
671,1.0,0.0,0.0,16,0,0,13.322011590003967,64.0625,1.0,1.6487212181091309,122.32777619361877
672,1.0,0.0,0.0,16,0,0,13.299358606338501,62.4375,1.0,1.6487212181091309,122.48976111412048
673,1.0,0.0,0.0,16,0,0,13.518008470535278,65.6875,1.0,1.6487212181091309,122.63866329193115
674,1.0,0.0,0.0,16,0,0,13.395232856273651,63.3125,1.0,1.6487212181091309,122.77619814872742
675,1.0,0.0,0.0,16,0,0,13.426511406898499,64.375,1.0,1.6487212181091309,122.92145037651062
676,1.0,0.0,0.0,16,0,0,13.409826040267944,68.0625,1.0,1.6487212181091309,123.0786521434784
677,1.0,0.0,0.0,16,0,0,13.344116151332855,62.25,1.0,1.6487212181091309,123.22003316879272
678,1.0,0.0,0.0,16,0,0,13.317389845848083,63.25,1.0,1.6487212181091309,123.37021017074585
679,1.0,0.0,0.0,16,0,0,13.584120273590088,66.8125,1.0,1.6487212181091309,123.52143120765686
680,1.0,0.0,0.0,16,0,0,13.44187617301941,66.375,1.0,1.6487212181091309,123.70022225379944
681,1.0,0.0,0.0,16,0,0,13.500530242919922,68.25,1.0,1.6487212181091309,123.86022233963013
682,1.0,0.0,0.0,16,0,0,13.213958501815796,61.75,1.0,1.6487212181091309,124.00924015045166
683,1.0,0.0,0.0,16,0,0,13.478107213973999,68.1875,1.0,1.6487212181091309,124.1774673461914
684,1.0,0.0,0.0,16,0,0,13.575024366378784,67.875,1.0,1.6487212181091309,124.36056232452393
685,1.0,0.0,0.0,16,0,0,13.360249757766724,66.625,1.0,1.6487212181091309,124.51525020599365
686,1.0,0.0,0.0,16,0,0,13.436415135860443,67.25,1.0,1.6487212181091309,124.66945838928223
687,1.0,0.0,0.0,16,0,0,13.559154391288757,74.25,1.0,1.6487212181091309,124.83383131027222
688,1.0,0.0,0.0,16,0,0,13.469783961772919,68.0625,1.0,1.6487212181091309,125.00421810150146
689,1.0,0.0,0.0,16,0,0,13.368534803390503,84.0625,1.0,1.6487212181091309,125.19699621200562
690,1.0,0.0,0.0,16,0,0,13.458662450313568,67.25,1.0,1.6487212181091309,125.35609817504883
691,1.0,0.0,0.0,16,0,0,13.570953726768494,69.5625,1.0,1.6487212181091309,125.51210641860962
692,1.0,0.0,0.0,16,0,0,13.403158485889435,66.75,1.0,1.6487212181091309,125.67220711708069
693,1.0,0.0,0.0,16,0,0,13.540008902549744,69.1875,1.0,1.6487212181091309,125.84778022766113
694,1.0,0.0,0.0,16,0,0,13.45773309469223,67.5,1.0,1.6487212181091309,126.01451325416565
695,1.0,0.0,0.0,16,0,0,13.30676406621933,61.75,1.0,1.6487212181091309,126.15729212760925
696,1.0,0.0,0.0,16,0,0,13.503059267997742,71.625,1.0,1.6487212181091309,126.33239340782166
697,1.0,0.0,0.0,16,0,0,13.24793016910553,64.4375,1.0,1.6487212181091309,126.48157739639282
698,1.0,0.0,0.0,16,0,0,13.407013714313507,68.3125,1.0,1.6487212181091309,126.66105318069458
699,1.0,0.0,0.0,16,0,0,13.50841224193573,70.5625,1.0,1.6487212181091309,126.86513042449951
700,1.0,0.0,0.0,16,0,0,13.419446349143982,64.5625,1.0,1.6487212181091309,127.01978707313538
701,1.0,0.0,0.0,16,0,0,13.54019570350647,71.75,1.0,1.6487212181091309,127.18157529830933
702,1.0,0.0,0.0,16,0,0,13.565301775932312,72.0,1.0,1.6487212181091309,127.35559034347534
703,1.0,0.0,0.0,16,0,0,13.32657504081726,62.8125,1.0,1.6487212181091309,127.50359320640564
704,1.0,0.0,0.0,16,0,0,13.472574174404144,61.9375,1.0,1.6487212181091309,127.64208722114563
705,1.0,0.0,0.0,16,0,0,13.492002606391907,63.9375,1.0,1.6487212181091309,127.78281235694885
706,1.0,0.0,0.0,16,0,0,13.515465497970581,65.8125,1.0,1.6487212181091309,127.94159841537476
707,1.0,0.0,0.0,16,0,0,13.431284070014954,66.5625,1.0,1.6487212181091309,128.10499835014343
708,1.0,0.0,0.0,16,0,0,13.405970335006714,67.8125,1.0,1.6487212181091309,128.2855463027954
709,1.0,0.0,0.0,16,0,0,13.355022847652435,66.625,1.0,1.6487212181091309,128.43528032302856
710,1.0,0.0,0.0,16,0,0,13.239518761634827,63.75,1.0,1.6487212181091309,128.5819320678711
711,1.0,0.0,0.0,16,0,0,13.494528651237488,66.5625,1.0,1.6487212181091309,128.7407124042511
712,1.0,0.0,0.0,16,0,0,13.563703715801239,68.375,1.0,1.6487212181091309,128.8959662914276
713,1.0,0.0,0.0,16,0,0,13.38646000623703,63.875,1.0,1.6487212181091309,129.0600802898407
714,1.0,0.0,0.0,16,0,0,13.48506373167038,66.625,1.0,1.6487212181091309,129.22011423110962
715,1.0,0.0,0.0,16,0,0,13.54418295621872,68.0,1.0,1.6487212181091309,129.36980819702148
716,1.0,0.0,0.0,16,0,0,13.236433684825897,63.25,1.0,1.6487212181091309,129.51278924942017
717,1.0,0.0,0.0,16,0,0,13.461257219314575,64.75,1.0,1.6487212181091309,129.6644742488861
718,1.0,0.0,0.0,16,0,0,13.48587167263031,68.0625,1.0,1.6487212181091309,129.81723022460938
719,1.0,0.0,0.0,16,0,0,13.280408442020416,62.125,1.0,1.6487212181091309,129.99096703529358
720,1.0,0.0,0.0,16,0,0,13.32626986503601,60.8125,1.0,1.6487212181091309,130.13655018806458
721,1.0,0.0,0.0,16,0,0,13.401759445667267,65.6875,1.0,1.6487212181091309,130.29952836036682
722,1.0,0.0,0.0,16,0,0,13.43978363275528,66.0625,1.0,1.6487212181091309,130.46068716049194
723,1.0,0.0,0.0,16,0,0,13.34645015001297,63.6875,1.0,1.6487212181091309,130.60848426818848
724,1.0,0.0,0.0,16,0,0,13.309915006160736,63.0,1.0,1.6487212181091309,130.7677083015442
725,1.0,0.0,0.0,16,0,0,13.60915493965149,69.9375,1.0,1.6487212181091309,130.92560625076294
726,1.0,0.0,0.0,16,0,0,13.50996595621109,62.5625,1.0,1.6487212181091309,131.08514142036438
727,1.0,0.0,0.0,16,0,0,13.435376405715942,65.3125,1.0,1.6487212181091309,131.242769241333
728,1.0,0.0,0.0,16,0,0,13.426742911338806,64.125,1.0,1.6487212181091309,131.3973093032837
729,1.0,0.0,0.0,16,0,0,13.483636915683746,68.5,1.0,1.6487212181091309,131.54902815818787
730,1.0,0.0,0.0,16,0,0,13.386490046977997,64.4375,1.0,1.6487212181091309,131.69777727127075
731,1.0,0.0,0.0,16,0,0,13.528344750404358,74.1875,1.0,1.6487212181091309,131.8772702217102
732,1.0,0.0,0.0,16,0,0,13.381091713905334,64.75,1.0,1.6487212181091309,132.0638782978058
733,1.0,0.0,0.0,16,0,0,13.282209813594818,65.5625,1.0,1.6487212181091309,132.22127532958984
734,1.0,0.0,0.0,16,0,0,13.471052885055542,68.5625,1.0,1.6487212181091309,132.3812291622162
735,1.0,0.0,0.0,16,0,0,13.219798922538757,63.875,1.0,1.6487212181091309,132.53821730613708
736,1.0,0.0,0.0,16,0,0,13.418274760246277,68.0,1.0,1.6487212181091309,132.69756436347961
737,1.0,0.0,0.0,16,0,0,13.487984895706177,67.5,1.0,1.6487212181091309,132.8577642440796
738,1.0,0.0,0.0,16,0,0,13.41530030965805,66.375,1.0,1.6487212181091309,133.00471806526184
739,1.0,0.0,0.0,16,0,0,13.400599002838135,62.5625,1.0,1.6487212181091309,133.1468722820282
740,1.0,0.0,0.0,16,0,0,13.432974636554718,65.75,1.0,1.6487212181091309,133.3008062839508
741,1.0,0.0,0.0,16,0,0,13.378303349018097,62.9375,1.0,1.6487212181091309,133.44728708267212
742,1.0,0.0,0.0,16,0,0,13.415273368358612,66.375,1.0,1.6487212181091309,133.60707139968872
743,1.0,0.0,0.0,16,0,0,13.165350496768951,59.8125,1.0,1.6487212181091309,133.74608826637268
744,1.0,0.0,0.0,16,0,0,13.35053676366806,65.125,1.0,1.6487212181091309,133.8945710659027
745,1.0,0.0,0.0,16,0,0,13.394832789897919,68.4375,1.0,1.6487212181091309,134.04683709144592
746,1.0,0.0,0.0,16,0,0,13.412777781486511,70.9375,1.0,1.6487212181091309,134.2305941581726
747,1.0,0.0,0.0,16,0,0,13.513632953166962,69.125,1.0,1.6487212181091309,134.39582514762878
748,1.0,0.0,0.0,16,0,0,13.324383676052094,61.25,1.0,1.6487212181091309,134.53279733657837
749,1.0,0.0,0.0,16,0,0,13.514762341976166,64.625,1.0,1.6487212181091309,134.67885828018188
750,1.0,0.0,0.0,16,0,0,13.414782404899597,64.9375,1.0,1.6487212181091309,134.83139204978943
751,1.0,0.0,0.0,16,0,0,13.3468376994133,68.4375,1.0,1.6487212181091309,135.01589512825012
752,1.0,0.0,0.0,16,0,0,13.29011756181717,64.125,1.0,1.6487212181091309,135.2412133216858
753,1.0,0.0,0.0,16,0,0,13.403166472911835,67.5625,1.0,1.6487212181091309,135.4025502204895
754,1.0,0.0,0.0,16,0,0,13.365966737270355,68.0625,1.0,1.6487212181091309,135.5603892803192
755,1.0,0.0,0.0,16,0,0,13.294331312179565,66.375,1.0,1.6487212181091309,135.7244622707367
756,1.0,0.0,0.0,16,0,0,13.281611561775208,64.9375,1.0,1.6487212181091309,135.8956742286682
757,1.0,0.0,0.0,16,0,0,13.426456093788147,62.75,1.0,1.6487212181091309,136.05255222320557
758,1.0,0.0,0.0,16,0,0,13.367069959640503,72.9375,1.0,1.6487212181091309,136.27910137176514
759,1.0,0.0,0.0,16,0,0,13.264925599098206,61.125,1.0,1.6487212181091309,136.43440008163452
760,1.0,0.0,0.0,16,0,0,13.481230020523071,67.0625,1.0,1.6487212181091309,136.59817910194397
761,1.0,0.0,0.0,16,0,0,13.41887754201889,64.625,1.0,1.6487212181091309,136.7563943862915
762,1.0,0.0,0.0,16,0,0,13.684797465801239,68.0625,1.0,1.6487212181091309,136.92131423950195
763,1.0,0.0,0.0,16,0,0,13.460679531097412,67.9375,1.0,1.6487212181091309,137.06839323043823
764,1.0,0.0,0.0,16,0,0,13.436901271343231,64.9375,1.0,1.6487212181091309,137.22183442115784
765,1.0,0.0,0.0,16,0,0,13.299148142337799,65.9375,1.0,1.6487212181091309,137.38812232017517
766,1.0,0.0,0.0,16,0,0,13.386278986930847,66.5,1.0,1.6487212181091309,137.5468270778656
767,1.0,0.0,0.0,16,0,0,13.544552683830261,64.625,1.0,1.6487212181091309,137.69903111457825
768,1.0,0.0,0.0,16,0,0,13.400772631168365,64.375,1.0,1.6487212181091309,137.85765027999878
769,1.0,0.0,0.0,16,0,0,13.447612166404724,63.9375,1.0,1.6487212181091309,138.00245237350464
770,1.0,0.0,0.0,16,0,0,13.27818614244461,68.1875,1.0,1.6487212181091309,138.2252812385559
771,1.0,0.0,0.0,16,0,0,13.352010309696198,65.6875,1.0,1.6487212181091309,138.3844542503357
772,1.0,0.0,0.0,16,0,0,13.276828587055206,60.5625,1.0,1.6487212181091309,138.54094624519348
773,1.0,0.0,0.0,16,0,0,13.477250039577484,66.625,1.0,1.6487212181091309,138.71951723098755
774,1.0,0.0,0.0,16,0,0,13.285374701023102,64.6875,1.0,1.6487212181091309,138.88017201423645
775,1.0,0.0,0.0,16,0,0,13.327257573604584,63.5625,1.0,1.6487212181091309,139.0212061405182
776,1.0,0.0,0.0,16,0,0,13.469048142433167,63.6875,1.0,1.6487212181091309,139.1610062122345
777,1.0,0.0,0.0,16,0,0,13.454222917556763,66.25,1.0,1.6487212181091309,139.3146731853485
778,1.0,0.0,0.0,16,0,0,13.471208155155182,61.625,1.0,1.6487212181091309,139.44941425323486
779,1.0,0.0,0.0,16,0,0,13.589132487773895,71.25,1.0,1.6487212181091309,139.61506509780884
780,1.0,0.0,0.0,16,0,0,13.386260390281677,66.0,1.0,1.6487212181091309,139.77106308937073
781,1.0,0.0,0.0,16,0,0,13.54879081249237,69.375,1.0,1.6487212181091309,139.92382216453552
782,1.0,0.0,0.0,16,0,0,13.473750531673431,67.0625,1.0,1.6487212181091309,140.0723741054535
783,1.0,0.0,0.0,16,0,0,13.484968841075897,66.125,1.0,1.6487212181091309,140.22384428977966
784,1.0,0.0,0.0,16,0,0,13.615082681179047,71.1875,1.0,1.6487212181091309,140.4051492214203
785,1.0,0.0,0.0,16,0,0,13.531520962715149,67.5625,1.0,1.6487212181091309,140.588228225708
786,1.0,0.0,0.0,16,0,0,13.799178659915924,68.8125,1.0,1.6487212181091309,140.74400210380554
787,1.0,0.0,0.0,16,0,0,13.453655183315277,69.4375,1.0,1.6487212181091309,140.8972451686859
788,1.0,0.0,0.0,16,0,0,13.386634290218353,64.8125,1.0,1.6487212181091309,141.04501223564148
789,1.0,0.0,0.0,16,0,0,13.31627482175827,64.8125,1.0,1.6487212181091309,141.18637418746948
790,1.0,0.0,0.0,16,0,0,13.467913329601288,70.0625,1.0,1.6487212181091309,141.34356141090393
791,1.0,0.0,0.0,16,0,0,13.616967678070068,72.375,1.0,1.6487212181091309,141.5672471523285
792,1.0,0.0,0.0,16,0,0,13.296105802059174,64.875,1.0,1.6487212181091309,141.70966815948486
793,1.0,0.0,0.0,16,0,0,13.566817283630371,72.6875,1.0,1.6487212181091309,141.8699712753296
794,1.0,0.0,0.0,16,0,0,13.422146320343018,66.125,1.0,1.6487212181091309,142.0139651298523
795,1.0,0.0,0.0,16,0,0,13.488578200340271,72.9375,1.0,1.6487212181091309,142.17158818244934
796,1.0,0.0,0.0,16,0,0,13.250491857528687,63.5,1.0,1.6487212181091309,142.3075933456421
797,1.0,0.0,0.0,16,0,0,13.40236645936966,65.375,1.0,1.6487212181091309,142.51286506652832
798,1.0,0.0,0.0,16,0,0,13.378275156021118,64.25,1.0,1.6487212181091309,142.65881609916687
799,1.0,0.0,0.0,16,0,0,13.480011463165283,69.5,1.0,1.6487212181091309,142.81484723091125
800,1.0,0.0,0.0,16,0,0,13.356399774551392,61.375,1.0,1.6487212181091309,142.95360112190247
801,1.0,0.0,0.0,16,0,0,13.348751723766327,64.25,1.0,1.6487212181091309,143.0984592437744
802,1.0,0.0,0.0,16,0,0,13.41012716293335,67.8125,1.0,1.6487212181091309,143.24430537223816
803,1.0,0.0,0.0,16,0,0,13.571950912475586,69.125,1.0,1.6487212181091309,143.3957052230835
804,1.0,0.0,0.0,16,0,0,13.491500079631805,68.0,1.0,1.6487212181091309,143.54444217681885
805,1.0,0.0,0.0,16,0,0,13.569577515125275,70.375,1.0,1.6487212181091309,143.6991491317749
806,1.0,0.0,0.0,16,0,0,13.52219843864441,67.5625,1.0,1.6487212181091309,143.8476049900055
807,1.0,0.0,0.0,16,0,0,13.382848083972931,65.3125,1.0,1.6487212181091309,143.99488520622253
808,1.0,0.0,0.0,16,0,0,13.511605143547058,71.4375,1.0,1.6487212181091309,144.1517322063446
809,1.0,0.0,0.0,16,0,0,13.260242342948914,66.1875,1.0,1.6487212181091309,144.30259609222412
810,1.0,0.0,0.0,16,0,0,13.29909634590149,64.5625,1.0,1.6487212181091309,144.4455783367157
811,1.0,0.0,0.0,16,0,0,13.32318776845932,64.0625,1.0,1.6487212181091309,144.60748434066772
812,1.0,0.0,0.0,16,0,0,13.359565734863281,61.1875,1.0,1.6487212181091309,144.7460651397705
813,1.0,0.0,0.0,16,0,0,13.232020080089569,63.8125,1.0,1.6487212181091309,144.8875241279602
814,1.0,0.0,0.0,16,0,0,13.36570554971695,63.0,1.0,1.6487212181091309,145.02819514274597
815,1.0,0.0,0.0,16,0,0,13.43041980266571,66.125,1.0,1.6487212181091309,145.1706521511078
816,1.0,0.0,0.0,16,0,0,13.424451291561127,67.6875,1.0,1.6487212181091309,145.32156324386597
817,1.0,0.0,0.0,16,0,0,13.39847868680954,65.375,1.0,1.6487212181091309,145.46595406532288
818,1.0,0.0,0.0,16,0,0,13.471379220485687,66.1875,1.0,1.6487212181091309,145.6151463985443
819,1.0,0.0,0.0,16,0,0,13.396626710891724,65.25,1.0,1.6487212181091309,145.75909233093262
820,1.0,0.0,0.0,16,0,0,13.433591306209564,66.9375,1.0,1.6487212181091309,145.904235124588
821,1.0,0.0,0.0,16,0,0,13.330221772193909,67.25,1.0,1.6487212181091309,146.05386114120483
822,1.0,0.0,0.0,16,0,0,13.58577960729599,73.5625,1.0,1.6487212181091309,146.22250533103943
823,1.0,0.0,0.0,16,0,0,13.313149690628052,65.6875,1.0,1.6487212181091309,146.36528420448303
824,1.0,0.0,0.0,16,0,0,13.508626878261566,66.0625,1.0,1.6487212181091309,146.51183009147644
825,1.0,0.0,0.0,16,0,0,13.533478200435638,70.875,1.0,1.6487212181091309,146.69383120536804
826,1.0,0.0,0.0,16,0,0,13.441021621227264,63.875,1.0,1.6487212181091309,146.83580017089844
827,1.0,0.0,0.0,16,0,0,13.270701885223389,63.9375,1.0,1.6487212181091309,146.98051834106445
828,1.0,0.0,0.0,16,0,0,13.361298382282257,65.5,1.0,1.6487212181091309,147.12891912460327
829,1.0,0.0,0.0,16,0,0,13.426937222480774,64.25,1.0,1.6487212181091309,147.2723090648651
830,1.0,0.0,0.0,16,0,0,13.335194706916809,66.0625,1.0,1.6487212181091309,147.4176230430603
831,1.0,0.0,0.0,16,0,0,13.231237590312958,61.75,1.0,1.6487212181091309,147.5514371395111
832,1.0,0.0,0.0,16,0,0,13.565997004508972,68.9375,1.0,1.6487212181091309,147.70523643493652
833,1.0,0.0,0.0,16,0,0,13.369741976261139,62.875,1.0,1.6487212181091309,147.84623432159424
834,1.0,0.0,0.0,16,0,0,13.321683585643768,63.4375,1.0,1.6487212181091309,147.98538422584534
835,1.0,0.0,0.0,16,0,0,13.57213842868805,71.75,1.0,1.6487212181091309,148.14248132705688
836,1.0,0.0,0.0,16,0,0,13.313737452030182,69.625,1.0,1.6487212181091309,148.30259609222412
837,1.0,0.0,0.0,16,0,0,13.211519658565521,63.875,1.0,1.6487212181091309,148.4498553276062
838,1.0,0.0,0.0,16,0,0,13.33519184589386,68.0625,1.0,1.6487212181091309,148.60717725753784
839,1.0,0.0,0.0,16,0,0,13.318565011024475,66.1875,1.0,1.6487212181091309,148.77016234397888
840,1.0,0.0,0.0,16,0,0,13.443369626998901,69.0,1.0,1.6487212181091309,148.92926740646362
841,1.0,0.0,0.0,16,0,0,13.43776822090149,67.4375,1.0,1.6487212181091309,149.08791136741638
842,1.0,0.0,0.0,16,0,0,13.42509126663208,71.5,1.0,1.6487212181091309,149.24801516532898
843,1.0,0.0,0.0,16,0,0,13.336947858333588,64.3125,1.0,1.6487212181091309,149.39309215545654
844,1.0,0.0,0.0,16,0,0,13.615015387535095,68.125,1.0,1.6487212181091309,149.54765915870667
845,1.0,0.0,0.0,16,0,0,13.243358492851257,67.375,1.0,1.6487212181091309,149.6984522342682
846,1.0,0.0,0.0,16,0,0,13.341727674007416,65.0,1.0,1.6487212181091309,149.84427332878113
847,1.0,0.0,0.0,16,0,0,13.403261482715607,65.75,1.0,1.6487212181091309,149.99243903160095
848,1.0,0.0,0.0,16,0,0,13.222272634506226,62.8125,1.0,1.6487212181091309,150.13267731666565
849,1.0,0.0,0.0,16,0,0,13.514627516269684,66.875,1.0,1.6487212181091309,150.2840723991394
850,1.0,0.0,0.0,16,0,0,13.419665455818176,61.5625,1.0,1.6487212181091309,150.4171392917633
851,1.0,0.0,0.0,16,0,0,13.421237051486969,66.4375,1.0,1.6487212181091309,150.5633420944214
852,1.0,0.0,0.0,16,0,0,13.165431320667267,61.0,1.0,1.6487212181091309,150.6968641281128
853,1.0,0.0,0.0,16,0,0,13.481174170970917,70.0625,1.0,1.6487212181091309,150.87457919120789
854,1.0,0.0,0.0,16,0,0,13.525745332241058,67.5625,1.0,1.6487212181091309,151.02229404449463
855,1.0,0.0,0.0,16,0,0,13.320196509361267,66.4375,1.0,1.6487212181091309,151.1681432723999
856,1.0,0.0,0.0,16,0,0,13.453679919242859,64.8125,1.0,1.6487212181091309,151.31652235984802
857,1.0,0.0,0.0,16,0,0,13.470364570617676,67.5,1.0,1.6487212181091309,151.46740818023682
858,1.0,0.0,0.0,16,0,0,13.472216427326202,67.0,1.0,1.6487212181091309,151.6185531616211
859,1.0,0.0,0.0,16,0,0,13.46506130695343,67.9375,1.0,1.6487212181091309,151.77006006240845
860,1.0,0.0,0.0,16,0,0,13.257776916027069,62.4375,1.0,1.6487212181091309,151.9109833240509
861,1.0,0.0,0.0,16,0,0,13.174401342868805,58.25,1.0,1.6487212181091309,152.03836631774902
862,1.0,0.0,0.0,16,0,0,13.521371126174927,66.75,1.0,1.6487212181091309,152.18374609947205
863,1.0,0.0,0.0,16,0,0,13.555099427700043,70.75,1.0,1.6487212181091309,152.344309091568
864,1.0,0.0,0.0,16,0,0,13.34778380393982,65.875,1.0,1.6487212181091309,152.4926609992981
865,1.0,0.0,0.0,16,0,0,13.477536261081696,68.0,1.0,1.6487212181091309,152.64126110076904
866,1.0,0.0,0.0,16,0,0,13.422191500663757,68.3125,1.0,1.6487212181091309,152.79278945922852
867,1.0,0.0,0.0,16,0,0,13.393582701683044,62.75,1.0,1.6487212181091309,152.95749139785767
868,1.0,0.0,0.0,16,0,0,13.554216206073761,67.75,1.0,1.6487212181091309,153.1064591407776
869,1.0,0.0,0.0,16,0,0,13.495713949203491,69.8125,1.0,1.6487212181091309,153.2588231563568
870,1.0,0.0,0.0,16,0,0,13.15415471792221,60.0625,1.0,1.6487212181091309,153.39519834518433
871,1.0,0.0,0.0,16,0,0,13.364782631397247,61.375,1.0,1.6487212181091309,153.5333173274994
872,1.0,0.0,0.0,16,0,0,13.521677374839783,69.875,1.0,1.6487212181091309,153.69000220298767
873,1.0,0.0,0.0,16,0,0,13.560084462165833,71.5,1.0,1.6487212181091309,153.84548830986023
874,1.0,0.0,0.0,16,0,0,13.559488952159882,65.75,1.0,1.6487212181091309,153.98916625976562
875,1.0,0.0,0.0,16,0,0,13.252272188663483,64.3125,1.0,1.6487212181091309,154.13398718833923
876,1.0,0.0,0.0,16,0,0,13.337925016880035,63.5,1.0,1.6487212181091309,154.27032709121704
877,1.0,0.0,0.0,16,0,0,13.522843360900879,65.375,1.0,1.6487212181091309,154.4148280620575
878,1.0,0.0,0.0,16,0,0,13.478747606277466,65.1875,1.0,1.6487212181091309,154.57386541366577
879,1.0,0.0,0.0,16,0,0,13.534920573234558,69.125,1.0,1.6487212181091309,154.73784613609314
880,1.0,0.0,0.0,16,0,0,13.447115302085876,68.5,1.0,1.6487212181091309,154.8898582458496
881,1.0,0.0,0.0,16,0,0,13.400840818881989,69.4375,1.0,1.6487212181091309,155.06698536872864
882,1.0,0.0,0.0,16,0,0,13.342917919158936,62.1875,1.0,1.6487212181091309,155.20383524894714
883,1.0,0.0,0.0,16,0,0,13.472355246543884,65.3125,1.0,1.6487212181091309,155.35104203224182
884,1.0,0.0,0.0,16,0,0,13.332102239131927,65.625,1.0,1.6487212181091309,155.49656438827515
885,1.0,0.0,0.0,16,0,0,13.370197772979736,67.0625,1.0,1.6487212181091309,155.6447832584381
886,1.0,0.0,0.0,16,0,0,13.408190190792084,66.9375,1.0,1.6487212181091309,155.79293823242188
887,1.0,0.0,0.0,16,0,0,13.420292377471924,67.0,1.0,1.6487212181091309,155.94507431983948
888,1.0,0.0,0.0,16,0,0,13.352487027645111,64.0625,1.0,1.6487212181091309,156.08395433425903
889,1.0,0.0,0.0,16,0,0,13.464762806892395,65.625,1.0,1.6487212181091309,156.23247933387756
890,1.0,0.0,0.0,16,0,0,13.489456236362457,67.25,1.0,1.6487212181091309,156.38303327560425
891,1.0,0.0,0.0,16,0,0,13.306543052196503,62.3125,1.0,1.6487212181091309,156.51976823806763
892,1.0,0.0,0.0,16,0,0,13.38879644870758,63.625,1.0,1.6487212181091309,156.6627221107483
893,1.0,0.0,0.0,16,0,0,13.545084416866302,66.0,1.0,1.6487212181091309,156.8067011833191
894,1.0,0.0,0.0,16,0,0,13.47085577249527,63.5625,1.0,1.6487212181091309,156.94312810897827
895,1.0,0.0,0.0,16,0,0,13.347905576229095,69.6875,1.0,1.6487212181091309,157.14413213729858
896,1.0,0.0,0.0,16,0,0,13.299383461475372,62.125,1.0,1.6487212181091309,157.28135704994202
897,1.0,0.0,0.0,16,0,0,13.410108625888824,67.75,1.0,1.6487212181091309,157.4307472705841
898,1.0,0.0,0.0,16,0,0,13.420550644397736,65.3125,1.0,1.6487212181091309,157.59263014793396
899,1.0,0.0,0.0,16,0,0,13.529390037059784,67.8125,1.0,1.6487212181091309,157.76078939437866
900,1.0,0.0,0.0,16,0,0,13.340180099010468,65.875,1.0,1.6487212181091309,157.92547130584717
901,1.0,0.0,0.0,16,0,0,13.454522788524628,65.5,1.0,1.6487212181091309,158.081472158432
902,1.0,0.0,0.0,16,0,0,13.444984436035156,62.3125,1.0,1.6487212181091309,158.23564624786377
903,1.0,0.0,0.0,16,0,0,13.286767303943634,61.5625,1.0,1.6487212181091309,158.3751060962677
904,1.0,0.0,0.0,16,0,0,13.198624551296234,60.6875,1.0,1.6487212181091309,158.50843214988708
905,1.0,0.0,0.0,16,0,0,13.5753133893013,68.9375,1.0,1.6487212181091309,158.6629650592804
906,1.0,0.0,0.0,16,0,0,13.277967631816864,64.25,1.0,1.6487212181091309,158.80765414237976
907,1.0,0.0,0.0,16,0,0,13.474035084247589,69.6875,1.0,1.6487212181091309,158.96438932418823
908,1.0,0.0,0.0,16,0,0,13.45141351222992,62.375,1.0,1.6487212181091309,159.10591840744019
909,1.0,0.0,0.0,16,0,0,13.376172482967377,68.125,1.0,1.6487212181091309,159.2679762840271
910,1.0,0.0,0.0,16,0,0,13.34158968925476,63.25,1.0,1.6487212181091309,159.41634917259216
911,1.0,0.0,0.0,16,0,0,13.527322590351105,65.875,1.0,1.6487212181091309,159.5599181652069
912,1.0,0.0,0.0,16,0,0,13.40441507101059,68.875,1.0,1.6487212181091309,159.71657133102417
913,1.0,0.0,0.0,16,0,0,13.307701170444489,65.375,1.0,1.6487212181091309,159.86543011665344
914,1.0,0.0,0.0,16,0,0,13.448003709316254,65.8125,1.0,1.6487212181091309,160.0116002559662
915,1.0,0.0,0.0,16,0,0,13.617389976978302,65.375,1.0,1.6487212181091309,160.15401339530945
916,1.0,0.0,0.0,16,0,0,13.394864320755005,68.6875,1.0,1.6487212181091309,160.31071424484253
917,1.0,0.0,0.0,16,0,0,13.465862452983856,69.625,1.0,1.6487212181091309,160.4720470905304
918,1.0,0.0,0.0,16,0,0,13.28285026550293,66.5,1.0,1.6487212181091309,160.63820815086365
919,1.0,0.0,0.0,16,0,0,13.50114631652832,69.4375,1.0,1.6487212181091309,160.80085921287537
920,1.0,0.0,0.0,16,0,0,13.520630180835724,64.8125,1.0,1.6487212181091309,161.00887513160706
921,1.0,0.0,0.0,16,0,0,13.407791435718536,66.3125,1.0,1.6487212181091309,161.1969451904297
922,1.0,0.0,0.0,16,0,0,13.460174560546875,68.4375,1.0,1.6487212181091309,161.374516248703
923,1.0,0.0,0.0,16,0,0,13.322608530521393,64.9375,1.0,1.6487212181091309,161.52835130691528
924,1.0,0.0,0.0,16,0,0,13.387747049331665,65.375,1.0,1.6487212181091309,161.69817233085632
925,1.0,0.0,0.0,16,0,0,13.525906682014465,67.6875,1.0,1.6487212181091309,161.84654021263123
926,1.0,0.0,0.0,16,0,0,13.420965075492859,65.3125,1.0,1.6487212181091309,162.00210213661194
927,1.0,0.0,0.0,16,0,0,13.445126116275787,65.625,1.0,1.6487212181091309,162.17680430412292
928,1.0,0.0,0.0,16,0,0,13.331099390983582,67.25,1.0,1.6487212181091309,162.34786415100098
929,1.0,0.0,0.0,16,0,0,13.193957805633545,62.875,1.0,1.6487212181091309,162.51533842086792
930,1.0,0.0,0.0,16,0,0,13.26900428533554,61.625,1.0,1.6487212181091309,162.6788501739502
931,1.0,0.0,0.0,16,0,0,13.321865797042847,66.6875,1.0,1.6487212181091309,162.8484799861908
932,1.0,0.0,0.0,16,0,0,13.401182293891907,67.1875,1.0,1.6487212181091309,163.01226234436035
933,1.0,0.0,0.0,16,0,0,13.449401676654816,66.75,1.0,1.6487212181091309,163.1680042743683
934,1.0,0.0,0.0,16,0,0,13.372934877872467,67.5,1.0,1.6487212181091309,163.33047032356262
935,1.0,0.0,0.0,16,0,0,13.361808836460114,62.8125,1.0,1.6487212181091309,163.49265313148499
936,1.0,0.0,0.0,16,0,0,13.460013508796692,63.875,1.0,1.6487212181091309,163.63879132270813
937,1.0,0.0,0.0,16,0,0,13.334148406982422,63.5,1.0,1.6487212181091309,163.78448224067688
938,1.0,0.0,0.0,16,0,0,13.61456561088562,72.1875,1.0,1.6487212181091309,163.96550822257996
939,1.0,0.0,0.0,16,0,0,13.542497515678406,70.375,1.0,1.6487212181091309,164.13258814811707
940,1.0,0.0,0.0,16,0,0,13.517280101776123,69.625,1.0,1.6487212181091309,164.29305338859558
941,1.0,0.0,0.0,16,0,0,13.323805034160614,64.25,1.0,1.6487212181091309,164.51667714118958
942,1.0,0.0,0.0,16,0,0,13.270862817764282,65.625,1.0,1.6487212181091309,164.6853952407837
943,1.0,0.0,0.0,16,0,0,13.42656934261322,68.9375,1.0,1.6487212181091309,164.8417031764984
944,1.0,0.0,0.0,16,0,0,13.328917264938354,65.5,1.0,1.6487212181091309,165.05045223236084
945,1.0,0.0,0.0,16,0,0,13.52532958984375,70.75,1.0,1.6487212181091309,165.2551612854004
946,1.0,0.0,0.0,16,0,0,13.28250902891159,63.75,1.0,1.6487212181091309,165.3998510837555
947,1.0,0.0,0.0,16,0,0,13.454348802566528,68.0,1.0,1.6487212181091309,165.56069231033325
948,1.0,0.0,0.0,16,0,0,13.526995122432709,67.125,1.0,1.6487212181091309,165.73103523254395
949,1.0,0.0,0.0,16,0,0,13.371739029884338,65.75,1.0,1.6487212181091309,165.90712714195251
950,1.0,0.0,0.0,16,0,0,13.496929049491882,68.8125,1.0,1.6487212181091309,166.07911014556885
951,1.0,0.0,0.0,16,0,0,13.340598165988922,65.1875,1.0,1.6487212181091309,166.23893237113953
952,1.0,0.0,0.0,16,0,0,13.164243459701538,62.0625,1.0,1.6487212181091309,166.37666201591492
953,1.0,0.0,0.0,16,0,0,13.347131788730621,66.25,1.0,1.6487212181091309,166.53618836402893
954,1.0,0.0,0.0,16,0,0,13.446511507034302,62.25,1.0,1.6487212181091309,166.6746780872345
955,1.0,0.0,0.0,16,0,0,13.536646544933319,68.0,1.0,1.6487212181091309,166.82582330703735
956,1.0,0.0,0.0,16,0,0,13.283207416534424,61.875,1.0,1.6487212181091309,166.960351228714
957,1.0,0.0,0.0,16,0,0,13.411171674728394,65.375,1.0,1.6487212181091309,167.1070683002472
958,1.0,0.0,0.0,16,0,0,13.437948226928711,68.625,1.0,1.6487212181091309,167.26151704788208
959,1.0,0.0,0.0,16,0,0,13.36764919757843,64.0,1.0,1.6487212181091309,167.40062022209167
960,1.0,0.0,0.0,16,0,0,13.466688573360443,66.75,1.0,1.6487212181091309,167.58358931541443
961,1.0,0.0,0.0,16,0,0,13.402436435222626,65.5,1.0,1.6487212181091309,167.75117111206055
962,1.0,0.0,0.0,16,0,0,13.243951261043549,65.75,1.0,1.6487212181091309,167.90013122558594
963,1.0,0.0,0.0,16,0,0,13.206082999706268,61.5625,1.0,1.6487212181091309,168.034597158432
964,1.0,0.0,0.0,16,0,0,13.112536609172821,60.6875,1.0,1.6487212181091309,168.17051029205322
965,1.0,0.0,0.0,16,0,0,13.209909200668335,61.5625,1.0,1.6487212181091309,168.3919792175293
966,1.0,0.0,0.0,16,0,0,13.550349712371826,73.8125,1.0,1.6487212181091309,168.58901238441467
967,1.0,0.0,0.0,16,0,0,13.324268639087677,64.4375,1.0,1.6487212181091309,168.76589822769165
968,1.0,0.0,0.0,16,0,0,13.384964764118195,67.625,1.0,1.6487212181091309,168.92566227912903
969,1.0,0.0,0.0,16,0,0,13.358778476715088,64.1875,1.0,1.6487212181091309,169.0805423259735
970,1.0,0.0,0.0,16,0,0,13.350072860717773,64.8125,1.0,1.6487212181091309,169.27533435821533
971,1.0,0.0,0.0,16,0,0,13.47399789094925,73.1875,1.0,1.6487212181091309,169.465811252594
972,1.0,0.0,0.0,16,0,0,13.369126081466675,66.5625,1.0,1.6487212181091309,169.7071192264557
973,1.0,0.0,0.0,16,0,0,13.32107424736023,70.25,1.0,1.6487212181091309,169.88236331939697
974,1.0,0.0,0.0,16,0,0,13.41439801454544,66.375,1.0,1.6487212181091309,170.04953336715698
975,1.0,0.0,0.0,16,0,0,13.199595987796783,65.3125,1.0,1.6487212181091309,170.2302951812744
976,1.0,0.0,0.0,16,0,0,13.450972855091095,68.125,1.0,1.6487212181091309,170.44863533973694
977,1.0,0.0,0.0,16,0,0,13.316033124923706,61.125,1.0,1.6487212181091309,170.59222722053528
978,1.0,0.0,0.0,16,0,0,13.447417497634888,63.25,1.0,1.6487212181091309,170.7305862903595
979,1.0,0.0,0.0,16,0,0,13.445193827152252,65.0,1.0,1.6487212181091309,170.8851420879364
980,1.0,0.0,0.0,16,0,0,13.252709746360779,65.5625,1.0,1.6487212181091309,171.03614330291748
981,1.0,0.0,0.0,16,0,0,13.39024806022644,65.75,1.0,1.6487212181091309,171.2340371608734
982,1.0,0.0,0.0,16,0,0,13.568849861621857,67.75,1.0,1.6487212181091309,171.49356317520142
983,1.0,0.0,0.0,16,0,0,13.483228862285614,65.5625,1.0,1.6487212181091309,171.77995920181274
984,1.0,0.0,0.0,16,0,0,13.482477247714996,68.875,1.0,1.6487212181091309,171.9778664112091
985,1.0,0.0,0.0,16,0,0,13.258884489536285,62.0,1.0,1.6487212181091309,172.14371609687805
986,1.0,0.0,0.0,16,0,0,13.267044365406036,62.4375,1.0,1.6487212181091309,172.31773114204407
987,1.0,0.0,0.0,16,0,0,13.32054054737091,63.1875,1.0,1.6487212181091309,172.5162570476532
988,1.0,0.0,0.0,16,0,0,13.358952224254608,63.0625,1.0,1.6487212181091309,172.6882963180542
989,1.0,0.0,0.0,16,0,0,13.431015968322754,68.375,1.0,1.6487212181091309,172.8744204044342
990,1.0,0.0,0.0,16,0,0,13.287281811237335,65.1875,1.0,1.6487212181091309,173.07894015312195
991,1.0,0.0,0.0,16,0,0,13.34317946434021,63.375,1.0,1.6487212181091309,173.30915522575378
992,1.0,0.0,0.0,16,0,0,13.35305792093277,66.0625,1.0,1.6487212181091309,173.54616713523865
993,1.0,0.0,0.0,16,0,0,13.47527939081192,68.25,1.0,1.6487212181091309,173.71293210983276
994,1.0,0.0,0.0,16,0,0,13.447519719600677,67.1875,1.0,1.6487212181091309,173.90632128715515
995,1.0,0.0,0.0,16,0,0,13.369024515151978,64.9375,1.0,1.6487212181091309,174.06578302383423
996,1.0,0.0,0.0,16,0,0,13.189319550991058,62.4375,1.0,1.6487212181091309,174.20463013648987
997,1.0,0.0,0.0,16,0,0,13.320193111896515,61.375,1.0,1.6487212181091309,174.3750331401825
998,1.0,0.0,0.0,16,0,0,13.258012771606445,64.6875,1.0,1.6487212181091309,174.5411262512207
999,1.0,0.0,0.0,16,0,0,13.408416748046875,66.75,1.0,1.6487212181091309,174.70005345344543
1000,1.0,0.0,0.0,16,0,0,13.374943912029266,59.625,1.0,1.6487212181091309,174.8448450565338
1001,1.0,0.0,0.0,16,0,0,13.341775476932526,66.25,1.0,1.6487212181091309,174.99937629699707
1002,1.0,0.0,0.0,16,0,0,13.318094372749329,63.0,1.0,1.6487212181091309,175.13759636878967
1003,1.0,0.0,0.0,16,0,0,13.34473204612732,64.8125,1.0,1.6487212181091309,175.28549814224243
1004,1.0,0.0,0.0,16,0,0,13.507615566253662,71.125,1.0,1.6487212181091309,175.44607830047607
1005,1.0,0.0,0.0,16,0,0,13.378067016601562,64.25,1.0,1.6487212181091309,175.59042620658875
1006,1.0,0.0,0.0,16,0,0,13.364629805088043,66.75,1.0,1.6487212181091309,175.73788332939148
1007,1.0,0.0,0.0,16,0,0,13.416935563087463,66.0,1.0,1.6487212181091309,175.88256931304932
1008,1.0,0.0,0.0,16,0,0,13.309331059455872,67.0625,1.0,1.6487212181091309,176.04496312141418
1009,1.0,0.0,0.0,16,0,0,13.504243910312653,66.4375,1.0,1.6487212181091309,176.19691109657288
1010,1.0,0.0,0.0,16,0,0,13.246615052223206,62.0,1.0,1.6487212181091309,176.34146428108215
1011,1.0,0.0,0.0,16,0,0,13.426958560943604,65.625,1.0,1.6487212181091309,176.4951093196869
1012,1.0,0.0,0.0,16,0,0,13.523256421089172,66.0625,1.0,1.6487212181091309,176.65572714805603
1013,1.0,0.0,0.0,16,0,0,13.458329558372498,66.375,1.0,1.6487212181091309,176.8184461593628
1014,1.0,0.0,0.0,16,0,0,13.088840246200562,60.375,1.0,1.6487212181091309,176.96618700027466
1015,1.0,0.0,0.0,16,0,0,13.372571229934692,70.75,1.0,1.6487212181091309,177.14472031593323
1016,1.0,0.0,0.0,16,0,0,13.409777283668518,69.375,1.0,1.6487212181091309,177.31852531433105
1017,1.0,0.0,0.0,16,0,0,13.487306118011475,66.875,1.0,1.6487212181091309,177.4760181903839
1018,1.0,0.0,0.0,16,0,0,13.426782310009003,67.1875,1.0,1.6487212181091309,177.62691617012024
1019,1.0,0.0,0.0,16,0,0,13.428300678730011,65.875,1.0,1.6487212181091309,177.77290225028992
1020,1.0,0.0,0.0,16,0,0,13.532787919044495,69.0,1.0,1.6487212181091309,177.94265127182007
1021,1.0,0.0,0.0,16,0,0,13.33161062002182,63.4375,1.0,1.6487212181091309,178.10873126983643
1022,1.0,0.0,0.0,16,0,0,13.238015115261078,63.1875,1.0,1.6487212181091309,178.26711916923523
1023,1.0,0.0,0.0,16,0,0,13.41286838054657,69.1875,1.0,1.6487212181091309,178.4382791519165
1024,1.0,0.0,0.0,16,0,0,13.432160079479218,65.25,1.0,1.6487212181091309,178.59057426452637
1025,1.0,0.0,0.0,16,0,0,13.241323471069336,59.6875,1.0,1.6487212181091309,178.73766326904297
1026,1.0,0.0,0.0,16,0,0,13.55979573726654,68.625,1.0,1.6487212181091309,178.90282917022705
1027,1.0,0.0,0.0,16,0,0,13.446885704994202,63.125,1.0,1.6487212181091309,179.06260514259338
1028,1.0,0.0,0.0,16,0,0,13.28879588842392,65.5,1.0,1.6487212181091309,179.2306501865387
1029,1.0,0.0,0.0,16,0,0,13.403421342372894,68.0625,1.0,1.6487212181091309,179.4058222770691
1030,1.0,0.0,0.0,16,0,0,13.413329720497131,62.5,1.0,1.6487212181091309,179.56568813323975
1031,1.0,0.0,0.0,16,0,0,13.376669347286224,66.125,1.0,1.6487212181091309,179.7238531112671
1032,1.0,0.0,0.0,16,0,0,13.562864065170288,67.25,1.0,1.6487212181091309,179.8919243812561
1033,1.0,0.0,0.0,16,0,0,13.485299825668335,64.75,1.0,1.6487212181091309,180.0980281829834
1034,1.0,0.0,0.0,16,0,0,13.52149784564972,66.625,1.0,1.6487212181091309,180.30536603927612
1035,1.0,0.0,0.0,16,0,0,13.294028997421265,64.875,1.0,1.6487212181091309,180.5144431591034
1036,1.0,0.0,0.0,16,0,0,13.27615475654602,59.375,1.0,1.6487212181091309,180.696120262146
1037,1.0,0.0,0.0,16,0,0,13.348920047283173,64.5,1.0,1.6487212181091309,180.86380434036255
1038,1.0,0.0,0.0,16,0,0,13.493495047092438,67.4375,1.0,1.6487212181091309,181.03639030456543
1039,1.0,0.0,0.0,16,0,0,13.387062966823578,64.6875,1.0,1.6487212181091309,181.20084023475647
1040,1.0,0.0,0.0,16,0,0,13.483797132968903,65.125,1.0,1.6487212181091309,181.36011028289795
1041,1.0,0.0,0.0,16,0,0,13.385055899620056,67.8125,1.0,1.6487212181091309,181.51957607269287
1042,1.0,0.0,0.0,16,0,0,13.472830295562744,69.125,1.0,1.6487212181091309,181.69588708877563
1043,1.0,0.0,0.0,16,0,0,13.356379985809326,65.9375,1.0,1.6487212181091309,181.909086227417
1044,1.0,0.0,0.0,16,0,0,13.433499693870544,67.0,1.0,1.6487212181091309,182.06010818481445
1045,1.0,0.0,0.0,16,0,0,13.49424684047699,69.1875,1.0,1.6487212181091309,182.32519817352295
1046,1.0,0.0,0.0,16,0,0,13.511110484600067,67.375,1.0,1.6487212181091309,182.4988362789154
1047,1.0,0.0,0.0,16,0,0,13.308767795562744,67.125,1.0,1.6487212181091309,182.6875021457672
1048,1.0,0.0,0.0,16,0,0,13.210097134113312,63.3125,1.0,1.6487212181091309,182.8479232788086
1049,1.0,0.0,0.0,16,0,0,13.402039349079132,67.1875,1.0,1.6487212181091309,183.01822519302368
1050,1.0,0.0,0.0,16,0,0,13.348598957061768,66.75,1.0,1.6487212181091309,183.1833794116974
1051,1.0,0.0,0.0,16,0,0,13.241709887981415,65.8125,1.0,1.6487212181091309,183.35472226142883
1052,1.0,0.0,0.0,16,0,0,13.492813169956207,66.375,1.0,1.6487212181091309,183.5180380344391
1053,1.0,0.0,0.0,16,0,0,13.369311809539795,66.3125,1.0,1.6487212181091309,183.68122625350952
1054,1.0,0.0,0.0,16,0,0,13.399027407169342,67.125,1.0,1.6487212181091309,183.84694409370422
1055,1.0,0.0,0.0,16,0,0,13.069051027297974,62.375,1.0,1.6487212181091309,183.9971342086792
1056,1.0,0.0,0.0,16,0,0,13.312294840812683,65.5625,1.0,1.6487212181091309,184.16054224967957
1057,1.0,0.0,0.0,16,0,0,13.313069581985474,63.4375,1.0,1.6487212181091309,184.33986830711365
1058,1.0,0.0,0.0,16,0,0,13.496909022331238,68.6875,1.0,1.6487212181091309,184.5192461013794
1059,1.0,0.0,0.0,16,0,0,13.293683528900146,65.625,1.0,1.6487212181091309,184.68330025672913
1060,1.0,0.0,0.0,16,0,0,13.606056690216064,68.125,1.0,1.6487212181091309,184.85675621032715
1061,1.0,0.0,0.0,16,0,0,13.370974600315094,68.0625,1.0,1.6487212181091309,185.03068804740906
1062,1.0,0.0,0.0,16,0,0,13.461207866668701,68.0625,1.0,1.6487212181091309,185.20991730690002
1063,1.0,0.0,0.0,16,0,0,13.474499642848969,67.375,1.0,1.6487212181091309,185.3870542049408
1064,1.0,0.0,0.0,16,0,0,13.347442507743835,65.4375,1.0,1.6487212181091309,185.55777716636658
1065,1.0,0.0,0.0,16,0,0,13.394128441810608,63.75,1.0,1.6487212181091309,185.7151482105255
1066,1.0,0.0,0.0,16,0,0,13.675836980342865,67.875,1.0,1.6487212181091309,185.89580535888672
1067,1.0,0.0,0.0,16,0,0,13.45061182975769,64.75,1.0,1.6487212181091309,186.0658781528473
1068,1.0,0.0,0.0,16,0,0,13.429993450641632,63.875,1.0,1.6487212181091309,186.2320351600647
1069,1.0,0.0,0.0,16,0,0,13.414549589157104,64.375,1.0,1.6487212181091309,186.3900911808014
1070,1.0,0.0,0.0,16,0,0,13.608526349067688,68.625,1.0,1.6487212181091309,186.57077932357788
1071,1.0,0.0,0.0,16,0,0,13.514770984649658,72.125,1.0,1.6487212181091309,186.75911116600037
1072,1.0,0.0,0.0,16,0,0,13.4005166888237,66.75,1.0,1.6487212181091309,186.94097423553467
1073,1.0,0.0,0.0,16,0,0,13.359008014202118,65.0625,1.0,1.6487212181091309,187.11679410934448
1074,1.0,0.0,0.0,16,0,0,13.46013867855072,66.625,1.0,1.6487212181091309,187.28271007537842
1075,1.0,0.0,0.0,16,0,0,13.441581845283508,64.9375,1.0,1.6487212181091309,187.44160532951355
1076,1.0,0.0,0.0,16,0,0,13.358480393886566,65.8125,1.0,1.6487212181091309,187.59739637374878
1077,1.0,0.0,0.0,16,0,0,13.448330521583557,64.375,1.0,1.6487212181091309,187.7595043182373
1078,1.0,0.0,0.0,16,0,0,13.29485285282135,60.625,1.0,1.6487212181091309,187.91454315185547
1079,1.0,0.0,0.0,16,0,0,13.585605084896088,69.5625,1.0,1.6487212181091309,188.12253427505493
1080,1.0,0.0,0.0,16,0,0,13.45127260684967,65.1875,1.0,1.6487212181091309,188.32985615730286
1081,1.0,0.0,0.0,16,0,0,13.572289407253265,71.0625,1.0,1.6487212181091309,188.5411891937256
1082,1.0,0.0,0.0,16,0,0,13.560522675514221,67.5625,1.0,1.6487212181091309,188.71285033226013
1083,1.0,0.0,0.0,16,0,0,13.401377320289612,71.75,1.0,1.6487212181091309,188.8823311328888
1084,1.0,0.0,0.0,16,0,0,13.359116733074188,65.125,1.0,1.6487212181091309,189.05754017829895
1085,1.0,0.0,0.0,16,0,0,13.594477891921997,71.4375,1.0,1.6487212181091309,189.26331520080566
1086,1.0,0.0,0.0,16,0,0,13.379795849323273,67.875,1.0,1.6487212181091309,189.4645073413849
1087,1.0,0.0,0.0,16,0,0,13.443395614624023,66.75,1.0,1.6487212181091309,189.6326141357422
1088,1.0,0.0,0.0,16,0,0,13.468223929405212,66.125,1.0,1.6487212181091309,189.8088822364807
1089,1.0,0.0,0.0,16,0,0,13.398048460483551,64.8125,1.0,1.6487212181091309,189.98114037513733
1090,1.0,0.0,0.0,16,0,0,13.530266523361206,71.25,1.0,1.6487212181091309,190.14784932136536
1091,1.0,0.0,0.0,16,0,0,13.177224934101105,61.0625,1.0,1.6487212181091309,190.3031861782074
1092,1.0,0.0,0.0,16,0,0,13.316090166568756,64.0,1.0,1.6487212181091309,190.45105838775635
1093,1.0,0.0,0.0,16,0,0,13.334903597831726,69.0625,1.0,1.6487212181091309,190.6797833442688
1094,1.0,0.0,0.0,16,0,0,13.513099133968353,68.4375,1.0,1.6487212181091309,190.87136721611023
1095,1.0,0.0,0.0,16,0,0,13.293377041816711,66.1875,1.0,1.6487212181091309,191.03211641311646
1096,1.0,0.0,0.0,16,0,0,13.354354679584503,60.875,1.0,1.6487212181091309,191.18601536750793
1097,1.0,0.0,0.0,16,0,0,13.377629458904266,64.625,1.0,1.6487212181091309,191.34623527526855
1098,1.0,0.0,0.0,16,0,0,13.527613520622253,66.8125,1.0,1.6487212181091309,191.52405405044556
1099,1.0,0.0,0.0,16,0,0,13.474350154399872,67.0,1.0,1.6487212181091309,191.69536924362183
1100,1.0,0.0,0.0,16,0,0,13.446380734443665,71.5,1.0,1.6487212181091309,191.86813020706177
1101,1.0,0.0,0.0,16,0,0,13.462935209274292,66.375,1.0,1.6487212181091309,192.04001927375793
1102,1.0,0.0,0.0,16,0,0,13.246408462524414,68.0,1.0,1.6487212181091309,192.21518325805664
1103,1.0,0.0,0.0,16,0,0,13.400512218475342,62.8125,1.0,1.6487212181091309,192.37057518959045
1104,1.0,0.0,0.0,16,0,0,13.392902970314026,62.5625,1.0,1.6487212181091309,192.53254508972168
1105,1.0,0.0,0.0,16,0,0,13.343112766742706,66.25,1.0,1.6487212181091309,192.7055151462555
1106,1.0,0.0,0.0,16,0,0,13.51899379491806,66.0625,1.0,1.6487212181091309,192.88309335708618
1107,1.0,0.0,0.0,16,0,0,13.507749021053314,67.1875,1.0,1.6487212181091309,193.06137919425964
1108,1.0,0.0,0.0,16,0,0,13.356071531772614,65.9375,1.0,1.6487212181091309,193.2279453277588
1109,1.0,0.0,0.0,16,0,0,13.357647597789764,69.0625,1.0,1.6487212181091309,193.42521619796753
1110,1.0,0.0,0.0,16,0,0,13.483534514904022,68.0,1.0,1.6487212181091309,193.60367631912231
1111,1.0,0.0,0.0,16,0,0,13.315994620323181,66.5,1.0,1.6487212181091309,193.76843428611755
1112,1.0,0.0,0.0,16,0,0,13.329276978969574,63.625,1.0,1.6487212181091309,193.92715430259705
1113,1.0,0.0,0.0,16,0,0,13.381604373455048,59.9375,1.0,1.6487212181091309,194.09520411491394
1114,1.0,0.0,0.0,16,0,0,13.536304116249084,71.5625,1.0,1.6487212181091309,194.27177810668945
1115,1.0,0.0,0.0,16,0,0,13.61325854063034,72.0,1.0,1.6487212181091309,194.44412636756897
1116,1.0,0.0,0.0,16,0,0,13.548817873001099,66.625,1.0,1.6487212181091309,194.60804915428162
1117,1.0,0.0,0.0,16,0,0,13.722915649414062,77.3125,1.0,1.6487212181091309,194.867591381073
1118,1.0,0.0,0.0,16,0,0,13.4782212972641,64.25,1.0,1.6487212181091309,195.0429711341858
1119,1.0,0.0,0.0,16,0,0,13.539556562900543,68.0,1.0,1.6487212181091309,195.21831440925598
1120,1.0,0.0,0.0,16,0,0,13.453758239746094,68.8125,1.0,1.6487212181091309,195.39232516288757
1121,1.0,0.0,0.0,16,0,0,13.38527399301529,67.875,1.0,1.6487212181091309,195.57154631614685
1122,1.0,0.0,0.0,16,0,0,13.473012030124664,70.8125,1.0,1.6487212181091309,195.75609016418457
1123,1.0,0.0,0.0,16,0,0,13.32912802696228,65.0625,1.0,1.6487212181091309,195.92441701889038
1124,1.0,0.0,0.0,16,0,0,13.38962835073471,68.1875,1.0,1.6487212181091309,196.11444520950317
1125,1.0,0.0,0.0,16,0,0,13.468085050582886,70.125,1.0,1.6487212181091309,196.28758811950684
1126,1.0,0.0,0.0,16,0,0,13.658592522144318,71.3125,1.0,1.6487212181091309,196.47163128852844
1127,1.0,0.0,0.0,16,0,0,13.376917958259583,66.4375,1.0,1.6487212181091309,196.63318705558777
1128,1.0,0.0,0.0,16,0,0,13.435691714286804,68.125,1.0,1.6487212181091309,196.8121383190155
1129,1.0,0.0,0.0,16,0,0,13.40866768360138,65.1875,1.0,1.6487212181091309,197.0096971988678
1130,1.0,0.0,0.0,16,0,0,13.44456571340561,69.8125,1.0,1.6487212181091309,197.17926621437073
1131,1.0,0.0,0.0,16,0,0,13.500934302806854,66.4375,1.0,1.6487212181091309,197.34930109977722
1132,1.0,0.0,0.0,16,0,0,13.39165985584259,63.375,1.0,1.6487212181091309,197.5080111026764
1133,1.0,0.0,0.0,16,0,0,13.291480600833893,63.625,1.0,1.6487212181091309,197.67106318473816
1134,1.0,0.0,0.0,16,0,0,13.566571712493896,71.0625,1.0,1.6487212181091309,197.8515272140503
1135,1.0,0.0,0.0,16,0,0,13.565837264060974,72.6875,1.0,1.6487212181091309,198.0290343761444
1136,1.0,0.0,0.0,16,0,0,13.214320003986359,61.75,1.0,1.6487212181091309,198.2032561302185
1137,1.0,0.0,0.0,16,0,0,13.613194048404694,68.375,1.0,1.6487212181091309,198.37591338157654
1138,1.0,0.0,0.0,16,0,0,13.392272651195526,64.375,1.0,1.6487212181091309,198.5402853488922
1139,1.0,0.0,0.0,16,0,0,13.410999476909637,65.5,1.0,1.6487212181091309,198.70300912857056
1140,1.0,0.0,0.0,16,0,0,13.626821041107178,74.0,1.0,1.6487212181091309,198.89085125923157
1141,1.0,0.0,0.0,16,0,0,13.393091320991516,65.75,1.0,1.6487212181091309,199.09295225143433
1142,1.0,0.0,0.0,16,0,0,13.464086711406708,65.75,1.0,1.6487212181091309,199.28120923042297
1143,1.0,0.0,0.0,16,0,0,13.392930030822754,64.0625,1.0,1.6487212181091309,199.43796920776367
1144,1.0,0.0,0.0,16,0,0,13.345961928367615,65.9375,1.0,1.6487212181091309,199.59419131278992
1145,1.0,0.0,0.0,16,0,0,13.514638304710388,65.4375,1.0,1.6487212181091309,199.76149606704712
1146,1.0,0.0,0.0,16,0,0,13.304172456264496,64.3125,1.0,1.6487212181091309,199.92264604568481
1147,1.0,0.0,0.0,16,0,0,13.406785726547241,66.75,1.0,1.6487212181091309,200.08614826202393
1148,1.0,0.0,0.0,16,0,0,13.531420767307281,65.6875,1.0,1.6487212181091309,200.2472870349884
1149,1.0,0.0,0.0,16,0,0,13.550480902194977,72.0625,1.0,1.6487212181091309,200.43604731559753
1150,1.0,0.0,0.0,16,0,0,13.560865581035614,72.375,1.0,1.6487212181091309,200.62705421447754
1151,1.0,0.0,0.0,16,0,0,13.509342908859253,65.6875,1.0,1.6487212181091309,200.79865527153015
1152,1.0,0.0,0.0,16,0,0,13.5481538772583,72.4375,1.0,1.6487212181091309,200.99333715438843
1153,1.0,0.0,0.0,16,0,0,13.6242396235466,67.1875,1.0,1.6487212181091309,201.18480324745178
1154,1.0,0.0,0.0,16,0,0,13.236985862255096,64.25,1.0,1.6487212181091309,201.36223936080933
1155,1.0,0.0,0.0,16,0,0,13.278931736946106,61.0,1.0,1.6487212181091309,201.5258412361145
1156,1.0,0.0,0.0,16,0,0,13.54803192615509,71.1875,1.0,1.6487212181091309,201.70100140571594
1157,1.0,0.0,0.0,16,0,0,13.467591047286987,66.5625,1.0,1.6487212181091309,201.8798122406006
1158,1.0,0.0,0.0,16,0,0,13.60504525899887,72.0,1.0,1.6487212181091309,202.0561752319336
1159,1.0,0.0,0.0,16,0,0,13.42690235376358,62.9375,1.0,1.6487212181091309,202.21804642677307
1160,1.0,0.0,0.0,16,0,0,13.388402342796326,64.5,1.0,1.6487212181091309,202.38352727890015
1161,1.0,0.0,0.0,16,0,0,13.383804082870483,60.625,1.0,1.6487212181091309,202.5543532371521
1162,1.0,0.0,0.0,16,0,0,13.319954216480255,65.375,1.0,1.6487212181091309,202.7237992286682
1163,1.0,0.0,0.0,16,0,0,13.493826687335968,66.75,1.0,1.6487212181091309,202.91130328178406
1164,1.0,0.0,0.0,16,0,0,13.510214805603027,70.0,1.0,1.6487212181091309,203.10760116577148
1165,1.0,0.0,0.0,16,0,0,13.56582248210907,70.25,1.0,1.6487212181091309,203.3440933227539
1166,1.0,0.0,0.0,16,0,0,13.391249120235443,66.5625,1.0,1.6487212181091309,203.5243980884552
1167,1.0,0.0,0.0,16,0,0,13.438913524150848,67.125,1.0,1.6487212181091309,203.69476318359375
1168,1.0,0.0,0.0,16,0,0,13.431468427181244,68.5,1.0,1.6487212181091309,203.8649070262909
1169,1.0,0.0,0.0,16,0,0,13.342590272426605,64.9375,1.0,1.6487212181091309,204.03378820419312
1170,1.0,0.0,0.0,16,0,0,13.319684147834778,71.5,1.0,1.6487212181091309,204.21333622932434
1171,1.0,0.0,0.0,16,0,0,13.362391591072083,62.25,1.0,1.6487212181091309,204.3804132938385
1172,1.0,0.0,0.0,16,0,0,13.421864449977875,68.4375,1.0,1.6487212181091309,204.5598282814026
1173,1.0,0.0,0.0,16,0,0,13.400512397289276,67.875,1.0,1.6487212181091309,204.74081826210022
1174,1.0,0.0,0.0,16,0,0,13.558610618114471,69.25,1.0,1.6487212181091309,204.90823817253113
1175,1.0,0.0,0.0,16,0,0,13.276859402656555,64.25,1.0,1.6487212181091309,205.07917428016663
1176,1.0,0.0,0.0,16,0,0,13.488554239273071,67.5625,1.0,1.6487212181091309,205.25466537475586
1177,1.0,0.0,0.0,16,0,0,13.544101476669312,67.6875,1.0,1.6487212181091309,205.44877314567566
1178,1.0,0.0,0.0,16,0,0,13.068970322608948,61.75,1.0,1.6487212181091309,205.6332893371582
1179,1.0,0.0,0.0,16,0,0,13.476648688316345,67.375,1.0,1.6487212181091309,205.81079125404358
1180,1.0,0.0,0.0,16,0,0,13.347046554088593,65.0625,1.0,1.6487212181091309,205.98581624031067
1181,1.0,0.0,0.0,16,0,0,13.426079988479614,65.6875,1.0,1.6487212181091309,206.21147227287292
1182,1.0,0.0,0.0,16,0,0,13.489468157291412,66.5625,1.0,1.6487212181091309,206.47029829025269
1183,1.0,0.0,0.0,16,0,0,13.404358685016632,66.0625,1.0,1.6487212181091309,206.64628314971924
1184,1.0,0.0,0.0,16,0,0,13.396248638629913,66.875,1.0,1.6487212181091309,206.81798028945923
1185,1.0,0.0,0.0,16,0,0,13.320105075836182,64.5625,1.0,1.6487212181091309,206.98102617263794
1186,1.0,0.0,0.0,16,0,0,13.479844987392426,68.6875,1.0,1.6487212181091309,207.15373015403748
1187,1.0,0.0,0.0,16,0,0,13.408849656581879,64.9375,1.0,1.6487212181091309,207.30902409553528
1188,1.0,0.0,0.0,16,0,0,13.548289597034454,68.25,1.0,1.6487212181091309,207.54791927337646
1189,1.0,0.0,0.0,16,0,0,13.362172842025757,64.6875,1.0,1.6487212181091309,207.71785712242126
1190,1.0,0.0,0.0,16,0,0,13.181590735912323,64.6875,1.0,1.6487212181091309,207.88882112503052
1191,1.0,0.0,0.0,16,0,0,13.594353139400482,70.0625,1.0,1.6487212181091309,208.0623471736908
1192,1.0,0.0,0.0,16,0,0,13.356668949127197,64.75,1.0,1.6487212181091309,208.23069024085999
1193,1.0,0.0,0.0,16,0,0,13.432319045066833,66.9375,1.0,1.6487212181091309,208.40701413154602
1194,1.0,0.0,0.0,16,0,0,13.469018399715424,67.4375,1.0,1.6487212181091309,208.56926107406616
1195,1.0,0.0,0.0,16,0,0,13.447563648223877,67.0625,1.0,1.6487212181091309,208.73498010635376
1196,1.0,0.0,0.0,16,0,0,13.744590401649475,71.25,1.0,1.6487212181091309,208.91248512268066
1197,1.0,0.0,0.0,16,0,0,13.442779123783112,67.5625,1.0,1.6487212181091309,209.08840322494507
1198,1.0,0.0,0.0,16,0,0,13.324231386184692,64.1875,1.0,1.6487212181091309,209.25398325920105
1199,1.0,0.0,0.0,16,0,0,13.379274904727936,63.875,1.0,1.6487212181091309,209.41329312324524
1200,1.0,0.0,0.0,16,0,0,13.40759825706482,64.5,1.0,1.6487212181091309,209.60321521759033
1201,1.0,0.0,0.0,16,0,0,13.541229367256165,64.375,1.0,1.6487212181091309,209.77619528770447
1202,1.0,0.0,0.0,16,0,0,13.503011167049408,68.625,1.0,1.6487212181091309,209.9550120830536
1203,1.0,0.0,0.0,16,0,0,13.305707514286041,67.625,1.0,1.6487212181091309,210.12658834457397
1204,1.0,0.0,0.0,16,0,0,13.360883355140686,64.375,1.0,1.6487212181091309,210.32159733772278
1205,1.0,0.0,0.0,16,0,0,13.502071380615234,70.5,1.0,1.6487212181091309,210.5006082057953
1206,1.0,0.0,0.0,16,0,0,13.550383806228638,70.4375,1.0,1.6487212181091309,210.68646335601807
1207,1.0,0.0,0.0,16,0,0,13.29570186138153,67.0,1.0,1.6487212181091309,210.85143613815308
1208,1.0,0.0,0.0,16,0,0,13.574702620506287,66.125,1.0,1.6487212181091309,211.01893711090088
1209,1.0,0.0,0.0,16,0,0,13.279588878154755,61.375,1.0,1.6487212181091309,211.175546169281
1210,1.0,0.0,0.0,16,0,0,13.39609044790268,62.875,1.0,1.6487212181091309,211.33668613433838
1211,1.0,0.0,0.0,16,0,0,13.422520756721497,65.8125,1.0,1.6487212181091309,211.5120701789856
1212,1.0,0.0,0.0,16,0,0,13.514335691928864,68.375,1.0,1.6487212181091309,211.7316153049469
1213,1.0,0.0,0.0,16,0,0,13.360587060451508,66.375,1.0,1.6487212181091309,211.8936083316803
1214,1.0,0.0,0.0,16,0,0,13.394331455230713,67.3125,1.0,1.6487212181091309,212.06707406044006
1215,1.0,0.0,0.0,16,0,0,13.372000753879547,63.875,1.0,1.6487212181091309,212.24220538139343
1216,1.0,0.0,0.0,16,0,0,13.679989755153656,72.75,1.0,1.6487212181091309,212.42938423156738
1217,1.0,0.0,0.0,16,0,0,13.407178401947021,71.375,1.0,1.6487212181091309,212.6171841621399
1218,1.0,0.0,0.0,16,0,0,13.502707540988922,65.5625,1.0,1.6487212181091309,212.77780723571777
1219,1.0,0.0,0.0,16,0,0,13.463804721832275,67.0,1.0,1.6487212181091309,212.94107127189636
1220,1.0,0.0,0.0,16,0,0,13.464811325073242,66.3125,1.0,1.6487212181091309,213.10370206832886
1221,1.0,0.0,0.0,16,0,0,13.47801560163498,68.6875,1.0,1.6487212181091309,213.27756810188293
1222,1.0,0.0,0.0,16,0,0,13.528007805347443,65.8125,1.0,1.6487212181091309,213.43833923339844
1223,1.0,0.0,0.0,16,0,0,13.543962359428406,71.125,1.0,1.6487212181091309,213.6107120513916
1224,1.0,0.0,0.0,16,0,0,13.378491520881653,66.625,1.0,1.6487212181091309,213.7987961769104
1225,1.0,0.0,0.0,16,0,0,13.523995161056519,72.4375,1.0,1.6487212181091309,213.97967314720154
1226,1.0,0.0,0.0,16,0,0,13.656188130378723,67.75,1.0,1.6487212181091309,214.1564474105835
1227,1.0,0.0,0.0,16,0,0,13.370103299617767,65.3125,1.0,1.6487212181091309,214.3327922821045
1228,1.0,0.0,0.0,16,0,0,13.476437449455261,68.9375,1.0,1.6487212181091309,214.50693130493164
1229,1.0,0.0,0.0,16,0,0,13.315194070339203,63.1875,1.0,1.6487212181091309,214.66563415527344
1230,1.0,0.0,0.0,16,0,0,13.386080145835876,64.3125,1.0,1.6487212181091309,214.84459924697876
1231,1.0,0.0,0.0,16,0,0,13.345046281814575,67.625,1.0,1.6487212181091309,215.02265524864197
1232,1.0,0.0,0.0,16,0,0,13.448335766792297,68.375,1.0,1.6487212181091309,215.20198345184326
1233,1.0,0.0,0.0,16,0,0,13.436513066291809,63.8125,1.0,1.6487212181091309,215.36019730567932
1234,1.0,0.0,0.0,16,0,0,13.534416615962982,71.6875,1.0,1.6487212181091309,215.5371072292328
1235,1.0,0.0,0.0,16,0,0,13.236039102077484,60.8125,1.0,1.6487212181091309,215.6991741657257
1236,1.0,0.0,0.0,16,0,0,13.555785119533539,68.375,1.0,1.6487212181091309,215.89312529563904
1237,1.0,0.0,0.0,16,0,0,13.421431541442871,68.125,1.0,1.6487212181091309,216.06409621238708
1238,1.0,0.0,0.0,16,0,0,13.398806154727936,65.4375,1.0,1.6487212181091309,216.24167823791504
1239,1.0,0.0,0.0,16,0,0,13.56685096025467,69.8125,1.0,1.6487212181091309,216.41098523139954
1240,1.0,0.0,0.0,16,0,0,13.266452193260193,65.25,1.0,1.6487212181091309,216.57549333572388
1241,1.0,0.0,0.0,16,0,0,13.306312322616577,63.125,1.0,1.6487212181091309,216.72858428955078
1242,1.0,0.0,0.0,16,0,0,13.231178641319275,61.0625,1.0,1.6487212181091309,216.9004373550415
1243,1.0,0.0,0.0,16,0,0,13.458556771278381,66.875,1.0,1.6487212181091309,217.06623005867004
1244,1.0,0.0,0.0,16,0,0,13.552494049072266,73.5625,1.0,1.6487212181091309,217.27151942253113
1245,1.0,0.0,0.0,16,0,0,13.334401428699493,63.5,1.0,1.6487212181091309,217.43103432655334
1246,1.0,0.0,0.0,16,0,0,13.382391452789307,64.5,1.0,1.6487212181091309,217.60146617889404
1247,1.0,0.0,0.0,16,0,0,13.359110653400421,63.8125,1.0,1.6487212181091309,217.7664783000946
1248,1.0,0.0,0.0,16,0,0,13.264854073524475,63.875,1.0,1.6487212181091309,217.92553329467773
1249,1.0,0.0,0.0,16,0,0,13.442609250545502,67.1875,1.0,1.6487212181091309,218.11799025535583
1250,1.0,0.0,0.0,16,0,0,13.537334501743317,67.8125,1.0,1.6487212181091309,218.29898810386658
1251,1.0,0.0,0.0,16,0,0,13.399232566356659,64.8125,1.0,1.6487212181091309,218.4768772125244
1252,1.0,0.0,0.0,16,0,0,13.195912301540375,62.375,1.0,1.6487212181091309,218.6367223262787
1253,1.0,0.0,0.0,16,0,0,13.294857501983643,64.9375,1.0,1.6487212181091309,218.8131182193756
1254,1.0,0.0,0.0,16,0,0,13.291284799575806,64.625,1.0,1.6487212181091309,218.97370529174805
1255,1.0,0.0,0.0,16,0,0,13.450313866138458,68.125,1.0,1.6487212181091309,219.15454721450806
1256,1.0,0.0,0.0,16,0,0,13.700094163417816,72.5,1.0,1.6487212181091309,219.35929131507874
1257,1.0,0.0,0.0,16,0,0,13.418128490447998,68.6875,1.0,1.6487212181091309,219.54159832000732
1258,1.0,0.0,0.0,16,0,0,13.429961442947388,65.875,1.0,1.6487212181091309,219.7080533504486
1259,1.0,0.0,0.0,16,0,0,13.280401051044464,63.125,1.0,1.6487212181091309,219.8997004032135
1260,1.0,0.0,0.0,16,0,0,13.432906746864319,63.3125,1.0,1.6487212181091309,220.07280826568604
1261,1.0,0.0,0.0,16,0,0,13.351229965686798,68.8125,1.0,1.6487212181091309,220.25004315376282
1262,1.0,0.0,0.0,16,0,0,13.286420464515686,65.0625,1.0,1.6487212181091309,220.40877628326416
1263,1.0,0.0,0.0,16,0,0,13.54825073480606,71.75,1.0,1.6487212181091309,220.58801937103271
1264,1.0,0.0,0.0,16,0,0,13.442164361476898,67.6875,1.0,1.6487212181091309,220.75347137451172
1265,1.0,0.0,0.0,16,0,0,13.440908074378967,66.4375,1.0,1.6487212181091309,220.9375901222229
1266,1.0,0.0,0.0,16,0,0,13.353968024253845,63.875,1.0,1.6487212181091309,221.10229516029358
1267,1.0,0.0,0.0,16,0,0,13.397008299827576,67.4375,1.0,1.6487212181091309,221.2768530845642
1268,1.0,0.0,0.0,16,0,0,13.292069435119629,64.625,1.0,1.6487212181091309,221.43744206428528
1269,1.0,0.0,0.0,16,0,0,13.259261190891266,69.0625,1.0,1.6487212181091309,221.61365032196045
1270,1.0,0.0,0.0,16,0,0,13.40672743320465,64.6875,1.0,1.6487212181091309,221.78998827934265
1271,1.0,0.0,0.0,16,0,0,13.611439824104309,68.5,1.0,1.6487212181091309,221.98412418365479
1272,1.0,0.0,0.0,16,0,0,13.482673346996307,64.4375,1.0,1.6487212181091309,222.18219804763794
1273,1.0,0.0,0.0,16,0,0,13.603400468826294,70.0,1.0,1.6487212181091309,222.37560319900513
1274,1.0,0.0,0.0,16,0,0,13.347939670085907,63.8125,1.0,1.6487212181091309,222.5369803905487
1275,1.0,0.0,0.0,16,0,0,13.435068786144257,68.0625,1.0,1.6487212181091309,222.71113920211792
1276,1.0,0.0,0.0,16,0,0,13.467740058898926,70.5,1.0,1.6487212181091309,222.9002332687378
1277,1.0,0.0,0.0,16,0,0,13.35566759109497,65.8125,1.0,1.6487212181091309,223.08050203323364
1278,1.0,0.0,0.0,16,0,0,13.423913478851318,64.5625,1.0,1.6487212181091309,223.25609230995178
1279,1.0,0.0,0.0,16,0,0,13.2628835439682,62.8125,1.0,1.6487212181091309,223.41973614692688
1280,1.0,0.0,0.0,16,0,0,13.277026891708374,61.75,1.0,1.6487212181091309,223.57465028762817
1281,1.0,0.0,0.0,16,0,0,13.41083288192749,66.375,1.0,1.6487212181091309,223.74665808677673
1282,1.0,0.0,0.0,16,0,0,13.511756658554077,65.0,1.0,1.6487212181091309,223.90154719352722
1283,1.0,0.0,0.0,16,0,0,13.37842047214508,66.1875,1.0,1.6487212181091309,224.0649220943451
1284,1.0,0.0,0.0,16,0,0,13.332209289073944,64.5625,1.0,1.6487212181091309,224.22510433197021
1285,1.0,0.0,0.0,16,0,0,13.196499288082123,59.5,1.0,1.6487212181091309,224.37852025032043
1286,1.0,0.0,0.0,16,0,0,13.492781817913055,66.8125,1.0,1.6487212181091309,224.53606605529785
1287,1.0,0.0,0.0,16,0,0,13.625010132789612,78.5625,1.0,1.6487212181091309,224.7369122505188
1288,1.0,0.0,0.0,16,0,0,13.402002215385437,62.875,1.0,1.6487212181091309,224.9080502986908
1289,1.0,0.0,0.0,16,0,0,13.58782410621643,72.25,1.0,1.6487212181091309,225.0960512161255
1290,1.0,0.0,0.0,16,0,0,13.445336520671844,66.5625,1.0,1.6487212181091309,225.2637231349945
1291,1.0,0.0,0.0,16,0,0,13.52801114320755,66.5625,1.0,1.6487212181091309,225.43624424934387
1292,1.0,0.0,0.0,16,0,0,13.596709251403809,68.375,1.0,1.6487212181091309,225.62220811843872
1293,1.0,0.0,0.0,16,0,0,13.576753914356232,70.4375,1.0,1.6487212181091309,225.79481434822083
1294,1.0,0.0,0.0,16,0,0,13.343605160713196,65.9375,1.0,1.6487212181091309,225.98113417625427
1295,1.0,0.0,0.0,16,0,0,13.516828954219818,69.3125,1.0,1.6487212181091309,226.16653108596802
1296,1.0,0.0,0.0,16,0,0,13.381158828735352,66.875,1.0,1.6487212181091309,226.33497428894043
1297,1.0,0.0,0.0,16,0,0,13.423205196857452,65.125,1.0,1.6487212181091309,226.51928329467773
1298,1.0,0.0,0.0,16,0,0,13.618518114089966,69.8125,1.0,1.6487212181091309,226.68627309799194
1299,1.0,0.0,0.0,16,0,0,13.395585477352142,63.0,1.0,1.6487212181091309,226.8553032875061
1300,1.0,0.0,0.0,16,0,0,13.55566942691803,72.5,1.0,1.6487212181091309,227.03718328475952
1301,1.0,0.0,0.0,16,0,0,13.43375027179718,67.3125,1.0,1.6487212181091309,227.2090322971344
1302,1.0,0.0,0.0,16,0,0,13.25681883096695,67.0625,1.0,1.6487212181091309,227.38287830352783
1303,1.0,0.0,0.0,16,0,0,13.432063817977905,66.125,1.0,1.6487212181091309,227.55787014961243
1304,1.0,0.0,0.0,16,0,0,13.088785767555237,63.6875,1.0,1.6487212181091309,227.7222101688385
1305,1.0,0.0,0.0,16,0,0,13.45287001132965,67.625,1.0,1.6487212181091309,227.89679217338562
1306,1.0,0.0,0.0,16,0,0,13.550663888454437,71.5625,1.0,1.6487212181091309,228.08171129226685
1307,1.0,0.0,0.0,16,0,0,13.371896088123322,66.75,1.0,1.6487212181091309,228.25824308395386
1308,1.0,0.0,0.0,16,0,0,13.418188154697418,65.875,1.0,1.6487212181091309,228.44402027130127
1309,1.0,0.0,0.0,16,0,0,13.443508267402649,70.625,1.0,1.6487212181091309,228.6374053955078
1310,1.0,0.0,0.0,16,0,0,13.457125663757324,71.125,1.0,1.6487212181091309,228.81805729866028
1311,1.0,0.0,0.0,16,0,0,13.410392880439758,66.5625,1.0,1.6487212181091309,228.9974822998047
1312,1.0,0.0,0.0,16,0,0,13.384128630161285,67.0,1.0,1.6487212181091309,229.1828441619873
1313,1.0,0.0,0.0,16,0,0,13.418882966041565,66.0,1.0,1.6487212181091309,229.3460042476654
1314,1.0,0.0,0.0,16,0,0,13.42858237028122,62.25,1.0,1.6487212181091309,229.4988191127777
1315,1.0,0.0,0.0,16,0,0,13.405715823173523,65.5625,1.0,1.6487212181091309,229.6592242717743
1316,1.0,0.0,0.0,16,0,0,13.48135894536972,65.6875,1.0,1.6487212181091309,229.82472443580627
1317,1.0,0.0,0.0,16,0,0,13.6240776181221,70.875,1.0,1.6487212181091309,230.0081262588501
1318,1.0,0.0,0.0,16,0,0,13.62849485874176,68.9375,1.0,1.6487212181091309,230.18504524230957
1319,1.0,0.0,0.0,16,0,0,13.297200322151184,65.75,1.0,1.6487212181091309,230.34633541107178
1320,1.0,0.0,0.0,16,0,0,13.238485634326935,63.3125,1.0,1.6487212181091309,230.51723217964172
1321,1.0,0.0,0.0,16,0,0,13.44810962677002,65.1875,1.0,1.6487212181091309,230.70992422103882
1322,1.0,0.0,0.0,16,0,0,13.424583494663239,65.0,1.0,1.6487212181091309,230.8929102420807
1323,1.0,0.0,0.0,16,0,0,13.457154214382172,67.5,1.0,1.6487212181091309,231.0644290447235
1324,1.0,0.0,0.0,16,0,0,13.276922881603241,65.0,1.0,1.6487212181091309,231.23341822624207
1325,1.0,0.0,0.0,16,0,0,13.371825456619263,64.9375,1.0,1.6487212181091309,231.39227437973022
1326,1.0,0.0,0.0,16,0,0,13.527739405632019,74.6875,1.0,1.6487212181091309,231.57032227516174
1327,1.0,0.0,0.0,16,0,0,13.38829094171524,65.0,1.0,1.6487212181091309,231.73202419281006
1328,1.0,0.0,0.0,16,0,0,13.447213768959045,67.8125,1.0,1.6487212181091309,231.9009132385254
1329,1.0,0.0,0.0,16,0,0,13.390447616577148,64.4375,1.0,1.6487212181091309,232.07639241218567
1330,1.0,0.0,0.0,16,0,0,13.339283883571625,65.75,1.0,1.6487212181091309,232.24693512916565
1331,1.0,0.0,0.0,16,0,0,13.214373767375946,61.25,1.0,1.6487212181091309,232.41252732276917
1332,1.0,0.0,0.0,16,0,0,13.507833003997803,67.25,1.0,1.6487212181091309,232.5824203491211
1333,1.0,0.0,0.0,16,0,0,13.387109696865082,63.5,1.0,1.6487212181091309,232.76334619522095
1334,1.0,0.0,0.0,16,0,0,13.255432307720184,61.625,1.0,1.6487212181091309,232.91948008537292
1335,1.0,0.0,0.0,16,0,0,13.44749516248703,69.6875,1.0,1.6487212181091309,233.108460187912
1336,1.0,0.0,0.0,16,0,0,13.109037458896637,64.9375,1.0,1.6487212181091309,233.2810480594635
1337,1.0,0.0,0.0,16,0,0,13.554578304290771,72.4375,1.0,1.6487212181091309,233.48033213615417
1338,1.0,0.0,0.0,16,0,0,13.458996832370758,66.3125,1.0,1.6487212181091309,233.65054726600647
1339,1.0,0.0,0.0,16,0,0,13.511721909046173,63.1875,1.0,1.6487212181091309,233.80374240875244
1340,1.0,0.0,0.0,16,0,0,13.185780644416809,61.1875,1.0,1.6487212181091309,233.9611713886261
1341,1.0,0.0,0.0,16,0,0,13.423599064350128,66.0625,1.0,1.6487212181091309,234.12401819229126
1342,1.0,0.0,0.0,16,0,0,13.447871208190918,63.3125,1.0,1.6487212181091309,234.2837953567505
1343,1.0,0.0,0.0,16,0,0,13.441220581531525,68.125,1.0,1.6487212181091309,234.4577033519745
1344,1.0,0.0,0.0,16,0,0,13.45335066318512,70.5,1.0,1.6487212181091309,234.64246606826782
1345,1.0,0.0,0.0,16,0,0,13.28456997871399,63.4375,1.0,1.6487212181091309,234.83349919319153
1346,1.0,0.0,0.0,16,0,0,13.519026339054108,69.0625,1.0,1.6487212181091309,235.00489711761475
1347,1.0,0.0,0.0,16,0,0,13.338883340358734,65.125,1.0,1.6487212181091309,235.1792221069336
1348,1.0,0.0,0.0,16,0,0,13.436583042144775,66.8125,1.0,1.6487212181091309,235.3498454093933
1349,1.0,0.0,0.0,16,0,0,13.398690521717072,68.1875,1.0,1.6487212181091309,235.52276420593262
1350,1.0,0.0,0.0,16,0,0,13.367011845111847,64.0,1.0,1.6487212181091309,235.68314218521118
1351,1.0,0.0,0.0,16,0,0,13.483245611190796,66.8125,1.0,1.6487212181091309,235.8512041568756
1352,1.0,0.0,0.0,16,0,0,13.474395990371704,71.875,1.0,1.6487212181091309,236.03343105316162
1353,1.0,0.0,0.0,16,0,0,13.343956649303436,65.375,1.0,1.6487212181091309,236.19122529029846
1354,1.0,0.0,0.0,16,0,0,13.516707479953766,69.6875,1.0,1.6487212181091309,236.36054706573486
1355,1.0,0.0,0.0,16,0,0,13.420989096164703,65.125,1.0,1.6487212181091309,236.51997327804565
1356,1.0,0.0,0.0,16,0,0,13.457582294940948,68.1875,1.0,1.6487212181091309,236.69731831550598
1357,1.0,0.0,0.0,16,0,0,13.373458743095398,67.3125,1.0,1.6487212181091309,236.91354823112488
1358,1.0,0.0,0.0,16,0,0,13.333845138549805,64.5,1.0,1.6487212181091309,237.08283114433289
1359,1.0,0.0,0.0,16,0,0,13.621335923671722,69.625,1.0,1.6487212181091309,237.2631311416626
1360,1.0,0.0,0.0,16,0,0,13.492586731910706,65.0,1.0,1.6487212181091309,237.43141222000122
1361,1.0,0.0,0.0,16,0,0,13.520309865474701,69.5625,1.0,1.6487212181091309,237.61352610588074
1362,1.0,0.0,0.0,16,0,0,13.398254930973053,66.1875,1.0,1.6487212181091309,237.7999243736267
1363,1.0,0.0,0.0,16,0,0,13.372010290622711,64.5625,1.0,1.6487212181091309,237.9752960205078
1364,1.0,0.0,0.0,16,0,0,13.35097450017929,66.0,1.0,1.6487212181091309,238.15205240249634
1365,1.0,0.0,0.0,16,0,0,13.6537926197052,69.8125,1.0,1.6487212181091309,238.3499813079834
1366,1.0,0.0,0.0,16,0,0,13.308337211608887,65.25,1.0,1.6487212181091309,238.52024030685425
1367,1.0,0.0,0.0,16,0,0,13.458132028579712,63.8125,1.0,1.6487212181091309,238.68337321281433
1368,1.0,0.0,0.0,16,0,0,13.243147850036621,61.875,1.0,1.6487212181091309,238.85701417922974
1369,1.0,0.0,0.0,16,0,0,13.457718133926392,63.9375,1.0,1.6487212181091309,239.04537320137024
1370,1.0,0.0,0.0,16,0,0,13.327549934387207,66.3125,1.0,1.6487212181091309,239.22345328330994
1371,1.0,0.0,0.0,16,0,0,13.176180601119995,66.8125,1.0,1.6487212181091309,239.3927721977234
1372,1.0,0.0,0.0,16,0,0,13.54603123664856,67.8125,1.0,1.6487212181091309,239.5646641254425
1373,1.0,0.0,0.0,16,0,0,13.28568959236145,66.0,1.0,1.6487212181091309,239.7369511127472
1374,1.0,0.0,0.0,16,0,0,13.38047730922699,60.0625,1.0,1.6487212181091309,239.9015233516693
1375,1.0,0.0,0.0,16,0,0,13.422686278820038,67.5625,1.0,1.6487212181091309,240.0731110572815
1376,1.0,0.0,0.0,16,0,0,13.423978745937347,66.0,1.0,1.6487212181091309,240.2397654056549
1377,1.0,0.0,0.0,16,0,0,13.281307637691498,68.0,1.0,1.6487212181091309,240.41184830665588
1378,1.0,0.0,0.0,16,0,0,13.331157863140106,66.3125,1.0,1.6487212181091309,240.58469319343567
1379,1.0,0.0,0.0,16,0,0,13.44973212480545,67.4375,1.0,1.6487212181091309,240.7697401046753
1380,1.0,0.0,0.0,16,0,0,13.46243417263031,67.0,1.0,1.6487212181091309,240.93907523155212
1381,1.0,0.0,0.0,16,0,0,13.270388901233673,63.125,1.0,1.6487212181091309,241.14853811264038
1382,1.0,0.0,0.0,16,0,0,13.324937880039215,64.4375,1.0,1.6487212181091309,241.315247297287
1383,1.0,0.0,0.0,16,0,0,13.52742087841034,65.3125,1.0,1.6487212181091309,241.48139810562134
1384,1.0,0.0,0.0,16,0,0,13.42783010005951,66.25,1.0,1.6487212181091309,241.6437213420868
1385,1.0,0.0,0.0,16,0,0,13.43011724948883,64.625,1.0,1.6487212181091309,241.81066417694092
1386,1.0,0.0,0.0,16,0,0,13.357209146022797,63.5,1.0,1.6487212181091309,241.97182536125183
1387,1.0,0.0,0.0,16,0,0,13.353093802928925,64.75,1.0,1.6487212181091309,242.13089203834534
1388,1.0,0.0,0.0,16,0,0,13.413591861724854,67.375,1.0,1.6487212181091309,242.3033390045166
1389,1.0,0.0,0.0,16,0,0,13.441197097301483,67.875,1.0,1.6487212181091309,242.47953033447266
1390,1.0,0.0,0.0,16,0,0,13.387074172496796,67.0625,1.0,1.6487212181091309,242.6528182029724
1391,1.0,0.0,0.0,16,0,0,13.313018381595612,60.9375,1.0,1.6487212181091309,242.80699801445007
1392,1.0,0.0,0.0,16,0,0,13.601283073425293,71.5,1.0,1.6487212181091309,242.98171734809875
1393,1.0,0.0,0.0,16,0,0,13.348236441612244,65.6875,1.0,1.6487212181091309,243.1689281463623
1394,1.0,0.0,0.0,16,0,0,13.430137813091278,66.8125,1.0,1.6487212181091309,243.3560492992401
1395,1.0,0.0,0.0,16,0,0,13.366483449935913,60.75,1.0,1.6487212181091309,243.52644228935242
1396,1.0,0.0,0.0,16,0,0,13.446826219558716,62.3125,1.0,1.6487212181091309,243.6865952014923
1397,1.0,0.0,0.0,16,0,0,13.507340848445892,64.5625,1.0,1.6487212181091309,243.86264824867249
1398,1.0,0.0,0.0,16,0,0,13.417191445827484,68.875,1.0,1.6487212181091309,244.03932738304138
1399,1.0,0.0,0.0,16,0,0,13.468745589256287,66.375,1.0,1.6487212181091309,244.209899187088
1400,1.0,0.0,0.0,16,0,0,13.31098848581314,64.9375,1.0,1.6487212181091309,244.37525820732117
1401,1.0,0.0,0.0,16,0,0,13.43341451883316,69.5625,1.0,1.6487212181091309,244.55360317230225
1402,1.0,0.0,0.0,16,0,0,13.461268424987793,65.5,1.0,1.6487212181091309,244.73319721221924
1403,1.0,0.0,0.0,16,0,0,13.267836451530457,67.0,1.0,1.6487212181091309,244.9135332107544
1404,1.0,0.0,0.0,16,0,0,13.28488677740097,67.375,1.0,1.6487212181091309,245.08321714401245
1405,1.0,0.0,0.0,16,0,0,13.372376203536987,63.0625,1.0,1.6487212181091309,245.24420022964478
1406,1.0,0.0,0.0,16,0,0,13.360155820846558,65.3125,1.0,1.6487212181091309,245.4149181842804
1407,1.0,0.0,0.0,16,0,0,13.466149389743805,72.6875,1.0,1.6487212181091309,245.60497307777405
1408,1.0,0.0,0.0,16,0,0,13.367035269737244,63.1875,1.0,1.6487212181091309,245.75936818122864
1409,1.0,0.0,0.0,16,0,0,13.344120681285858,64.9375,1.0,1.6487212181091309,245.91739535331726
1410,1.0,0.0,0.0,16,0,0,13.420032382011414,74.5,1.0,1.6487212181091309,246.1063973903656
1411,1.0,0.0,0.0,16,0,0,13.49202311038971,64.75,1.0,1.6487212181091309,246.26996231079102
1412,1.0,0.0,0.0,16,0,0,13.375054776668549,61.5625,1.0,1.6487212181091309,246.43507719039917
1413,1.0,0.0,0.0,16,0,0,13.48228132724762,69.3125,1.0,1.6487212181091309,246.61035537719727
1414,1.0,0.0,0.0,16,0,0,13.356522262096405,62.3125,1.0,1.6487212181091309,246.76878213882446
1415,1.0,0.0,0.0,16,0,0,13.318274140357971,68.0,1.0,1.6487212181091309,246.94403529167175
1416,1.0,0.0,0.0,16,0,0,13.28488403558731,65.4375,1.0,1.6487212181091309,247.1079432964325
1417,1.0,0.0,0.0,16,0,0,13.404429852962494,65.625,1.0,1.6487212181091309,247.28074026107788
1418,1.0,0.0,0.0,16,0,0,13.253052830696106,64.75,1.0,1.6487212181091309,247.46846222877502
1419,1.0,0.0,0.0,16,0,0,13.272792339324951,66.375,1.0,1.6487212181091309,247.6372742652893
1420,1.0,0.0,0.0,16,0,0,13.448543548583984,70.625,1.0,1.6487212181091309,247.81402802467346
1421,1.0,0.0,0.0,16,0,0,13.243936896324158,64.625,1.0,1.6487212181091309,247.98144006729126
1422,1.0,0.0,0.0,16,0,0,13.239544689655304,62.3125,1.0,1.6487212181091309,248.1491882801056
1423,1.0,0.0,0.0,16,0,0,13.33860033750534,68.25,1.0,1.6487212181091309,248.32085824012756
1424,1.0,0.0,0.0,16,0,0,13.412320792675018,64.0625,1.0,1.6487212181091309,248.4934482574463
1425,1.0,0.0,0.0,16,0,0,13.459852814674377,63.9375,1.0,1.6487212181091309,248.65326309204102
1426,1.0,0.0,0.0,16,0,0,13.453872740268707,70.0625,1.0,1.6487212181091309,248.82805228233337
1427,1.0,0.0,0.0,16,0,0,13.375183343887329,66.625,1.0,1.6487212181091309,248.99543809890747
1428,1.0,0.0,0.0,16,0,0,13.268050730228424,62.1875,1.0,1.6487212181091309,249.15103006362915
1429,1.0,0.0,0.0,16,0,0,13.464926421642303,65.625,1.0,1.6487212181091309,249.3228302001953
1430,1.0,0.0,0.0,16,0,0,13.298556745052338,62.9375,1.0,1.6487212181091309,249.49745106697083
1431,1.0,0.0,0.0,16,0,0,13.568025052547455,69.8125,1.0,1.6487212181091309,249.69723916053772
1432,1.0,0.0,0.0,16,0,0,13.489994585514069,70.875,1.0,1.6487212181091309,249.86717009544373
1433,1.0,0.0,0.0,16,0,0,13.406252562999725,64.875,1.0,1.6487212181091309,250.020934343338
1434,1.0,0.0,0.0,16,0,0,13.247789859771729,62.4375,1.0,1.6487212181091309,250.18536806106567
1435,1.0,0.0,0.0,16,0,0,13.373129785060883,69.9375,1.0,1.6487212181091309,250.35434317588806
1436,1.0,0.0,0.0,16,0,0,13.443881571292877,64.8125,1.0,1.6487212181091309,250.507559299469
1437,1.0,0.0,0.0,16,0,0,13.221114695072174,59.25,1.0,1.6487212181091309,250.65137314796448
1438,1.0,0.0,0.0,16,0,0,13.561701238155365,68.375,1.0,1.6487212181091309,250.8282060623169
1439,1.0,0.0,0.0,16,0,0,13.228627741336823,63.5625,1.0,1.6487212181091309,250.99481534957886
1440,1.0,0.0,0.0,16,0,0,13.440084517002106,66.9375,1.0,1.6487212181091309,251.17075514793396
1441,1.0,0.0,0.0,16,0,0,13.442357540130615,65.5,1.0,1.6487212181091309,251.34243726730347
1442,1.0,0.0,0.0,16,0,0,13.433441400527954,66.1875,1.0,1.6487212181091309,251.5031931400299
1443,1.0,0.0,0.0,16,0,0,13.536295235157013,65.125,1.0,1.6487212181091309,251.68375325202942
1444,1.0,0.0,0.0,16,0,0,13.51226955652237,68.0,1.0,1.6487212181091309,251.85434532165527
1445,1.0,0.0,0.0,16,0,0,13.379052996635437,63.8125,1.0,1.6487212181091309,252.02061533927917
1446,1.0,0.0,0.0,16,0,0,13.398076117038727,67.8125,1.0,1.6487212181091309,252.19094824790955
1447,1.0,0.0,0.0,16,0,0,13.358071148395538,62.125,1.0,1.6487212181091309,252.33715510368347
1448,1.0,0.0,0.0,16,0,0,13.453903913497925,67.375,1.0,1.6487212181091309,252.49448227882385
1449,1.0,0.0,0.0,16,0,0,13.2332843542099,58.8125,1.0,1.6487212181091309,252.65070843696594
1450,1.0,0.0,0.0,16,0,0,13.390974760055542,65.0,1.0,1.6487212181091309,252.80595421791077
1451,1.0,0.0,0.0,16,0,0,13.270441055297852,66.6875,1.0,1.6487212181091309,252.98481035232544
1452,1.0,0.0,0.0,16,0,0,13.29106891155243,63.25,1.0,1.6487212181091309,253.1557252407074
1453,1.0,0.0,0.0,16,0,0,13.37508887052536,63.8125,1.0,1.6487212181091309,253.32028436660767
1454,1.0,0.0,0.0,16,0,0,13.297851502895355,62.5,1.0,1.6487212181091309,253.48502826690674
1455,1.0,0.0,0.0,16,0,0,13.310643196105957,64.3125,1.0,1.6487212181091309,253.6539430618286
1456,1.0,0.0,0.0,16,0,0,13.358878433704376,65.25,1.0,1.6487212181091309,253.83744621276855
1457,1.0,0.0,0.0,16,0,0,13.51449054479599,68.75,1.0,1.6487212181091309,254.02158737182617
1458,1.0,0.0,0.0,16,0,0,13.434787034988403,64.8125,1.0,1.6487212181091309,254.20259022712708
1459,1.0,0.0,0.0,16,0,0,13.287465333938599,66.375,1.0,1.6487212181091309,254.37325429916382
1460,1.0,0.0,0.0,16,0,0,13.607419729232788,73.5625,1.0,1.6487212181091309,254.5593922138214
1461,1.0,0.0,0.0,16,0,0,13.491723954677582,66.8125,1.0,1.6487212181091309,254.73513531684875
1462,1.0,0.0,0.0,16,0,0,13.206801354885101,61.125,1.0,1.6487212181091309,254.8958432674408
1463,1.0,0.0,0.0,16,0,0,13.491026043891907,67.375,1.0,1.6487212181091309,255.06631135940552
1464,1.0,0.0,0.0,16,0,0,13.192437767982483,60.6875,1.0,1.6487212181091309,255.23838829994202
1465,1.0,0.0,0.0,16,0,0,13.61372196674347,70.0625,1.0,1.6487212181091309,255.4117341041565
1466,1.0,0.0,0.0,16,0,0,13.410635530948639,66.5,1.0,1.6487212181091309,255.57685136795044
1467,1.0,0.0,0.0,16,0,0,13.541459858417511,69.0625,1.0,1.6487212181091309,255.74773502349854
1468,1.0,0.0,0.0,16,0,0,13.339974820613861,61.0,1.0,1.6487212181091309,255.9128441810608
1469,1.0,0.0,0.0,16,0,0,13.33642464876175,66.875,1.0,1.6487212181091309,256.07699728012085
1470,1.0,0.0,0.0,16,0,0,13.432999849319458,65.5,1.0,1.6487212181091309,256.2527663707733
1471,1.0,0.0,0.0,16,0,0,13.591759979724884,67.125,1.0,1.6487212181091309,256.4264781475067
1472,1.0,0.0,0.0,16,0,0,13.473275363445282,68.8125,1.0,1.6487212181091309,256.6153302192688
1473,1.0,0.0,0.0,16,0,0,13.450385808944702,69.8125,1.0,1.6487212181091309,256.801390171051
1474,1.0,0.0,0.0,16,0,0,13.611004769802094,70.4375,1.0,1.6487212181091309,256.98906111717224
1475,1.0,0.0,0.0,16,0,0,13.391760408878326,66.6875,1.0,1.6487212181091309,257.1706233024597
1476,1.0,0.0,0.0,16,0,0,13.388655245304108,62.0,1.0,1.6487212181091309,257.3259861469269
1477,1.0,0.0,0.0,16,0,0,13.597679793834686,69.6875,1.0,1.6487212181091309,257.5101492404938
1478,1.0,0.0,0.0,16,0,0,13.296980142593384,63.0625,1.0,1.6487212181091309,257.672963142395
1479,1.0,0.0,0.0,16,0,0,13.341330468654633,66.6875,1.0,1.6487212181091309,257.85527324676514
1480,1.0,0.0,0.0,16,0,0,13.338172912597656,67.125,1.0,1.6487212181091309,258.0339632034302
1481,1.0,0.0,0.0,16,0,0,13.373356819152832,67.3125,1.0,1.6487212181091309,258.2154161930084
1482,1.0,0.0,0.0,16,0,0,13.229372918605804,64.625,1.0,1.6487212181091309,258.384672164917
1483,1.0,0.0,0.0,16,0,0,13.404662609100342,68.125,1.0,1.6487212181091309,258.5676271915436
1484,1.0,0.0,0.0,16,0,0,13.283448457717896,61.75,1.0,1.6487212181091309,258.73185110092163
1485,1.0,0.0,0.0,16,0,0,13.513839721679688,71.0625,1.0,1.6487212181091309,258.9113972187042
1486,1.0,0.0,0.0,16,0,0,13.394558846950531,67.1875,1.0,1.6487212181091309,259.0766091346741
1487,1.0,0.0,0.0,16,0,0,13.418259978294373,67.5625,1.0,1.6487212181091309,259.265123128891
1488,1.0,0.0,0.0,16,0,0,13.312825441360474,60.5,1.0,1.6487212181091309,259.4269423484802
1489,1.0,0.0,0.0,16,0,0,13.339625775814056,64.3125,1.0,1.6487212181091309,259.59243535995483
1490,1.0,0.0,0.0,16,0,0,13.417534530162811,67.625,1.0,1.6487212181091309,259.7692651748657
1491,1.0,0.0,0.0,16,0,0,13.486497581005096,67.375,1.0,1.6487212181091309,259.96349120140076
1492,1.0,0.0,0.0,16,0,0,13.350141525268555,65.3125,1.0,1.6487212181091309,260.13556241989136
1493,1.0,0.0,0.0,16,0,0,13.408633768558502,65.375,1.0,1.6487212181091309,260.2991302013397
1494,1.0,0.0,0.0,16,0,0,13.121431171894073,65.0625,1.0,1.6487212181091309,260.464307308197
1495,1.0,0.0,0.0,16,0,0,13.621487379074097,70.25,1.0,1.6487212181091309,260.65591621398926
1496,1.0,0.0,0.0,16,0,0,13.787233710289001,75.0625,1.0,1.6487212181091309,260.84609723091125
1497,1.0,0.0,0.0,16,0,0,13.344159543514252,63.1875,1.0,1.6487212181091309,260.9974191188812
1498,1.0,0.0,0.0,16,0,0,13.412154257297516,66.625,1.0,1.6487212181091309,261.1788423061371
1499,1.0,0.0,0.0,16,0,0,13.487248361110687,67.3125,1.0,1.6487212181091309,261.3583002090454
1500,1.0,0.0,0.0,16,0,0,13.357026994228363,66.9375,1.0,1.6487212181091309,261.5262451171875
1501,1.0,0.0,0.0,16,0,0,13.207011997699738,66.8125,1.0,1.6487212181091309,261.70450043678284
1502,1.0,0.0,0.0,16,0,0,13.455426037311554,63.25,1.0,1.6487212181091309,261.8620810508728
1503,1.0,0.0,0.0,16,0,0,13.631593227386475,74.375,1.0,1.6487212181091309,262.03838634490967
1504,1.0,0.0,0.0,16,0,0,13.53058648109436,68.3125,1.0,1.6487212181091309,262.21714210510254
1505,1.0,0.0,0.0,16,0,0,13.343888819217682,64.4375,1.0,1.6487212181091309,262.3759431838989
1506,1.0,0.0,0.0,16,0,0,13.281498312950134,64.125,1.0,1.6487212181091309,262.54610323905945
1507,1.0,0.0,0.0,16,0,0,13.489118933677673,65.5,1.0,1.6487212181091309,262.72359919548035
1508,1.0,0.0,0.0,16,0,0,13.51129949092865,68.0625,1.0,1.6487212181091309,262.9000632762909
1509,1.0,0.0,0.0,16,0,0,13.520461440086365,66.4375,1.0,1.6487212181091309,263.06969928741455
1510,1.0,0.0,0.0,16,0,0,13.404296398162842,69.5,1.0,1.6487212181091309,263.2547562122345
1511,1.0,0.0,0.0,16,0,0,13.428089797496796,65.625,1.0,1.6487212181091309,263.421418428421
1512,1.0,0.0,0.0,16,0,0,13.524896740913391,63.625,1.0,1.6487212181091309,263.57578802108765
1513,1.0,0.0,0.0,16,0,0,13.541117310523987,67.5625,1.0,1.6487212181091309,263.74577045440674
1514,1.0,0.0,0.0,16,0,0,13.442563712596893,62.25,1.0,1.6487212181091309,263.9048562049866
1515,1.0,0.0,0.0,16,0,0,13.456146478652954,68.375,1.0,1.6487212181091309,264.0790719985962
1516,1.0,0.0,0.0,16,0,0,13.546318352222443,70.6875,1.0,1.6487212181091309,264.3001582622528
1517,1.0,0.0,0.0,16,0,0,13.486461281776428,63.625,1.0,1.6487212181091309,264.457444190979
1518,1.0,0.0,0.0,16,0,0,13.505522847175598,65.6875,1.0,1.6487212181091309,264.62975430488586
1519,1.0,0.0,0.0,16,0,0,13.411566376686096,65.125,1.0,1.6487212181091309,264.8003182411194
1520,1.0,0.0,0.0,16,0,0,13.36730968952179,62.625,1.0,1.6487212181091309,264.96867513656616
1521,1.0,0.0,0.0,16,0,0,13.396602630615234,60.4375,1.0,1.6487212181091309,265.1310441493988
1522,1.0,0.0,0.0,16,0,0,13.532878398895264,68.5,1.0,1.6487212181091309,265.2971382141113
1523,1.0,0.0,0.0,16,0,0,13.537696123123169,69.375,1.0,1.6487212181091309,265.4698302745819
1524,1.0,0.0,0.0,16,0,0,13.63311356306076,69.9375,1.0,1.6487212181091309,265.6510100364685
1525,1.0,0.0,0.0,16,0,0,13.29450112581253,64.9375,1.0,1.6487212181091309,265.8111951351166
1526,1.0,0.0,0.0,16,0,0,13.454323768615723,67.0625,1.0,1.6487212181091309,265.9794900417328
1527,1.0,0.0,0.0,16,0,0,13.368233442306519,66.8125,1.0,1.6487212181091309,266.14472222328186
1528,1.0,0.0,0.0,16,0,0,13.540234863758087,68.8125,1.0,1.6487212181091309,266.34633111953735
1529,1.0,0.0,0.0,16,0,0,13.162436127662659,57.625,1.0,1.6487212181091309,266.5020182132721
1530,1.0,0.0,0.0,16,0,0,13.35575145483017,66.9375,1.0,1.6487212181091309,266.67260217666626
1531,1.0,0.0,0.0,16,0,0,13.409414768218994,67.4375,1.0,1.6487212181091309,266.8422951698303
1532,1.0,0.0,0.0,16,0,0,13.367023050785065,66.125,1.0,1.6487212181091309,267.00710129737854
1533,1.0,0.0,0.0,16,0,0,13.420098006725311,68.125,1.0,1.6487212181091309,267.16896319389343
1534,1.0,0.0,0.0,16,0,0,13.486950755119324,65.5625,1.0,1.6487212181091309,267.32936429977417
1535,1.0,0.0,0.0,16,0,0,13.517670571804047,67.9375,1.0,1.6487212181091309,267.499005317688
1536,1.0,0.0,0.0,16,0,0,13.396466135978699,64.9375,1.0,1.6487212181091309,267.657062292099
1537,1.0,0.0,0.0,16,0,0,13.375347793102264,63.0,1.0,1.6487212181091309,267.82691526412964
1538,1.0,0.0,0.0,16,0,0,13.09146785736084,62.8125,1.0,1.6487212181091309,267.9826691150665
1539,1.0,0.0,0.0,16,0,0,13.52182936668396,70.5,1.0,1.6487212181091309,268.1551022529602
1540,1.0,0.0,0.0,16,0,0,13.389251172542572,66.8125,1.0,1.6487212181091309,268.3320322036743
1541,1.0,0.0,0.0,16,0,0,13.28776878118515,65.625,1.0,1.6487212181091309,268.52373814582825
1542,1.0,0.0,0.0,16,0,0,13.25710517168045,64.3125,1.0,1.6487212181091309,268.6842432022095
1543,1.0,0.0,0.0,16,0,0,13.428837597370148,68.75,1.0,1.6487212181091309,268.85568737983704
1544,1.0,0.0,0.0,16,0,0,13.574066817760468,70.375,1.0,1.6487212181091309,269.0405020713806
1545,1.0,0.0,0.0,16,0,0,13.36745297908783,63.625,1.0,1.6487212181091309,269.2024314403534
1546,1.0,0.0,0.0,16,0,0,13.25564444065094,65.125,1.0,1.6487212181091309,269.3673541545868
1547,1.0,0.0,0.0,16,0,0,13.528708457946777,69.125,1.0,1.6487212181091309,269.54467034339905
1548,1.0,0.0,0.0,16,0,0,13.58795702457428,69.125,1.0,1.6487212181091309,269.71919417381287
1549,1.0,0.0,0.0,16,0,0,13.373616695404053,66.8125,1.0,1.6487212181091309,269.89148902893066
1550,1.0,0.0,0.0,16,0,0,13.314278364181519,63.5625,1.0,1.6487212181091309,270.0709083080292
1551,1.0,0.0,0.0,16,0,0,13.550473749637604,70.875,1.0,1.6487212181091309,270.24665427207947
1552,1.0,0.0,0.0,16,0,0,13.382112622261047,65.0625,1.0,1.6487212181091309,270.42140221595764
1553,1.0,0.0,0.0,16,0,0,13.28492021560669,66.8125,1.0,1.6487212181091309,270.6239652633667
1554,1.0,0.0,0.0,16,0,0,13.403421700000763,63.6875,1.0,1.6487212181091309,270.77911019325256
1555,1.0,0.0,0.0,16,0,0,13.294467210769653,63.25,1.0,1.6487212181091309,270.9456613063812
1556,1.0,0.0,0.0,16,0,0,13.457299411296844,68.1875,1.0,1.6487212181091309,271.12025713920593
1557,1.0,0.0,0.0,16,0,0,13.57200276851654,66.9375,1.0,1.6487212181091309,271.28533029556274
1558,1.0,0.0,0.0,16,0,0,13.53708666563034,67.5625,1.0,1.6487212181091309,271.44214034080505
1559,1.0,0.0,0.0,16,0,0,13.416058421134949,66.25,1.0,1.6487212181091309,271.6203532218933
1560,1.0,0.0,0.0,16,0,0,13.401481866836548,64.6875,1.0,1.6487212181091309,271.7872393131256
1561,1.0,0.0,0.0,16,0,0,13.327733099460602,61.75,1.0,1.6487212181091309,271.94144010543823
1562,1.0,0.0,0.0,16,0,0,13.259154796600342,65.625,1.0,1.6487212181091309,272.12336015701294
1563,1.0,0.0,0.0,16,0,0,13.527779936790466,71.0,1.0,1.6487212181091309,272.29847502708435
1564,1.0,0.0,0.0,16,0,0,13.331099033355713,62.5,1.0,1.6487212181091309,272.46153926849365
1565,1.0,0.0,0.0,16,0,0,13.330747306346893,63.625,1.0,1.6487212181091309,272.63838720321655
1566,1.0,0.0,0.0,16,0,0,13.53585410118103,71.5,1.0,1.6487212181091309,272.82952523231506
1567,1.0,0.0,0.0,16,0,0,13.298983037471771,62.6875,1.0,1.6487212181091309,272.9854452610016
1568,1.0,0.0,0.0,16,0,0,13.444727659225464,64.875,1.0,1.6487212181091309,273.14661717414856
1569,1.0,0.0,0.0,16,0,0,13.373415350914001,64.5,1.0,1.6487212181091309,273.30575728416443
1570,1.0,0.0,0.0,16,0,0,13.492364525794983,68.4375,1.0,1.6487212181091309,273.47323727607727
1571,1.0,0.0,0.0,16,0,0,13.464457631111145,65.5625,1.0,1.6487212181091309,273.6377782821655
1572,1.0,0.0,0.0,16,0,0,13.427317440509796,70.3125,1.0,1.6487212181091309,273.8126971721649
1573,1.0,0.0,0.0,16,0,0,13.425763964653015,67.4375,1.0,1.6487212181091309,274.00302720069885
1574,1.0,0.0,0.0,16,0,0,13.325663089752197,63.0625,1.0,1.6487212181091309,274.16429901123047
1575,1.0,0.0,0.0,16,0,0,13.39381068944931,65.5,1.0,1.6487212181091309,274.325519323349
1576,1.0,0.0,0.0,16,0,0,13.512293457984924,70.0625,1.0,1.6487212181091309,274.492778301239
1577,1.0,0.0,0.0,16,0,0,13.296450316905975,66.6875,1.0,1.6487212181091309,274.66517329216003
1578,1.0,0.0,0.0,16,0,0,13.527503848075867,66.625,1.0,1.6487212181091309,274.84995317459106
1579,1.0,0.0,0.0,16,0,0,13.374865472316742,66.875,1.0,1.6487212181091309,275.0195372104645
1580,1.0,0.0,0.0,16,0,0,13.379194796085358,66.75,1.0,1.6487212181091309,275.190092086792
1581,1.0,0.0,0.0,16,0,0,13.401190638542175,68.75,1.0,1.6487212181091309,275.3813362121582
1582,1.0,0.0,0.0,16,0,0,13.432305693626404,67.625,1.0,1.6487212181091309,275.56557726860046
1583,1.0,0.0,0.0,16,0,0,13.501173496246338,67.8125,1.0,1.6487212181091309,275.73533630371094
1584,1.0,0.0,0.0,16,0,0,13.336763739585876,62.0,1.0,1.6487212181091309,275.8930752277374
1585,1.0,0.0,0.0,16,0,0,13.301083981990814,64.625,1.0,1.6487212181091309,276.05691027641296
1586,1.0,0.0,0.0,16,0,0,13.523072600364685,70.1875,1.0,1.6487212181091309,276.2455413341522
1587,1.0,0.0,0.0,16,0,0,13.45701515674591,63.4375,1.0,1.6487212181091309,276.4082181453705
1588,1.0,0.0,0.0,16,0,0,13.489927172660828,63.9375,1.0,1.6487212181091309,276.5624442100525
1589,1.0,0.0,0.0,16,0,0,13.55467826128006,69.1875,1.0,1.6487212181091309,276.7355010509491
1590,1.0,0.0,0.0,16,0,0,13.500853598117828,69.4375,1.0,1.6487212181091309,276.92308926582336
1591,1.0,0.0,0.0,16,0,0,13.269025266170502,61.375,1.0,1.6487212181091309,277.0820400714874
1592,1.0,0.0,0.0,16,0,0,13.358975946903229,65.4375,1.0,1.6487212181091309,277.2542042732239
1593,1.0,0.0,0.0,16,0,0,13.553851425647736,68.625,1.0,1.6487212181091309,277.4335513114929
1594,1.0,0.0,0.0,16,0,0,13.54842358827591,68.8125,1.0,1.6487212181091309,277.61197423934937
1595,1.0,0.0,0.0,16,0,0,13.664950430393219,71.8125,1.0,1.6487212181091309,277.7931852340698
1596,1.0,0.0,0.0,16,0,0,13.351964592933655,62.9375,1.0,1.6487212181091309,277.94512939453125
1597,1.0,0.0,0.0,16,0,0,13.381266832351685,65.125,1.0,1.6487212181091309,278.11421823501587
1598,1.0,0.0,0.0,16,0,0,13.396090626716614,64.1875,1.0,1.6487212181091309,278.28768730163574
1599,1.0,0.0,0.0,16,0,0,13.498743534088135,70.3125,1.0,1.6487212181091309,278.479275226593
1600,1.0,0.0,0.0,16,0,0,13.524345874786377,69.625,1.0,1.6487212181091309,278.6533980369568
1601,1.0,0.0,0.0,16,0,0,13.492655038833618,65.8125,1.0,1.6487212181091309,278.8193402290344
1602,1.0,0.0,0.0,16,0,0,13.408631443977356,67.3125,1.0,1.6487212181091309,279.0212731361389
1603,1.0,0.0,0.0,16,0,0,13.344877362251282,63.125,1.0,1.6487212181091309,279.1773362159729
1604,1.0,0.0,0.0,16,0,0,13.344754695892334,66.3125,1.0,1.6487212181091309,279.34896326065063
1605,1.0,0.0,0.0,16,0,0,13.579787194728851,67.125,1.0,1.6487212181091309,279.5235741138458
1606,1.0,0.0,0.0,16,0,0,13.59369969367981,71.625,1.0,1.6487212181091309,279.71534514427185
1607,1.0,0.0,0.0,16,0,0,13.458887159824371,64.5625,1.0,1.6487212181091309,279.91377115249634
1608,1.0,0.0,0.0,16,0,0,13.351567089557648,64.9375,1.0,1.6487212181091309,280.1345043182373
1609,1.0,0.0,0.0,16,0,0,13.509738862514496,67.5,1.0,1.6487212181091309,280.3319761753082
1610,1.0,0.0,0.0,16,0,0,13.500024199485779,68.625,1.0,1.6487212181091309,280.5481231212616
1611,1.0,0.0,0.0,16,0,0,13.329650104045868,63.875,1.0,1.6487212181091309,280.72332215309143
1612,1.0,0.0,0.0,16,0,0,13.129880607128143,62.9375,1.0,1.6487212181091309,280.9070692062378
1613,1.0,0.0,0.0,16,0,0,13.513105392456055,71.625,1.0,1.6487212181091309,281.13454127311707
1614,1.0,0.0,0.0,16,0,0,13.307038307189941,65.875,1.0,1.6487212181091309,281.29744935035706
1615,1.0,0.0,0.0,16,0,0,13.512109816074371,67.1875,1.0,1.6487212181091309,281.47509813308716
1616,1.0,0.0,0.0,16,0,0,13.515634715557098,64.875,1.0,1.6487212181091309,281.6646182537079
1617,1.0,0.0,0.0,16,0,0,13.27893340587616,60.75,1.0,1.6487212181091309,281.840713262558
1618,1.0,0.0,0.0,16,0,0,13.409356355667114,67.0625,1.0,1.6487212181091309,282.00958228111267
1619,1.0,0.0,0.0,16,0,0,13.16025859117508,61.9375,1.0,1.6487212181091309,282.1535453796387
1620,1.0,0.0,0.0,16,0,0,13.403704106807709,67.8125,1.0,1.6487212181091309,282.3187141418457
1621,1.0,0.0,0.0,16,0,0,13.39644730091095,65.8125,1.0,1.6487212181091309,282.4808111190796
1622,1.0,0.0,0.0,16,0,0,13.273700833320618,66.5,1.0,1.6487212181091309,282.6620831489563
1623,1.0,0.0,0.0,16,0,0,13.31526005268097,66.75,1.0,1.6487212181091309,282.8213782310486
1624,1.0,0.0,0.0,16,0,0,13.473137736320496,68.5,1.0,1.6487212181091309,282.98312616348267
1625,1.0,0.0,0.0,16,0,0,13.433474600315094,66.6875,1.0,1.6487212181091309,283.2214410305023
1626,1.0,0.0,0.0,16,0,0,13.340523838996887,64.9375,1.0,1.6487212181091309,283.4046542644501
1627,1.0,0.0,0.0,16,0,0,13.398772180080414,65.625,1.0,1.6487212181091309,283.57215118408203
1628,1.0,0.0,0.0,16,0,0,13.423162460327148,66.6875,1.0,1.6487212181091309,283.76958107948303
1629,1.0,0.0,0.0,16,0,0,13.382895052433014,62.3125,1.0,1.6487212181091309,283.95269298553467
1630,1.0,0.0,0.0,16,0,0,13.426004886627197,63.1875,1.0,1.6487212181091309,284.1237790584564
1631,1.0,0.0,0.0,16,0,0,13.539599478244781,69.0625,1.0,1.6487212181091309,284.3420252799988
1632,1.0,0.0,0.0,16,0,0,13.393339097499847,66.5,1.0,1.6487212181091309,284.54878211021423
1633,1.0,0.0,0.0,16,0,0,13.46243131160736,68.3125,1.0,1.6487212181091309,284.72398114204407
1634,1.0,0.0,0.0,16,0,0,13.408558189868927,65.0625,1.0,1.6487212181091309,284.8917362689972
1635,1.0,0.0,0.0,16,0,0,13.089596509933472,60.125,1.0,1.6487212181091309,285.0411961078644
1636,1.0,0.0,0.0,16,0,0,13.63836532831192,66.5625,1.0,1.6487212181091309,285.20610427856445
1637,1.0,0.0,0.0,16,0,0,13.35148549079895,67.375,1.0,1.6487212181091309,285.3888592720032
1638,1.0,0.0,0.0,16,0,0,13.536772787570953,67.125,1.0,1.6487212181091309,285.5610501766205
1639,1.0,0.0,0.0,16,0,0,13.288239419460297,63.0625,1.0,1.6487212181091309,285.72157621383667
1640,1.0,0.0,0.0,16,0,0,13.370660245418549,65.3125,1.0,1.6487212181091309,285.94540333747864
1641,1.0,0.0,0.0,16,0,0,13.478774070739746,67.125,1.0,1.6487212181091309,286.1123824119568
1642,1.0,0.0,0.0,16,0,0,13.233706951141357,62.3125,1.0,1.6487212181091309,286.29551935195923
1643,1.0,0.0,0.0,16,0,0,13.382919192314148,63.1875,1.0,1.6487212181091309,286.461674451828
1644,1.0,0.0,0.0,16,0,0,13.255164861679077,63.6875,1.0,1.6487212181091309,286.6292972564697
1645,1.0,0.0,0.0,16,0,0,13.311058819293976,63.8125,1.0,1.6487212181091309,286.7865822315216
1646,1.0,0.0,0.0,16,0,0,13.393626391887665,63.4375,1.0,1.6487212181091309,286.9389922618866
1647,1.0,0.0,0.0,16,0,0,13.548265516757965,71.0625,1.0,1.6487212181091309,287.11263632774353
1648,1.0,0.0,0.0,16,0,0,13.541018664836884,72.5625,1.0,1.6487212181091309,287.4000391960144
1649,1.0,0.0,0.0,16,0,0,13.447839856147766,69.25,1.0,1.6487212181091309,287.58051919937134
1650,1.0,0.0,0.0,16,0,0,13.399801671504974,64.3125,1.0,1.6487212181091309,287.7649121284485
1651,1.0,0.0,0.0,16,0,0,13.495730459690094,66.875,1.0,1.6487212181091309,287.92996621131897
1652,1.0,0.0,0.0,16,0,0,13.472672641277313,68.5,1.0,1.6487212181091309,288.1082212924957
1653,1.0,0.0,0.0,16,0,0,13.266933381557465,62.3125,1.0,1.6487212181091309,288.27618932724
1654,1.0,0.0,0.0,16,0,0,13.367348551750183,64.8125,1.0,1.6487212181091309,288.4325041770935
1655,1.0,0.0,0.0,16,0,0,13.407845973968506,67.0,1.0,1.6487212181091309,288.59800028800964
1656,1.0,0.0,0.0,16,0,0,13.411593794822693,64.375,1.0,1.6487212181091309,288.7715871334076
1657,1.0,0.0,0.0,16,0,0,13.36065149307251,67.125,1.0,1.6487212181091309,288.9423542022705
1658,1.0,0.0,0.0,16,0,0,13.389753103256226,65.8125,1.0,1.6487212181091309,289.1105692386627
1659,1.0,0.0,0.0,16,0,0,13.284883737564087,63.5,1.0,1.6487212181091309,289.27913427352905
1660,1.0,0.0,0.0,16,0,0,13.39912736415863,66.75,1.0,1.6487212181091309,289.49098229408264
1661,1.0,0.0,0.0,16,0,0,13.530802369117737,68.875,1.0,1.6487212181091309,289.6880843639374
1662,1.0,0.0,0.0,16,0,0,13.209429264068604,63.1875,1.0,1.6487212181091309,289.8612153530121
1663,1.0,0.0,0.0,16,0,0,13.33158528804779,65.0625,1.0,1.6487212181091309,290.1010591983795
1664,1.0,0.0,0.0,16,0,0,13.41557788848877,66.8125,1.0,1.6487212181091309,290.3183641433716
1665,1.0,0.0,0.0,16,0,0,13.347234964370728,62.625,1.0,1.6487212181091309,290.57344818115234
1666,1.0,0.0,0.0,16,0,0,13.536203801631927,71.125,1.0,1.6487212181091309,290.80688428878784
1667,1.0,0.0,0.0,16,0,0,13.236039638519287,63.1875,1.0,1.6487212181091309,290.9832811355591
1668,1.0,0.0,0.0,16,0,0,13.373870432376862,64.9375,1.0,1.6487212181091309,291.1632523536682
1669,1.0,0.0,0.0,16,0,0,13.236711204051971,65.125,1.0,1.6487212181091309,291.362948179245
1670,1.0,0.0,0.0,16,0,0,13.513338685035706,69.625,1.0,1.6487212181091309,291.65629839897156
1671,1.0,0.0,0.0,16,0,0,13.453819990158081,65.0,1.0,1.6487212181091309,291.91379141807556
1672,1.0,0.0,0.0,16,0,0,13.315929889678955,63.5,1.0,1.6487212181091309,292.093834400177
1673,1.0,0.0,0.0,16,0,0,13.531166076660156,69.5625,1.0,1.6487212181091309,292.3061864376068
1674,1.0,0.0,0.0,16,0,0,13.448780417442322,65.5,1.0,1.6487212181091309,292.4901702404022
1675,1.0,0.0,0.0,16,0,0,13.39033055305481,63.625,1.0,1.6487212181091309,292.6555461883545
1676,1.0,0.0,0.0,16,0,0,13.522466480731964,72.3125,1.0,1.6487212181091309,292.8476941585541
1677,1.0,0.0,0.0,16,0,0,13.301611423492432,64.0625,1.0,1.6487212181091309,293.03333139419556
1678,1.0,0.0,0.0,16,0,0,13.461685538291931,67.8125,1.0,1.6487212181091309,293.1980211734772
1679,1.0,0.0,0.0,16,0,0,13.039341986179352,59.125,1.0,1.6487212181091309,293.3348243236542
1680,1.0,0.0,0.0,16,0,0,13.367894649505615,64.8125,1.0,1.6487212181091309,293.4874532222748
1681,1.0,0.0,0.0,16,0,0,13.409112215042114,64.1875,1.0,1.6487212181091309,293.73033809661865
1682,1.0,0.0,0.0,16,0,0,13.377952992916107,69.0,1.0,1.6487212181091309,293.90336513519287
1683,1.0,0.0,0.0,16,0,0,13.336270213127136,64.25,1.0,1.6487212181091309,294.0565962791443
1684,1.0,0.0,0.0,16,0,0,13.591617047786713,70.6875,1.0,1.6487212181091309,294.22969222068787
1685,1.0,0.0,0.0,16,0,0,13.351885199546814,62.25,1.0,1.6487212181091309,294.3819441795349
1686,1.0,0.0,0.0,16,0,0,13.432262480258942,67.25,1.0,1.6487212181091309,294.55095624923706
1687,1.0,0.0,0.0,16,0,0,13.304133594036102,64.8125,1.0,1.6487212181091309,294.70609521865845
1688,1.0,0.0,0.0,16,0,0,13.328167200088501,63.3125,1.0,1.6487212181091309,294.84625816345215
1689,1.0,0.0,0.0,16,0,0,13.14169991016388,63.625,1.0,1.6487212181091309,294.98705101013184
1690,1.0,0.0,0.0,16,0,0,13.571967244148254,67.625,1.0,1.6487212181091309,295.1439251899719
1691,1.0,0.0,0.0,16,0,0,13.383566319942474,62.75,1.0,1.6487212181091309,295.2848072052002
1692,1.0,0.0,0.0,16,0,0,13.416880905628204,68.5625,1.0,1.6487212181091309,295.4372081756592
1693,1.0,0.0,0.0,16,0,0,13.647843837738037,66.6875,1.0,1.6487212181091309,295.58534121513367
1694,1.0,0.0,0.0,16,0,0,13.472497403621674,64.1875,1.0,1.6487212181091309,295.7936692237854
1695,1.0,0.0,0.0,16,0,0,13.336700201034546,63.125,1.0,1.6487212181091309,295.9422392845154
1696,1.0,0.0,0.0,16,0,0,13.327125549316406,61.0625,1.0,1.6487212181091309,296.0830183029175
1697,1.0,0.0,0.0,16,0,0,13.383156657218933,67.6875,1.0,1.6487212181091309,296.23143339157104
1698,1.0,0.0,0.0,16,0,0,13.627682149410248,66.6875,1.0,1.6487212181091309,296.37787437438965
1699,1.0,0.0,0.0,16,0,0,13.354106605052948,63.6875,1.0,1.6487212181091309,296.5266921520233
1700,1.0,0.0,0.0,16,0,0,13.377381026744843,65.125,1.0,1.6487212181091309,296.67399430274963
1701,1.0,0.0,0.0,16,0,0,13.517627000808716,68.125,1.0,1.6487212181091309,296.82467126846313
1702,1.0,0.0,0.0,16,0,0,13.505588114261627,66.75,1.0,1.6487212181091309,296.9715962409973
1703,1.0,0.0,0.0,16,0,0,13.234609603881836,66.125,1.0,1.6487212181091309,297.1225402355194
1704,1.0,0.0,0.0,16,0,0,13.523137629032135,66.5625,1.0,1.6487212181091309,297.26941323280334
1705,1.0,0.0,0.0,16,0,0,13.369244277477264,65.5,1.0,1.6487212181091309,297.4136691093445
1706,1.0,0.0,0.0,16,0,0,13.43730342388153,68.1875,1.0,1.6487212181091309,297.56736516952515
1707,1.0,0.0,0.0,16,0,0,13.384271442890167,67.4375,1.0,1.6487212181091309,297.71951842308044
1708,1.0,0.0,0.0,16,0,0,13.423573553562164,64.1875,1.0,1.6487212181091309,297.9060392379761
1709,1.0,0.0,0.0,16,0,0,13.369772851467133,64.875,1.0,1.6487212181091309,298.0832440853119
1710,1.0,0.0,0.0,16,0,0,13.386910796165466,63.8125,1.0,1.6487212181091309,298.23566222190857
1711,1.0,0.0,0.0,16,0,0,13.474723100662231,68.1875,1.0,1.6487212181091309,298.40601420402527
1712,1.0,0.0,0.0,16,0,0,13.486200392246246,68.25,1.0,1.6487212181091309,298.56669640541077
1713,1.0,0.0,0.0,16,0,0,13.511106312274933,66.5625,1.0,1.6487212181091309,298.73996806144714
1714,1.0,0.0,0.0,16,0,0,13.418801009654999,64.125,1.0,1.6487212181091309,298.8973262310028
1715,1.0,0.0,0.0,16,0,0,13.487211108207703,70.5,1.0,1.6487212181091309,299.0700333118439
1716,1.0,0.0,0.0,16,0,0,13.417108476161957,65.125,1.0,1.6487212181091309,299.22151827812195
1717,1.0,0.0,0.0,16,0,0,13.642640173435211,73.8125,1.0,1.6487212181091309,299.39787220954895
1718,1.0,0.0,0.0,16,0,0,13.471328675746918,69.75,1.0,1.6487212181091309,299.58012533187866
1719,1.0,0.0,0.0,16,0,0,13.415477991104126,65.9375,1.0,1.6487212181091309,299.7424671649933
1720,1.0,0.0,0.0,16,0,0,13.2705796957016,58.4375,1.0,1.6487212181091309,299.89254927635193
1721,1.0,0.0,0.0,16,0,0,13.31109482049942,63.6875,1.0,1.6487212181091309,300.0594081878662
1722,1.0,0.0,0.0,16,0,0,13.317480027675629,66.8125,1.0,1.6487212181091309,300.21865606307983
1723,1.0,0.0,0.0,16,0,0,13.427009761333466,65.125,1.0,1.6487212181091309,300.3792953491211
1724,1.0,0.0,0.0,16,0,0,13.288009583950043,63.625,1.0,1.6487212181091309,300.5345573425293
1725,1.0,0.0,0.0,16,0,0,13.593120217323303,68.6875,1.0,1.6487212181091309,300.7031784057617
1726,1.0,0.0,0.0,16,0,0,13.382457256317139,64.125,1.0,1.6487212181091309,300.85018014907837
1727,1.0,0.0,0.0,16,0,0,13.281611979007721,63.5,1.0,1.6487212181091309,300.9900243282318
1728,1.0,0.0,0.0,16,0,0,13.34747987985611,64.3125,1.0,1.6487212181091309,301.14864110946655
1729,1.0,0.0,0.0,16,0,0,13.322920322418213,62.625,1.0,1.6487212181091309,301.3177390098572
1730,1.0,0.0,0.0,16,0,0,13.47130399942398,63.3125,1.0,1.6487212181091309,301.4798471927643
1731,1.0,0.0,0.0,16,0,0,13.299201011657715,61.625,1.0,1.6487212181091309,301.68474817276
1732,1.0,0.0,0.0,16,0,0,13.269669115543365,65.1875,1.0,1.6487212181091309,301.88087725639343
1733,1.0,0.0,0.0,16,0,0,13.321580529212952,65.1875,1.0,1.6487212181091309,302.07064604759216
1734,1.0,0.0,0.0,16,0,0,13.683200478553772,70.875,1.0,1.6487212181091309,302.2499761581421
1735,1.0,0.0,0.0,16,0,0,13.543263256549835,67.4375,1.0,1.6487212181091309,302.41371631622314
1736,1.0,0.0,0.0,16,0,0,13.38038283586502,62.8125,1.0,1.6487212181091309,302.55623722076416
1737,1.0,0.0,0.0,16,0,0,13.45108813047409,66.5625,1.0,1.6487212181091309,302.70702624320984
1738,1.0,0.0,0.0,16,0,0,13.365595817565918,68.0,1.0,1.6487212181091309,302.87164330482483
1739,1.0,0.0,0.0,16,0,0,13.306978702545166,67.6875,1.0,1.6487212181091309,303.0333161354065
1740,1.0,0.0,0.0,16,0,0,13.378243207931519,65.375,1.0,1.6487212181091309,303.18390417099
1741,1.0,0.0,0.0,16,0,0,13.415728688240051,64.0625,1.0,1.6487212181091309,303.3285722732544
1742,1.0,0.0,0.0,16,0,0,13.312974154949188,62.625,1.0,1.6487212181091309,303.48444628715515
1743,1.0,0.0,0.0,16,0,0,13.409756243228912,67.5,1.0,1.6487212181091309,303.63538217544556
1744,1.0,0.0,0.0,16,0,0,13.366888046264648,64.625,1.0,1.6487212181091309,303.77949833869934
1745,1.0,0.0,0.0,16,0,0,13.586547493934631,65.8125,1.0,1.6487212181091309,303.94282817840576
1746,1.0,0.0,0.0,16,0,0,13.498858988285065,69.875,1.0,1.6487212181091309,304.13923144340515
1747,1.0,0.0,0.0,16,0,0,13.466061294078827,68.1875,1.0,1.6487212181091309,304.29214119911194
1748,1.0,0.0,0.0,16,0,0,13.461234748363495,68.4375,1.0,1.6487212181091309,304.4502272605896
1749,1.0,0.0,0.0,16,0,0,13.379762649536133,60.5625,1.0,1.6487212181091309,304.59578227996826
1750,1.0,0.0,0.0,16,0,0,13.435245275497437,65.9375,1.0,1.6487212181091309,304.7636742591858
1751,1.0,0.0,0.0,16,0,0,13.452649533748627,67.4375,1.0,1.6487212181091309,304.91971826553345
1752,1.0,0.0,0.0,16,0,0,13.39430695772171,66.6875,1.0,1.6487212181091309,305.0688512325287
1753,1.0,0.0,0.0,16,0,0,13.434442460536957,69.4375,1.0,1.6487212181091309,305.2292711734772
1754,1.0,0.0,0.0,16,0,0,13.18763417005539,60.75,1.0,1.6487212181091309,305.3830282688141
1755,1.0,0.0,0.0,16,0,0,13.371835112571716,64.125,1.0,1.6487212181091309,305.53081822395325
1756,1.0,0.0,0.0,16,0,0,13.44122302532196,66.1875,1.0,1.6487212181091309,305.6975841522217
1757,1.0,0.0,0.0,16,0,0,13.267692923545837,63.1875,1.0,1.6487212181091309,305.8528163433075
1758,1.0,0.0,0.0,16,0,0,13.330148041248322,63.9375,1.0,1.6487212181091309,306.00312423706055
1759,1.0,0.0,0.0,16,0,0,13.424464285373688,63.0625,1.0,1.6487212181091309,306.1563630104065
1760,1.0,0.0,0.0,16,0,0,13.353079497814178,63.5625,1.0,1.6487212181091309,306.30724024772644
1761,1.0,0.0,0.0,16,0,0,13.489323198795319,68.4375,1.0,1.6487212181091309,306.475239276886
1762,1.0,0.0,0.0,16,0,0,13.386751353740692,67.625,1.0,1.6487212181091309,306.64430832862854
1763,1.0,0.0,0.0,16,0,0,13.255827963352203,63.25,1.0,1.6487212181091309,306.80143308639526
1764,1.0,0.0,0.0,16,0,0,13.461081147193909,66.1875,1.0,1.6487212181091309,306.9492652416229
1765,1.0,0.0,0.0,16,0,0,13.515972018241882,68.3125,1.0,1.6487212181091309,307.10771322250366
1766,1.0,0.0,0.0,16,0,0,13.375789999961853,63.875,1.0,1.6487212181091309,307.26794815063477
1767,1.0,0.0,0.0,16,0,0,13.518854081630707,69.5,1.0,1.6487212181091309,307.436888217926
1768,1.0,0.0,0.0,16,0,0,13.422457098960876,71.625,1.0,1.6487212181091309,307.6115481853485
1769,1.0,0.0,0.0,16,0,0,13.341889142990112,68.6875,1.0,1.6487212181091309,307.77207136154175
1770,1.0,0.0,0.0,16,0,0,13.556895434856415,69.625,1.0,1.6487212181091309,307.9338002204895
1771,1.0,0.0,0.0,16,0,0,13.611607491970062,69.1875,1.0,1.6487212181091309,308.1007442474365
1772,1.0,0.0,0.0,16,0,0,13.41162770986557,67.0,1.0,1.6487212181091309,308.2634103298187
1773,1.0,0.0,0.0,16,0,0,13.393375158309937,64.75,1.0,1.6487212181091309,308.4292993545532
1774,1.0,0.0,0.0,16,0,0,13.491887509822845,65.4375,1.0,1.6487212181091309,308.5879023075104
1775,1.0,0.0,0.0,16,0,0,13.294998049736023,67.5625,1.0,1.6487212181091309,308.831374168396
1776,1.0,0.0,0.0,16,0,0,13.389642417430878,65.5625,1.0,1.6487212181091309,309.04590940475464
1777,1.0,0.0,0.0,16,0,0,13.40376102924347,65.625,1.0,1.6487212181091309,309.2054862976074
1778,1.0,0.0,0.0,16,0,0,13.38380092382431,68.6875,1.0,1.6487212181091309,309.40990829467773
1779,1.0,0.0,0.0,16,0,0,13.353433728218079,62.125,1.0,1.6487212181091309,309.5669701099396
1780,1.0,0.0,0.0,16,0,0,13.244465470314026,66.125,1.0,1.6487212181091309,309.71535420417786
1781,1.0,0.0,0.0,16,0,0,13.370330929756165,68.0625,1.0,1.6487212181091309,309.88056230545044
1782,1.0,0.0,0.0,16,0,0,13.273893117904663,63.25,1.0,1.6487212181091309,310.0217123031616
1783,1.0,0.0,0.0,16,0,0,13.615363955497742,69.9375,1.0,1.6487212181091309,310.1830983161926
1784,1.0,0.0,0.0,16,0,0,13.32946240901947,60.9375,1.0,1.6487212181091309,310.33737540245056
1785,1.0,0.0,0.0,16,0,0,13.365165114402771,62.875,1.0,1.6487212181091309,310.4948961734772
1786,1.0,0.0,0.0,16,0,0,13.351410984992981,66.8125,1.0,1.6487212181091309,310.6625552177429
1787,1.0,0.0,0.0,16,0,0,13.487537622451782,66.875,1.0,1.6487212181091309,310.8260941505432
1788,1.0,0.0,0.0,16,0,0,13.530016303062439,71.1875,1.0,1.6487212181091309,310.99463725090027
1789,1.0,0.0,0.0,16,0,0,13.287168979644775,62.875,1.0,1.6487212181091309,311.15566515922546
1790,1.0,0.0,0.0,16,0,0,13.45071280002594,67.6875,1.0,1.6487212181091309,311.3729872703552
1791,1.0,0.0,0.0,16,0,0,13.189014971256256,65.4375,1.0,1.6487212181091309,311.53205132484436
1792,1.0,0.0,0.0,16,0,0,13.231812715530396,58.25,1.0,1.6487212181091309,311.66565918922424
1793,1.0,0.0,0.0,16,0,0,13.646585166454315,68.0,1.0,1.6487212181091309,311.8208341598511
1794,1.0,0.0,0.0,16,0,0,13.383720636367798,63.9375,1.0,1.6487212181091309,311.96321511268616
1795,1.0,0.0,0.0,16,0,0,13.40277236700058,66.1875,1.0,1.6487212181091309,312.11206221580505
1796,1.0,0.0,0.0,16,0,0,13.333377361297607,65.6875,1.0,1.6487212181091309,312.26102924346924
1797,1.0,0.0,0.0,16,0,0,13.337126731872559,65.875,1.0,1.6487212181091309,312.41159319877625
1798,1.0,0.0,0.0,16,0,0,13.636007308959961,72.3125,1.0,1.6487212181091309,312.6214883327484
1799,1.0,0.0,0.0,16,0,0,13.60296255350113,71.3125,1.0,1.6487212181091309,312.78238010406494
1800,1.0,0.0,0.0,16,0,0,13.260319292545319,60.9375,1.0,1.6487212181091309,312.9172353744507
1801,1.0,0.0,0.0,16,0,0,13.391680121421814,63.4375,1.0,1.6487212181091309,313.06490540504456
1802,1.0,0.0,0.0,16,0,0,13.58266544342041,71.0,1.0,1.6487212181091309,313.2284553050995
1803,1.0,0.0,0.0,16,0,0,13.511273980140686,66.0,1.0,1.6487212181091309,313.37720704078674
1804,1.0,0.0,0.0,16,0,0,13.426540493965149,68.0625,1.0,1.6487212181091309,313.53270626068115
1805,1.0,0.0,0.0,16,0,0,13.277661859989166,62.625,1.0,1.6487212181091309,313.67071413993835
1806,1.0,0.0,0.0,16,0,0,13.395963311195374,68.75,1.0,1.6487212181091309,313.8275182247162
1807,1.0,0.0,0.0,16,0,0,13.478092074394226,67.9375,1.0,1.6487212181091309,313.9851803779602
1808,1.0,0.0,0.0,16,0,0,13.54332709312439,70.125,1.0,1.6487212181091309,314.1411142349243
1809,1.0,0.0,0.0,16,0,0,13.423416376113892,66.9375,1.0,1.6487212181091309,314.2871172428131
1810,1.0,0.0,0.0,16,0,0,13.26901376247406,65.375,1.0,1.6487212181091309,314.43284821510315
1811,1.0,0.0,0.0,16,0,0,13.343500852584839,65.875,1.0,1.6487212181091309,314.605589389801
1812,1.0,0.0,0.0,16,0,0,13.3561110496521,62.875,1.0,1.6487212181091309,314.7532072067261
1813,1.0,0.0,0.0,16,0,0,13.381194293498993,66.75,1.0,1.6487212181091309,314.9005551338196
1814,1.0,0.0,0.0,16,0,0,13.358176410198212,67.5625,1.0,1.6487212181091309,315.0514323711395
1815,1.0,0.0,0.0,16,0,0,13.531278491020203,67.625,1.0,1.6487212181091309,315.2010991573334
1816,1.0,0.0,0.0,16,0,0,13.265283703804016,65.75,1.0,1.6487212181091309,315.346577167511
1817,1.0,0.0,0.0,16,0,0,13.360317885875702,66.5625,1.0,1.6487212181091309,315.4962811470032
1818,1.0,0.0,0.0,16,0,0,13.481747448444366,67.5625,1.0,1.6487212181091309,315.643048286438
1819,1.0,0.0,0.0,16,0,0,13.362108290195465,67.125,1.0,1.6487212181091309,315.79218316078186
1820,1.0,0.0,0.0,16,0,0,13.455514967441559,68.3125,1.0,1.6487212181091309,315.9477972984314
1821,1.0,0.0,0.0,16,0,0,13.27595591545105,62.625,1.0,1.6487212181091309,316.08819937705994
1822,1.0,0.0,0.0,16,0,0,13.553677201271057,66.5,1.0,1.6487212181091309,316.2365131378174
1823,1.0,0.0,0.0,16,0,0,13.396774053573608,64.375,1.0,1.6487212181091309,316.3805902004242
1824,1.0,0.0,0.0,16,0,0,13.381377816200256,61.3125,1.0,1.6487212181091309,316.51657032966614
1825,1.0,0.0,0.0,16,0,0,13.455985724925995,65.375,1.0,1.6487212181091309,316.68068504333496
1826,1.0,0.0,0.0,16,0,0,13.671440064907074,72.0625,1.0,1.6487212181091309,316.853963136673
1827,1.0,0.0,0.0,16,0,0,13.436902582645416,64.875,1.0,1.6487212181091309,317.0101282596588
1828,1.0,0.0,0.0,16,0,0,13.4617258310318,67.0,1.0,1.6487212181091309,317.1686682701111
1829,1.0,0.0,0.0,16,0,0,13.353204905986786,66.125,1.0,1.6487212181091309,317.31524300575256
1830,1.0,0.0,0.0,16,0,0,13.429343223571777,65.375,1.0,1.6487212181091309,317.460565328598
1831,1.0,0.0,0.0,16,0,0,13.106974184513092,61.875,1.0,1.6487212181091309,317.60042905807495
1832,1.0,0.0,0.0,16,0,0,13.210038661956787,60.5625,1.0,1.6487212181091309,317.7408502101898
1833,1.0,0.0,0.0,16,0,0,13.357775211334229,64.6875,1.0,1.6487212181091309,317.8912150859833
1834,1.0,0.0,0.0,16,0,0,13.32926595211029,68.5,1.0,1.6487212181091309,318.0458343029022
1835,1.0,0.0,0.0,16,0,0,13.390780687332153,68.9375,1.0,1.6487212181091309,318.1988263130188
1836,1.0,0.0,0.0,16,0,0,13.387807548046112,66.875,1.0,1.6487212181091309,318.34610509872437
1837,1.0,0.0,0.0,16,0,0,13.347871124744415,64.5625,1.0,1.6487212181091309,318.5007801055908
1838,1.0,0.0,0.0,16,0,0,13.468791782855988,70.0625,1.0,1.6487212181091309,318.659588098526
1839,1.0,0.0,0.0,16,0,0,13.395153105258942,67.625,1.0,1.6487212181091309,318.8248522281647
1840,1.0,0.0,0.0,16,0,0,13.495912194252014,66.375,1.0,1.6487212181091309,318.9763550758362
1841,1.0,0.0,0.0,16,0,0,13.415280759334564,68.0625,1.0,1.6487212181091309,319.1288273334503
1842,1.0,0.0,0.0,16,0,0,13.429732978343964,70.125,1.0,1.6487212181091309,319.2991952896118
1843,1.0,0.0,0.0,16,0,0,13.39033842086792,67.125,1.0,1.6487212181091309,319.4579293727875
1844,1.0,0.0,0.0,16,0,0,13.459994196891785,66.25,1.0,1.6487212181091309,319.6131591796875
1845,1.0,0.0,0.0,16,0,0,13.460491001605988,65.4375,1.0,1.6487212181091309,319.7668442726135
1846,1.0,0.0,0.0,16,0,0,13.408920049667358,66.3125,1.0,1.6487212181091309,319.9156732559204
1847,1.0,0.0,0.0,16,0,0,13.411672115325928,65.6875,1.0,1.6487212181091309,320.0621542930603
1848,1.0,0.0,0.0,16,0,0,13.253259778022766,62.8125,1.0,1.6487212181091309,320.2002921104431
1849,1.0,0.0,0.0,16,0,0,13.339126825332642,61.9375,1.0,1.6487212181091309,320.33620405197144
1850,1.0,0.0,0.0,16,0,0,13.457485020160675,67.6875,1.0,1.6487212181091309,320.55147314071655
1851,1.0,0.0,0.0,16,0,0,13.426547646522522,65.6875,1.0,1.6487212181091309,320.7312562465668
1852,1.0,0.0,0.0,16,0,0,13.469887435436249,69.1875,1.0,1.6487212181091309,320.9297511577606
1853,1.0,0.0,0.0,16,0,0,13.463188350200653,71.4375,1.0,1.6487212181091309,321.0901303291321
1854,1.0,0.0,0.0,16,0,0,13.381739318370819,63.625,1.0,1.6487212181091309,321.2327480316162
1855,1.0,0.0,0.0,16,0,0,13.275769412517548,66.8125,1.0,1.6487212181091309,321.3815050125122
1856,1.0,0.0,0.0,16,0,0,13.288143396377563,62.4375,1.0,1.6487212181091309,321.5207133293152
1857,1.0,0.0,0.0,16,0,0,13.45709353685379,68.875,1.0,1.6487212181091309,321.67358899116516
1858,1.0,0.0,0.0,16,0,0,13.453792572021484,67.9375,1.0,1.6487212181091309,321.82559514045715
1859,1.0,0.0,0.0,16,0,0,13.295879364013672,63.625,1.0,1.6487212181091309,321.99581837654114
1860,1.0,0.0,0.0,16,0,0,13.327159225940704,64.1875,1.0,1.6487212181091309,322.16027641296387
1861,1.0,0.0,0.0,16,0,0,13.440796911716461,61.5625,1.0,1.6487212181091309,322.30119013786316
1862,1.0,0.0,0.0,16,0,0,13.481930375099182,68.5625,1.0,1.6487212181091309,322.4579141139984
1863,1.0,0.0,0.0,16,0,0,13.316609382629395,62.9375,1.0,1.6487212181091309,322.5997543334961
1864,1.0,0.0,0.0,16,0,0,13.528438985347748,68.875,1.0,1.6487212181091309,322.7541551589966
1865,1.0,0.0,0.0,16,0,0,13.33013266324997,63.75,1.0,1.6487212181091309,322.89519000053406
1866,1.0,0.0,0.0,16,0,0,13.516892611980438,67.4375,1.0,1.6487212181091309,323.0500011444092
1867,1.0,0.0,0.0,16,0,0,13.342692852020264,65.125,1.0,1.6487212181091309,323.1979732513428
1868,1.0,0.0,0.0,16,0,0,13.535798251628876,66.875,1.0,1.6487212181091309,323.34726119041443
1869,1.0,0.0,0.0,16,0,0,13.259305953979492,63.625,1.0,1.6487212181091309,323.4943742752075
1870,1.0,0.0,0.0,16,0,0,13.496916949748993,66.1875,1.0,1.6487212181091309,323.6474733352661
1871,1.0,0.0,0.0,16,0,0,13.182567954063416,62.75,1.0,1.6487212181091309,323.7912540435791
1872,1.0,0.0,0.0,16,0,0,13.437875151634216,68.5625,1.0,1.6487212181091309,323.94759225845337
1873,1.0,0.0,0.0,16,0,0,13.483765125274658,67.25,1.0,1.6487212181091309,324.0972123146057
1874,1.0,0.0,0.0,16,0,0,13.407044112682343,64.1875,1.0,1.6487212181091309,324.24593925476074
1875,1.0,0.0,0.0,16,0,0,13.31791478395462,64.625,1.0,1.6487212181091309,324.3903522491455
1876,1.0,0.0,0.0,16,0,0,13.45686650276184,67.5,1.0,1.6487212181091309,324.54049730300903
1877,1.0,0.0,0.0,16,0,0,13.544228494167328,66.75,1.0,1.6487212181091309,324.6880073547363
1878,1.0,0.0,0.0,16,0,0,13.321282148361206,64.5,1.0,1.6487212181091309,324.83321237564087
1879,1.0,0.0,0.0,16,0,0,13.367249369621277,65.875,1.0,1.6487212181091309,324.98072600364685
1880,1.0,0.0,0.0,16,0,0,13.238306045532227,67.3125,1.0,1.6487212181091309,325.13493728637695
1881,1.0,0.0,0.0,16,0,0,13.238676249980927,61.0625,1.0,1.6487212181091309,325.27786326408386
1882,1.0,0.0,0.0,16,0,0,13.353334069252014,65.8125,1.0,1.6487212181091309,325.42457818984985
1883,1.0,0.0,0.0,16,0,0,13.302728295326233,65.375,1.0,1.6487212181091309,325.5740852355957
1884,1.0,0.0,0.0,16,0,0,13.443790197372437,62.3125,1.0,1.6487212181091309,325.71772027015686
1885,1.0,0.0,0.0,16,0,0,13.365450739860535,65.875,1.0,1.6487212181091309,325.8732132911682
1886,1.0,0.0,0.0,16,0,0,13.447700023651123,67.0,1.0,1.6487212181091309,326.02411818504333
1887,1.0,0.0,0.0,16,0,0,13.467905163764954,70.0,1.0,1.6487212181091309,326.17774534225464
1888,1.0,0.0,0.0,16,0,0,13.484066188335419,64.875,1.0,1.6487212181091309,326.32069301605225
1889,1.0,0.0,0.0,16,0,0,13.42580509185791,64.0,1.0,1.6487212181091309,326.46258425712585
1890,1.0,0.0,0.0,16,0,0,13.59066116809845,70.4375,1.0,1.6487212181091309,326.6179780960083
1891,1.0,0.0,0.0,16,0,0,13.349580824375153,65.4375,1.0,1.6487212181091309,326.7664842605591
1892,1.0,0.0,0.0,16,0,0,13.403114140033722,65.375,1.0,1.6487212181091309,326.91355419158936
1893,1.0,0.0,0.0,16,0,0,13.47830617427826,68.0,1.0,1.6487212181091309,327.0662384033203
1894,1.0,0.0,0.0,16,0,0,13.51956570148468,65.875,1.0,1.6487212181091309,327.22619128227234
1895,1.0,0.0,0.0,16,0,0,13.278194606304169,63.0,1.0,1.6487212181091309,327.3676800727844
1896,1.0,0.0,0.0,16,0,0,13.406997084617615,66.6875,1.0,1.6487212181091309,327.51297307014465
1897,1.0,0.0,0.0,16,0,0,13.352143466472626,64.3125,1.0,1.6487212181091309,327.65987038612366
1898,1.0,0.0,0.0,16,0,0,13.369444608688354,67.0625,1.0,1.6487212181091309,327.8080081939697
1899,1.0,0.0,0.0,16,0,0,13.490258872509003,69.375,1.0,1.6487212181091309,327.96705317497253
1900,1.0,0.0,0.0,16,0,0,13.497338831424713,64.125,1.0,1.6487212181091309,328.1116783618927
1901,1.0,0.0,0.0,16,0,0,13.593559920787811,75.1875,1.0,1.6487212181091309,328.2803614139557
1902,1.0,0.0,0.0,16,0,0,13.512268006801605,66.375,1.0,1.6487212181091309,328.4286332130432
1903,1.0,0.0,0.0,16,0,0,13.64532995223999,69.4375,1.0,1.6487212181091309,328.58699131011963
1904,1.0,0.0,0.0,16,0,0,13.2289360165596,63.25,1.0,1.6487212181091309,328.73470425605774
1905,1.0,0.0,0.0,16,0,0,13.292244493961334,61.75,1.0,1.6487212181091309,328.87122416496277
1906,1.0,0.0,0.0,16,0,0,13.476374745368958,63.25,1.0,1.6487212181091309,329.009396314621
1907,1.0,0.0,0.0,16,0,0,13.343417167663574,66.0,1.0,1.6487212181091309,329.15688014030457
1908,1.0,0.0,0.0,16,0,0,13.280933797359467,65.375,1.0,1.6487212181091309,329.314569234848
1909,1.0,0.0,0.0,16,0,0,13.430740654468536,64.75,1.0,1.6487212181091309,329.4599401950836
1910,1.0,0.0,0.0,16,0,0,13.402262449264526,67.3125,1.0,1.6487212181091309,329.608332157135
1911,1.0,0.0,0.0,16,0,0,13.3342826962471,64.25,1.0,1.6487212181091309,329.7574532032013
1912,1.0,0.0,0.0,16,0,0,13.41626763343811,64.125,1.0,1.6487212181091309,329.9016032218933
1913,1.0,0.0,0.0,16,0,0,13.01848417520523,62.9375,1.0,1.6487212181091309,330.0430190563202
1914,1.0,0.0,0.0,16,0,0,13.317752659320831,62.9375,1.0,1.6487212181091309,330.1838274002075
1915,1.0,0.0,0.0,16,0,0,13.569490611553192,67.0,1.0,1.6487212181091309,330.3319911956787
1916,1.0,0.0,0.0,16,0,0,13.705319941043854,69.9375,1.0,1.6487212181091309,330.4874403476715
1917,1.0,0.0,0.0,16,0,0,13.496337294578552,65.8125,1.0,1.6487212181091309,330.63435316085815
1918,1.0,0.0,0.0,16,0,0,13.477169573307037,69.25,1.0,1.6487212181091309,330.7908911705017
1919,1.0,0.0,0.0,16,0,0,13.396082639694214,64.125,1.0,1.6487212181091309,330.9398081302643
1920,1.0,0.0,0.0,16,0,0,13.542133748531342,68.875,1.0,1.6487212181091309,331.0925621986389
1921,1.0,0.0,0.0,16,0,0,13.307218313217163,68.5,1.0,1.6487212181091309,331.2456781864166
1922,1.0,0.0,0.0,16,0,0,13.30673235654831,64.6875,1.0,1.6487212181091309,331.3948800563812
1923,1.0,0.0,0.0,16,0,0,13.593563437461853,69.0625,1.0,1.6487212181091309,331.5508072376251
1924,1.0,0.0,0.0,16,0,0,13.331750392913818,60.375,1.0,1.6487212181091309,331.6881432533264
1925,1.0,0.0,0.0,16,0,0,13.303591668605804,63.375,1.0,1.6487212181091309,331.8279812335968
1926,1.0,0.0,0.0,16,0,0,13.45844841003418,65.5625,1.0,1.6487212181091309,331.9751133918762
1927,1.0,0.0,0.0,16,0,0,13.398586630821228,70.375,1.0,1.6487212181091309,332.13107919692993
1928,1.0,0.0,0.0,16,0,0,13.407402992248535,69.0,1.0,1.6487212181091309,332.28445529937744
1929,1.0,0.0,0.0,16,0,0,13.409617006778717,63.75,1.0,1.6487212181091309,332.4254903793335
1930,1.0,0.0,0.0,16,0,0,13.283080101013184,62.875,1.0,1.6487212181091309,332.5625231266022
1931,1.0,0.0,0.0,16,0,0,13.443328738212585,69.5625,1.0,1.6487212181091309,332.7163052558899
1932,1.0,0.0,0.0,16,0,0,13.316503882408142,65.5,1.0,1.6487212181091309,332.86415219306946
1933,1.0,0.0,0.0,16,0,0,13.387224555015564,69.75,1.0,1.6487212181091309,333.0190122127533
1934,1.0,0.0,0.0,16,0,0,13.217718422412872,64.1875,1.0,1.6487212181091309,333.1640303134918
1935,1.0,0.0,0.0,16,0,0,13.58898651599884,69.375,1.0,1.6487212181091309,333.3230483531952
1936,1.0,0.0,0.0,16,0,0,13.437836229801178,66.25,1.0,1.6487212181091309,333.4759211540222
1937,1.0,0.0,0.0,16,0,0,13.34818172454834,64.3125,1.0,1.6487212181091309,333.6214442253113
1938,1.0,0.0,0.0,16,0,0,13.432254791259766,69.375,1.0,1.6487212181091309,333.7837781906128
1939,1.0,0.0,0.0,16,0,0,13.467315912246704,65.75,1.0,1.6487212181091309,333.93036127090454
1940,1.0,0.0,0.0,16,0,0,13.127709865570068,61.4375,1.0,1.6487212181091309,334.07089042663574
1941,1.0,0.0,0.0,16,0,0,13.322617292404175,64.1875,1.0,1.6487212181091309,334.21712017059326
1942,1.0,0.0,0.0,16,0,0,13.321228981018066,66.3125,1.0,1.6487212181091309,334.36404037475586
1943,1.0,0.0,0.0,16,0,0,13.34334659576416,65.875,1.0,1.6487212181091309,334.5125513076782
1944,1.0,0.0,0.0,16,0,0,13.454793810844421,69.0,1.0,1.6487212181091309,334.67457938194275
1945,1.0,0.0,0.0,16,0,0,13.358467698097229,62.875,1.0,1.6487212181091309,334.8154664039612
1946,1.0,0.0,0.0,16,0,0,13.345561742782593,65.875,1.0,1.6487212181091309,334.98017621040344
1947,1.0,0.0,0.0,16,0,0,13.266520619392395,61.4375,1.0,1.6487212181091309,335.13426208496094
1948,1.0,0.0,0.0,16,0,0,13.379177868366241,66.1875,1.0,1.6487212181091309,335.2825222015381
1949,1.0,0.0,0.0,16,0,0,13.210231363773346,61.3125,1.0,1.6487212181091309,335.4198594093323
1950,1.0,0.0,0.0,16,0,0,13.381739854812622,65.0625,1.0,1.6487212181091309,335.57787799835205
1951,1.0,0.0,0.0,16,0,0,13.50552213191986,68.6875,1.0,1.6487212181091309,335.73005843162537
1952,1.0,0.0,0.0,16,0,0,13.371784508228302,66.875,1.0,1.6487212181091309,335.88990116119385
1953,1.0,0.0,0.0,16,0,0,13.507357239723206,68.875,1.0,1.6487212181091309,336.0514442920685
1954,1.0,0.0,0.0,16,0,0,13.246201038360596,63.4375,1.0,1.6487212181091309,336.1929123401642
1955,1.0,0.0,0.0,16,0,0,13.601018488407135,69.1875,1.0,1.6487212181091309,336.3466172218323
1956,1.0,0.0,0.0,16,0,0,13.240730583667755,63.875,1.0,1.6487212181091309,336.4881191253662
1957,1.0,0.0,0.0,16,0,0,13.424201369285583,63.9375,1.0,1.6487212181091309,336.63333320617676
1958,1.0,0.0,0.0,16,0,0,13.438456177711487,66.3125,1.0,1.6487212181091309,336.78385305404663
1959,1.0,0.0,0.0,16,0,0,13.39562302827835,67.625,1.0,1.6487212181091309,336.9366991519928
1960,1.0,0.0,0.0,16,0,0,13.258069694042206,60.9375,1.0,1.6487212181091309,337.07171726226807
1961,1.0,0.0,0.0,16,0,0,13.493629455566406,69.0625,1.0,1.6487212181091309,337.229700088501
1962,1.0,0.0,0.0,16,0,0,13.45071566104889,67.8125,1.0,1.6487212181091309,337.3826103210449
1963,1.0,0.0,0.0,16,0,0,13.322379529476166,62.0625,1.0,1.6487212181091309,337.52370023727417
1964,1.0,0.0,0.0,16,0,0,13.416044116020203,66.1875,1.0,1.6487212181091309,337.6807601451874
1965,1.0,0.0,0.0,16,0,0,13.213548958301544,65.1875,1.0,1.6487212181091309,337.828485250473
1966,1.0,0.0,0.0,16,0,0,13.312623739242554,65.75,1.0,1.6487212181091309,337.97542333602905
1967,1.0,0.0,0.0,16,0,0,13.279757142066956,63.1875,1.0,1.6487212181091309,338.1178812980652
1968,1.0,0.0,0.0,16,0,0,13.425219476222992,71.125,1.0,1.6487212181091309,338.27816820144653
1969,1.0,0.0,0.0,16,0,0,13.408660054206848,64.875,1.0,1.6487212181091309,338.4241063594818
1970,1.0,0.0,0.0,16,0,0,13.288784682750702,64.9375,1.0,1.6487212181091309,338.56913924217224
1971,1.0,0.0,0.0,16,0,0,13.321290075778961,66.8125,1.0,1.6487212181091309,338.72280502319336
1972,1.0,0.0,0.0,16,0,0,13.464487493038177,67.3125,1.0,1.6487212181091309,338.87091732025146
1973,1.0,0.0,0.0,16,0,0,13.435772061347961,66.3125,1.0,1.6487212181091309,339.0440320968628
1974,1.0,0.0,0.0,16,0,0,13.43740862607956,69.0625,1.0,1.6487212181091309,339.21813344955444
1975,1.0,0.0,0.0,16,0,0,13.318337142467499,67.1875,1.0,1.6487212181091309,339.36995220184326
1976,1.0,0.0,0.0,16,0,0,13.221680521965027,60.6875,1.0,1.6487212181091309,339.5085561275482
1977,1.0,0.0,0.0,16,0,0,13.258296012878418,62.4375,1.0,1.6487212181091309,339.6862072944641
1978,1.0,0.0,0.0,16,0,0,13.440110445022583,68.5625,1.0,1.6487212181091309,339.8546450138092
1979,1.0,0.0,0.0,16,0,0,13.448631167411804,62.875,1.0,1.6487212181091309,339.99524307250977
1980,1.0,0.0,0.0,16,0,0,13.392303049564362,67.125,1.0,1.6487212181091309,340.1452453136444
1981,1.0,0.0,0.0,16,0,0,13.385641634464264,64.875,1.0,1.6487212181091309,340.2937242984772
1982,1.0,0.0,0.0,16,0,0,13.550855278968811,72.625,1.0,1.6487212181091309,340.45497703552246
1983,1.0,0.0,0.0,16,0,0,13.559103667736053,68.9375,1.0,1.6487212181091309,340.60846424102783
1984,1.0,0.0,0.0,16,0,0,13.36227422952652,65.0,1.0,1.6487212181091309,340.7545702457428
1985,1.0,0.0,0.0,16,0,0,13.28045916557312,63.875,1.0,1.6487212181091309,340.8950400352478
1986,1.0,0.0,0.0,16,0,0,13.243666887283325,63.625,1.0,1.6487212181091309,341.03493309020996
1987,1.0,0.0,0.0,16,0,0,13.407914757728577,66.5625,1.0,1.6487212181091309,341.1854703426361
1988,1.0,0.0,0.0,16,0,0,13.491344034671783,65.8125,1.0,1.6487212181091309,341.33184003829956
1989,1.0,0.0,0.0,16,0,0,13.647005915641785,71.0,1.0,1.6487212181091309,341.4848413467407
1990,1.0,0.0,0.0,16,0,0,13.395950257778168,63.9375,1.0,1.6487212181091309,341.63112020492554
1991,1.0,0.0,0.0,16,0,0,13.169363498687744,62.125,1.0,1.6487212181091309,341.7966651916504
1992,1.0,0.0,0.0,16,0,0,13.251076519489288,63.5625,1.0,1.6487212181091309,341.94050216674805
1993,1.0,0.0,0.0,16,0,0,13.417679607868195,65.125,1.0,1.6487212181091309,342.0874261856079
1994,1.0,0.0,0.0,16,0,0,13.324308812618256,65.125,1.0,1.6487212181091309,342.24886417388916
1995,1.0,0.0,0.0,16,0,0,13.589780330657959,66.9375,1.0,1.6487212181091309,342.40238428115845
1996,1.0,0.0,0.0,16,0,0,13.466275215148926,67.0625,1.0,1.6487212181091309,342.5510001182556
1997,1.0,0.0,0.0,16,0,0,13.462802529335022,68.0625,1.0,1.6487212181091309,342.7063801288605
1998,1.0,0.0,0.0,16,0,0,13.389202058315277,63.0,1.0,1.6487212181091309,342.8455741405487
1999,1.0,0.0,0.0,16,0,0,13.462513267993927,65.5625,1.0,1.6487212181091309,342.99376940727234
2000,1.0,0.0,0.0,16,0,0,13.373029947280884,65.875,1.0,1.6487212181091309,343.140337228775
2001,1.0,0.0,0.0,16,0,0,13.147059202194214,62.3125,1.0,1.6487212181091309,343.2854301929474
2002,1.0,0.0,0.0,16,0,0,13.521842360496521,66.5,1.0,1.6487212181091309,343.4336681365967
2003,1.0,0.0,0.0,16,0,0,13.425122499465942,65.6875,1.0,1.6487212181091309,343.5807192325592
2004,1.0,0.0,0.0,16,0,0,13.467155158519745,64.3125,1.0,1.6487212181091309,343.72815227508545
2005,1.0,0.0,0.0,16,0,0,13.440915763378143,64.4375,1.0,1.6487212181091309,343.89818120002747
2006,1.0,0.0,0.0,16,0,0,13.396193504333496,64.5625,1.0,1.6487212181091309,344.0432732105255
2007,1.0,0.0,0.0,16,0,0,13.600268483161926,71.3125,1.0,1.6487212181091309,344.2032141685486
2008,1.0,0.0,0.0,16,0,0,13.721370100975037,76.5625,1.0,1.6487212181091309,344.3756031990051
2009,1.0,0.0,0.0,16,0,0,13.376360893249512,63.8125,1.0,1.6487212181091309,344.517676115036
2010,1.0,0.0,0.0,16,0,0,13.544178128242493,67.8125,1.0,1.6487212181091309,344.66608929634094
2011,1.0,0.0,0.0,16,0,0,13.442126333713531,64.625,1.0,1.6487212181091309,344.8138961791992
2012,1.0,0.0,0.0,16,0,0,13.394112348556519,65.3125,1.0,1.6487212181091309,344.96099615097046
2013,1.0,0.0,0.0,16,0,0,13.420430421829224,66.25,1.0,1.6487212181091309,345.1059310436249
2014,1.0,0.0,0.0,16,0,0,13.297059774398804,64.75,1.0,1.6487212181091309,345.25064611434937
2015,1.0,0.0,0.0,16,0,0,13.341573119163513,64.4375,1.0,1.6487212181091309,345.3985822200775
2016,1.0,0.0,0.0,16,0,0,13.346200346946716,65.875,1.0,1.6487212181091309,345.545693397522
2017,1.0,0.0,0.0,16,0,0,13.267353773117065,60.75,1.0,1.6487212181091309,345.6821823120117
2018,1.0,0.0,0.0,16,0,0,13.353159308433533,69.3125,1.0,1.6487212181091309,345.839613199234
2019,1.0,0.0,0.0,16,0,0,13.42260628938675,66.0625,1.0,1.6487212181091309,346.0066213607788
2020,1.0,0.0,0.0,16,0,0,13.362834870815277,66.0,1.0,1.6487212181091309,346.1583471298218
2021,1.0,0.0,0.0,16,0,0,13.41300654411316,65.3125,1.0,1.6487212181091309,346.3037660121918
2022,1.0,0.0,0.0,16,0,0,13.22583121061325,63.875,1.0,1.6487212181091309,346.45358514785767
2023,1.0,0.0,0.0,16,0,0,13.49813026189804,67.75,1.0,1.6487212181091309,346.6051712036133
2024,1.0,0.0,0.0,16,0,0,13.386590480804443,65.5625,1.0,1.6487212181091309,346.74997329711914
2025,1.0,0.0,0.0,16,0,0,13.263905704021454,64.4375,1.0,1.6487212181091309,346.89373111724854
2026,1.0,0.0,0.0,16,0,0,13.44786524772644,65.0,1.0,1.6487212181091309,347.03948521614075
2027,1.0,0.0,0.0,16,0,0,13.244364142417908,64.25,1.0,1.6487212181091309,347.18936228752136
2028,1.0,0.0,0.0,16,0,0,13.540702879428864,65.9375,1.0,1.6487212181091309,347.334007024765
2029,1.0,0.0,0.0,16,0,0,13.323644518852234,66.125,1.0,1.6487212181091309,347.4817180633545
2030,1.0,0.0,0.0,16,0,0,13.430085241794586,66.1875,1.0,1.6487212181091309,347.63010931015015
2031,1.0,0.0,0.0,16,0,0,13.462558388710022,65.75,1.0,1.6487212181091309,347.77752137184143
2032,1.0,0.0,0.0,16,0,0,13.593550086021423,67.6875,1.0,1.6487212181091309,347.9280982017517
2033,1.0,0.0,0.0,16,0,0,13.271544873714447,65.8125,1.0,1.6487212181091309,348.08926725387573
2034,1.0,0.0,0.0,16,0,0,13.505928635597229,69.9375,1.0,1.6487212181091309,348.24721217155457
2035,1.0,0.0,0.0,16,0,0,13.527931690216064,70.875,1.0,1.6487212181091309,348.40459537506104
2036,1.0,0.0,0.0,16,0,0,13.497580289840698,63.375,1.0,1.6487212181091309,348.54310727119446
2037,1.0,0.0,0.0,16,0,0,13.53444129228592,73.5,1.0,1.6487212181091309,348.70570707321167
2038,1.0,0.0,0.0,16,0,0,13.521600306034088,69.3125,1.0,1.6487212181091309,348.8620264530182
2039,1.0,0.0,0.0,16,0,0,13.464974164962769,63.9375,1.0,1.6487212181091309,349.00970911979675
2040,1.0,0.0,0.0,16,0,0,13.330895006656647,65.9375,1.0,1.6487212181091309,349.16235423088074
2041,1.0,0.0,0.0,16,0,0,13.486835420131683,67.0,1.0,1.6487212181091309,349.31228017807007
2042,1.0,0.0,0.0,16,0,0,13.462266862392426,66.625,1.0,1.6487212181091309,349.4608221054077
2043,1.0,0.0,0.0,16,0,0,13.348840951919556,64.0625,1.0,1.6487212181091309,349.6045923233032
2044,1.0,0.0,0.0,16,0,0,13.477729320526123,71.9375,1.0,1.6487212181091309,349.7664792537689
2045,1.0,0.0,0.0,16,0,0,13.293793737888336,69.4375,1.0,1.6487212181091309,349.9223711490631
2046,1.0,0.0,0.0,16,0,0,13.488272666931152,69.75,1.0,1.6487212181091309,350.07953119277954
2047,1.0,0.0,0.0,16,0,0,13.325546085834503,64.1875,1.0,1.6487212181091309,350.2284700870514
2048,1.0,0.0,0.0,16,0,0,13.398860156536102,67.5,1.0,1.6487212181091309,350.37722635269165
2049,1.0,0.0,0.0,16,0,0,13.414660036563873,63.8125,1.0,1.6487212181091309,350.52024602890015
2050,1.0,0.0,0.0,16,0,0,13.452404499053955,67.125,1.0,1.6487212181091309,350.6744341850281
2051,1.0,0.0,0.0,16,0,0,13.459347665309906,68.875,1.0,1.6487212181091309,350.8315432071686
2052,1.0,0.0,0.0,16,0,0,13.350496768951416,68.5,1.0,1.6487212181091309,350.9842450618744
2053,1.0,0.0,0.0,16,0,0,13.56365692615509,67.625,1.0,1.6487212181091309,351.13287925720215
2054,1.0,0.0,0.0,16,0,0,13.44829398393631,63.5625,1.0,1.6487212181091309,351.2740693092346
2055,1.0,0.0,0.0,16,0,0,13.404393374919891,65.3125,1.0,1.6487212181091309,351.4182641506195
2056,1.0,0.0,0.0,16,0,0,13.329933822154999,62.9375,1.0,1.6487212181091309,351.55996227264404
2057,1.0,0.0,0.0,16,0,0,13.371165215969086,65.625,1.0,1.6487212181091309,351.7051520347595
2058,1.0,0.0,0.0,16,0,0,13.441897809505463,65.1875,1.0,1.6487212181091309,351.8512861728668
2059,1.0,0.0,0.0,16,0,0,13.316942512989044,69.0625,1.0,1.6487212181091309,352.00491428375244
2060,1.0,0.0,0.0,16,0,0,13.35476279258728,66.125,1.0,1.6487212181091309,352.15398025512695
2061,1.0,0.0,0.0,16,0,0,13.362670183181763,67.1875,1.0,1.6487212181091309,352.3064842224121
2062,1.0,0.0,0.0,16,0,0,13.452874839305878,66.75,1.0,1.6487212181091309,352.4560661315918
2063,1.0,0.0,0.0,16,0,0,13.357291281223297,66.0625,1.0,1.6487212181091309,352.6070930957794
2064,1.0,0.0,0.0,16,0,0,13.159748554229736,61.0,1.0,1.6487212181091309,352.7420632839203
2065,1.0,0.0,0.0,16,0,0,13.2911696434021,59.25,1.0,1.6487212181091309,352.8820722103119
2066,1.0,0.0,0.0,16,0,0,13.515000224113464,72.8125,1.0,1.6487212181091309,353.0483121871948
2067,1.0,0.0,0.0,16,0,0,13.418583393096924,65.75,1.0,1.6487212181091309,353.1955420970917
2068,1.0,0.0,0.0,16,0,0,13.362076938152313,66.125,1.0,1.6487212181091309,353.3460474014282
2069,1.0,0.0,0.0,16,0,0,13.325836062431335,66.4375,1.0,1.6487212181091309,353.4979090690613
2070,1.0,0.0,0.0,16,0,0,13.518730401992798,68.25,1.0,1.6487212181091309,353.64906334877014
2071,1.0,0.0,0.0,16,0,0,13.4525386095047,65.5625,1.0,1.6487212181091309,353.79537320137024
2072,1.0,0.0,0.0,16,0,0,13.61713296175003,68.6875,1.0,1.6487212181091309,353.9491331577301
2073,1.0,0.0,0.0,16,0,0,13.333293437957764,65.625,1.0,1.6487212181091309,354.0961563587189
2074,1.0,0.0,0.0,16,0,0,13.353145837783813,66.9375,1.0,1.6487212181091309,354.24335622787476
2075,1.0,0.0,0.0,16,0,0,13.24432498216629,60.375,1.0,1.6487212181091309,354.3915891647339
2076,1.0,0.0,0.0,16,0,0,13.525184869766235,64.9375,1.0,1.6487212181091309,354.54430627822876
2077,1.0,0.0,0.0,16,0,0,13.331928789615631,63.625,1.0,1.6487212181091309,354.68492126464844
2078,1.0,0.0,0.0,16,0,0,13.233803927898407,61.125,1.0,1.6487212181091309,354.8244574069977
2079,1.0,0.0,0.0,16,0,0,13.490820229053497,71.0625,1.0,1.6487212181091309,354.9838762283325
2080,1.0,0.0,0.0,16,0,0,13.44718313217163,68.5,1.0,1.6487212181091309,355.1411201953888
2081,1.0,0.0,0.0,16,0,0,13.639004409313202,69.0625,1.0,1.6487212181091309,355.29838013648987
2082,1.0,0.0,0.0,16,0,0,13.553651750087738,66.0,1.0,1.6487212181091309,355.4444992542267
2083,1.0,0.0,0.0,16,0,0,13.427376508712769,67.5625,1.0,1.6487212181091309,355.5977122783661
2084,1.0,0.0,0.0,16,0,0,13.38780301809311,63.6875,1.0,1.6487212181091309,355.739764213562
2085,1.0,0.0,0.0,16,0,0,13.653247952461243,73.3125,1.0,1.6487212181091309,355.9059522151947
2086,1.0,0.0,0.0,16,0,0,13.520620882511139,66.875,1.0,1.6487212181091309,356.05238604545593
2087,1.0,0.0,0.0,16,0,0,13.420495867729187,65.0,1.0,1.6487212181091309,356.2000241279602
2088,1.0,0.0,0.0,16,0,0,13.255879282951355,63.875,1.0,1.6487212181091309,356.3432021141052
2089,1.0,0.0,0.0,16,0,0,13.349110722541809,66.3125,1.0,1.6487212181091309,356.5051612854004
2090,1.0,0.0,0.0,16,0,0,13.41220623254776,66.5,1.0,1.6487212181091309,356.65355229377747
2091,1.0,0.0,0.0,16,0,0,13.33221971988678,65.1875,1.0,1.6487212181091309,356.801105260849
2092,1.0,0.0,0.0,16,0,0,13.385837614536285,65.625,1.0,1.6487212181091309,356.9473683834076
2093,1.0,0.0,0.0,16,0,0,13.520865499973297,70.75,1.0,1.6487212181091309,357.105925321579
2094,1.0,0.0,0.0,16,0,0,13.496604800224304,68.875,1.0,1.6487212181091309,357.26036834716797
2095,1.0,0.0,0.0,16,0,0,13.76818722486496,72.0,1.0,1.6487212181091309,357.4180133342743
2096,1.0,0.0,0.0,16,0,0,13.470880150794983,67.125,1.0,1.6487212181091309,357.5683331489563
2097,1.0,0.0,0.0,16,0,0,13.592908084392548,73.0625,1.0,1.6487212181091309,357.7329771518707
2098,1.0,0.0,0.0,16,0,0,13.322877645492554,67.6875,1.0,1.6487212181091309,357.880517244339
2099,1.0,0.0,0.0,16,0,0,13.448378562927246,71.0,1.0,1.6487212181091309,358.03542923927307
2100,1.0,0.0,0.0,16,0,0,13.39463460445404,66.6875,1.0,1.6487212181091309,358.1848351955414
2101,1.0,0.0,0.0,16,0,0,13.363032937049866,64.4375,1.0,1.6487212181091309,358.3311312198639
2102,1.0,0.0,0.0,16,0,0,13.603897392749786,72.9375,1.0,1.6487212181091309,358.5237503051758
2103,1.0,0.0,0.0,16,0,0,13.497541785240173,67.1875,1.0,1.6487212181091309,358.67258644104004
2104,1.0,0.0,0.0,16,0,0,13.3919997215271,67.0625,1.0,1.6487212181091309,358.82182240486145
2105,1.0,0.0,0.0,16,0,0,13.480720698833466,63.875,1.0,1.6487212181091309,358.96417117118835
2106,1.0,0.0,0.0,16,0,0,13.518442153930664,65.3125,1.0,1.6487212181091309,359.1139283180237
2107,1.0,0.0,0.0,16,0,0,13.482642114162445,63.625,1.0,1.6487212181091309,359.2549681663513
2108,1.0,0.0,0.0,16,0,0,13.509497165679932,63.0,1.0,1.6487212181091309,359.39406418800354
2109,1.0,0.0,0.0,16,0,0,13.346981525421143,67.1875,1.0,1.6487212181091309,359.54090905189514
2110,1.0,0.0,0.0,16,0,0,13.309527516365051,65.4375,1.0,1.6487212181091309,359.687025308609
2111,1.0,0.0,0.0,16,0,0,13.374216616153717,66.9375,1.0,1.6487212181091309,359.8343391418457
2112,1.0,0.0,0.0,16,0,0,13.348155856132507,64.4375,1.0,1.6487212181091309,359.97920513153076
2113,1.0,0.0,0.0,16,0,0,13.437773942947388,64.75,1.0,1.6487212181091309,360.1272552013397
2114,1.0,0.0,0.0,16,0,0,13.383115231990814,65.75,1.0,1.6487212181091309,360.2753221988678
2115,1.0,0.0,0.0,16,0,0,13.325095295906067,64.5625,1.0,1.6487212181091309,360.4182152748108
2116,1.0,0.0,0.0,16,0,0,13.435054123401642,64.9375,1.0,1.6487212181091309,360.58456230163574
2117,1.0,0.0,0.0,16,0,0,13.35464209318161,63.625,1.0,1.6487212181091309,360.7288992404938
2118,1.0,0.0,0.0,16,0,0,13.394467234611511,65.3125,1.0,1.6487212181091309,360.87419533729553
2119,1.0,0.0,0.0,16,0,0,13.282573103904724,64.0625,1.0,1.6487212181091309,361.0237760543823
2120,1.0,0.0,0.0,16,0,0,13.466156780719757,69.5,1.0,1.6487212181091309,361.1805970668793
2121,1.0,0.0,0.0,16,0,0,13.409943401813507,68.5625,1.0,1.6487212181091309,361.3359332084656
2122,1.0,0.0,0.0,16,0,0,13.342747449874878,65.9375,1.0,1.6487212181091309,361.4853491783142
2123,1.0,0.0,0.0,16,0,0,13.3140589594841,68.625,1.0,1.6487212181091309,361.63857531547546
2124,1.0,0.0,0.0,16,0,0,13.270576238632202,65.5625,1.0,1.6487212181091309,361.7901451587677
2125,1.0,0.0,0.0,16,0,0,13.360747694969177,64.8125,1.0,1.6487212181091309,361.93456625938416
2126,1.0,0.0,0.0,16,0,0,13.251434028148651,64.1875,1.0,1.6487212181091309,362.08175921440125
2127,1.0,0.0,0.0,16,0,0,13.383129060268402,65.125,1.0,1.6487212181091309,362.2292342185974
2128,1.0,0.0,0.0,16,0,0,13.511536121368408,65.625,1.0,1.6487212181091309,362.3771913051605
2129,1.0,0.0,0.0,16,0,0,13.338112235069275,64.875,1.0,1.6487212181091309,362.52401208877563
2130,1.0,0.0,0.0,16,0,0,13.408717572689056,68.375,1.0,1.6487212181091309,362.69596910476685
2131,1.0,0.0,0.0,16,0,0,13.191697776317596,62.625,1.0,1.6487212181091309,362.836412191391
2132,1.0,0.0,0.0,16,0,0,13.356809616088867,64.3125,1.0,1.6487212181091309,362.98486518859863
2133,1.0,0.0,0.0,16,0,0,13.508557200431824,67.0,1.0,1.6487212181091309,363.134966135025
2134,1.0,0.0,0.0,16,0,0,13.44189578294754,67.6875,1.0,1.6487212181091309,363.28352308273315
2135,1.0,0.0,0.0,16,0,0,13.19893366098404,57.375,1.0,1.6487212181091309,363.41224813461304
2136,1.0,0.0,0.0,16,0,0,13.322234570980072,63.9375,1.0,1.6487212181091309,363.5499520301819
2137,1.0,0.0,0.0,16,0,0,13.512878358364105,67.125,1.0,1.6487212181091309,363.6993432044983
2138,1.0,0.0,0.0,16,0,0,13.39762419462204,67.8125,1.0,1.6487212181091309,363.8493661880493
2139,1.0,0.0,0.0,16,0,0,13.306012690067291,64.9375,1.0,1.6487212181091309,363.9938051700592
2140,1.0,0.0,0.0,16,0,0,13.488838970661163,63.3125,1.0,1.6487212181091309,364.13378524780273
2141,1.0,0.0,0.0,16,0,0,13.412409961223602,63.9375,1.0,1.6487212181091309,364.2737021446228
2142,1.0,0.0,0.0,16,0,0,13.336391866207123,64.25,1.0,1.6487212181091309,364.41895031929016
2143,1.0,0.0,0.0,16,0,0,13.402426183223724,62.0625,1.0,1.6487212181091309,364.55851125717163
2144,1.0,0.0,0.0,16,0,0,13.29160213470459,61.0,1.0,1.6487212181091309,364.6940152645111
2145,1.0,0.0,0.0,16,0,0,13.418601751327515,67.25,1.0,1.6487212181091309,364.8536870479584
2146,1.0,0.0,0.0,16,0,0,13.389534413814545,66.25,1.0,1.6487212181091309,365.0022461414337
2147,1.0,0.0,0.0,16,0,0,13.38304716348648,69.375,1.0,1.6487212181091309,365.15492033958435
2148,1.0,0.0,0.0,16,0,0,13.436344563961029,65.75,1.0,1.6487212181091309,365.3035833835602
2149,1.0,0.0,0.0,16,0,0,13.435556769371033,65.0625,1.0,1.6487212181091309,365.4496011734009
2150,1.0,0.0,0.0,16,0,0,13.40998888015747,67.1875,1.0,1.6487212181091309,365.6018342971802
2151,1.0,0.0,0.0,16,0,0,13.391880452632904,67.8125,1.0,1.6487212181091309,365.75576519966125
2152,1.0,0.0,0.0,16,0,0,13.435418903827667,66.1875,1.0,1.6487212181091309,365.904794216156
2153,1.0,0.0,0.0,16,0,0,13.342067062854767,69.375,1.0,1.6487212181091309,366.05645537376404
2154,1.0,0.0,0.0,16,0,0,13.524169564247131,70.0625,1.0,1.6487212181091309,366.21464824676514
2155,1.0,0.0,0.0,16,0,0,13.578577876091003,74.25,1.0,1.6487212181091309,366.37917733192444
2156,1.0,0.0,0.0,16,0,0,13.3891761302948,65.4375,1.0,1.6487212181091309,366.5224173069
2157,1.0,0.0,0.0,16,0,0,13.251515567302704,63.375,1.0,1.6487212181091309,366.6676902770996
2158,1.0,0.0,0.0,16,0,0,13.418824315071106,64.1875,1.0,1.6487212181091309,366.83087730407715
2159,1.0,0.0,0.0,16,0,0,13.487284362316132,67.4375,1.0,1.6487212181091309,366.98379921913147
2160,1.0,0.0,0.0,16,0,0,13.429762840270996,66.1875,1.0,1.6487212181091309,367.13079714775085
2161,1.0,0.0,0.0,16,0,0,13.417926609516144,66.9375,1.0,1.6487212181091309,367.28027725219727
2162,1.0,0.0,0.0,16,0,0,13.620309591293335,70.25,1.0,1.6487212181091309,367.43972730636597
2163,1.0,0.0,0.0,16,0,0,13.257936656475067,63.5625,1.0,1.6487212181091309,367.5794780254364
2164,1.0,0.0,0.0,16,0,0,13.321589350700378,60.9375,1.0,1.6487212181091309,367.7152931690216
2165,1.0,0.0,0.0,16,0,0,13.385259866714478,63.625,1.0,1.6487212181091309,367.8603913784027
2166,1.0,0.0,0.0,16,0,0,13.55896246433258,71.1875,1.0,1.6487212181091309,368.01874828338623
2167,1.0,0.0,0.0,16,0,0,13.482570588588715,69.9375,1.0,1.6487212181091309,368.17567324638367
2168,1.0,0.0,0.0,16,0,0,13.520941436290741,68.75,1.0,1.6487212181091309,368.33187317848206
2169,1.0,0.0,0.0,16,0,0,13.523067474365234,69.5,1.0,1.6487212181091309,368.4896352291107
2170,1.0,0.0,0.0,16,0,0,13.457944393157959,65.9375,1.0,1.6487212181091309,368.63620710372925
2171,1.0,0.0,0.0,16,0,0,13.353240728378296,64.875,1.0,1.6487212181091309,368.7868480682373
2172,1.0,0.0,0.0,16,0,0,13.269429445266724,67.75,1.0,1.6487212181091309,368.95493507385254
2173,1.0,0.0,0.0,16,0,0,13.441843569278717,66.75,1.0,1.6487212181091309,369.1179361343384
2174,1.0,0.0,0.0,16,0,0,13.265535116195679,61.5625,1.0,1.6487212181091309,369.2589612007141
2175,1.0,0.0,0.0,16,0,0,13.34459674358368,65.3125,1.0,1.6487212181091309,369.40568017959595
2176,1.0,0.0,0.0,16,0,0,13.373891294002533,70.5625,1.0,1.6487212181091309,369.5656793117523
2177,1.0,0.0,0.0,16,0,0,13.38945460319519,64.625,1.0,1.6487212181091309,369.7208902835846
2178,1.0,0.0,0.0,16,0,0,13.471406936645508,65.5625,1.0,1.6487212181091309,369.8650891780853
2179,1.0,0.0,0.0,16,0,0,13.439540207386017,65.75,1.0,1.6487212181091309,370.01384806632996
2180,1.0,0.0,0.0,16,0,0,13.32358980178833,64.9375,1.0,1.6487212181091309,370.1596462726593
2181,1.0,0.0,0.0,16,0,0,13.481125175952911,66.0625,1.0,1.6487212181091309,370.32694721221924
2182,1.0,0.0,0.0,16,0,0,13.39656001329422,64.5,1.0,1.6487212181091309,370.4816381931305
2183,1.0,0.0,0.0,16,0,0,13.245065689086914,61.125,1.0,1.6487212181091309,370.6327862739563
2184,1.0,0.0,0.0,16,0,0,13.451534390449524,68.0,1.0,1.6487212181091309,370.7903151512146
2185,1.0,0.0,0.0,16,0,0,13.347075998783112,64.75,1.0,1.6487212181091309,370.95086312294006
2186,1.0,0.0,0.0,16,0,0,13.345659136772156,66.125,1.0,1.6487212181091309,371.1223113536835
2187,1.0,0.0,0.0,16,0,0,13.518603086471558,69.125,1.0,1.6487212181091309,371.2929892539978
2188,1.0,0.0,0.0,16,0,0,13.308162331581116,63.0625,1.0,1.6487212181091309,371.44884514808655
2189,1.0,0.0,0.0,16,0,0,13.423192620277405,65.1875,1.0,1.6487212181091309,371.6094100475311
2190,1.0,0.0,0.0,16,0,0,13.520019888877869,68.8125,1.0,1.6487212181091309,371.77079129219055
2191,1.0,0.0,0.0,16,0,0,13.478995621204376,70.4375,1.0,1.6487212181091309,371.9280593395233
2192,1.0,0.0,0.0,16,0,0,13.428893387317657,65.8125,1.0,1.6487212181091309,372.07612228393555
2193,1.0,0.0,0.0,16,0,0,13.315763175487518,64.0625,1.0,1.6487212181091309,372.2363042831421
2194,1.0,0.0,0.0,16,0,0,13.430464923381805,65.125,1.0,1.6487212181091309,372.38421416282654
2195,1.0,0.0,0.0,16,0,0,13.288925409317017,65.6875,1.0,1.6487212181091309,372.53140020370483
2196,1.0,0.0,0.0,16,0,0,13.520751774311066,69.0625,1.0,1.6487212181091309,372.6883382797241
2197,1.0,0.0,0.0,16,0,0,13.408917725086212,69.5,1.0,1.6487212181091309,372.84466218948364
2198,1.0,0.0,0.0,16,0,0,13.438306212425232,66.0625,1.0,1.6487212181091309,372.9952371120453
2199,1.0,0.0,0.0,16,0,0,13.339622735977173,65.5,1.0,1.6487212181091309,373.1469943523407
2200,1.0,0.0,0.0,16,0,0,13.43247264623642,69.5625,1.0,1.6487212181091309,373.30378699302673
2201,1.0,0.0,0.0,16,0,0,13.445856630802155,66.375,1.0,1.6487212181091309,373.45798420906067
2202,1.0,0.0,0.0,16,0,0,13.633926391601562,71.125,1.0,1.6487212181091309,373.63453006744385
2203,1.0,0.0,0.0,16,0,0,13.648139953613281,67.1875,1.0,1.6487212181091309,373.7973442077637
2204,1.0,0.0,0.0,16,0,0,13.275406777858734,61.9375,1.0,1.6487212181091309,373.94171023368835
2205,1.0,0.0,0.0,16,0,0,13.250077903270721,63.0625,1.0,1.6487212181091309,374.0836663246155
2206,1.0,0.0,0.0,16,0,0,13.355575025081635,67.25,1.0,1.6487212181091309,374.23746132850647
2207,1.0,0.0,0.0,16,0,0,13.413262128829956,66.375,1.0,1.6487212181091309,374.3920142650604
2208,1.0,0.0,0.0,16,0,0,13.291914761066437,65.25,1.0,1.6487212181091309,374.5454840660095
2209,1.0,0.0,0.0,16,0,0,13.563260436058044,69.0625,1.0,1.6487212181091309,374.70131731033325
2210,1.0,0.0,0.0,16,0,0,13.24658203125,64.1875,1.0,1.6487212181091309,374.84558629989624
2211,1.0,0.0,0.0,16,0,0,13.423048853874207,67.4375,1.0,1.6487212181091309,374.9969873428345
2212,1.0,0.0,0.0,16,0,0,13.341042280197144,64.0625,1.0,1.6487212181091309,375.13786816596985
2213,1.0,0.0,0.0,16,0,0,13.372073113918304,66.25,1.0,1.6487212181091309,375.2929792404175
2214,1.0,0.0,0.0,16,0,0,13.481843113899231,67.75,1.0,1.6487212181091309,375.44524216651917
2215,1.0,0.0,0.0,16,0,0,13.354703187942505,67.0,1.0,1.6487212181091309,375.597638130188
2216,1.0,0.0,0.0,16,0,0,13.266891300678253,62.5,1.0,1.6487212181091309,375.7550001144409
2217,1.0,0.0,0.0,16,0,0,13.26982444524765,63.75,1.0,1.6487212181091309,375.90025806427
2218,1.0,0.0,0.0,16,0,0,13.395639955997467,66.0625,1.0,1.6487212181091309,376.05036211013794
2219,1.0,0.0,0.0,16,0,0,13.33857935667038,68.625,1.0,1.6487212181091309,376.2019121646881
2220,1.0,0.0,0.0,16,0,0,13.259341180324554,62.5,1.0,1.6487212181091309,376.342609167099
2221,1.0,0.0,0.0,16,0,0,13.4197456240654,64.5625,1.0,1.6487212181091309,376.4904692173004
2222,1.0,0.0,0.0,16,0,0,13.412507474422455,66.5,1.0,1.6487212181091309,376.6398231983185
2223,1.0,0.0,0.0,16,0,0,13.457389056682587,67.375,1.0,1.6487212181091309,376.8032681941986
2224,1.0,0.0,0.0,16,0,0,13.271958529949188,61.875,1.0,1.6487212181091309,376.9443202018738
2225,1.0,0.0,0.0,16,0,0,13.514156103134155,70.1875,1.0,1.6487212181091309,377.10147309303284
2226,1.0,0.0,0.0,16,0,0,13.434761822223663,65.5625,1.0,1.6487212181091309,377.25389218330383
2227,1.0,0.0,0.0,16,0,0,13.530675530433655,67.6875,1.0,1.6487212181091309,377.41328525543213
2228,1.0,0.0,0.0,16,0,0,13.267911434173584,61.6875,1.0,1.6487212181091309,377.5512571334839
2229,1.0,0.0,0.0,16,0,0,13.419617652893066,61.9375,1.0,1.6487212181091309,377.6876811981201
2230,1.0,0.0,0.0,16,0,0,13.40880262851715,68.8125,1.0,1.6487212181091309,377.8409152030945
2231,1.0,0.0,0.0,16,0,0,13.41403442621231,68.6875,1.0,1.6487212181091309,377.99432921409607
2232,1.0,0.0,0.0,16,0,0,13.271949648857117,65.875,1.0,1.6487212181091309,378.1489751338959
2233,1.0,0.0,0.0,16,0,0,13.256484985351562,63.5625,1.0,1.6487212181091309,378.29543709754944
2234,1.0,0.0,0.0,16,0,0,13.424895882606506,70.5,1.0,1.6487212181091309,378.4623692035675
2235,1.0,0.0,0.0,16,0,0,13.503060460090637,68.875,1.0,1.6487212181091309,378.6234393119812
2236,1.0,0.0,0.0,16,0,0,13.465869963169098,63.5,1.0,1.6487212181091309,378.77254128456116
2237,1.0,0.0,0.0,16,0,0,13.460864424705505,66.8125,1.0,1.6487212181091309,378.9273202419281
2238,1.0,0.0,0.0,16,0,0,13.324271440505981,64.3125,1.0,1.6487212181091309,379.08225107192993
2239,1.0,0.0,0.0,16,0,0,13.57928603887558,71.1875,1.0,1.6487212181091309,379.2426371574402
2240,1.0,0.0,0.0,16,0,0,13.243124306201935,59.125,1.0,1.6487212181091309,379.40096616744995
2241,1.0,0.0,0.0,16,0,0,13.374983608722687,65.8125,1.0,1.6487212181091309,379.5505163669586
2242,1.0,0.0,0.0,16,0,0,13.454919934272766,64.0625,1.0,1.6487212181091309,379.6951370239258
2243,1.0,0.0,0.0,16,0,0,13.580972790718079,74.0,1.0,1.6487212181091309,379.8599033355713
2244,1.0,0.0,0.0,16,0,0,13.342150866985321,63.875,1.0,1.6487212181091309,380.00033044815063
2245,1.0,0.0,0.0,16,0,0,13.480309069156647,68.375,1.0,1.6487212181091309,380.15085005760193
2246,1.0,0.0,0.0,16,0,0,13.448739290237427,65.625,1.0,1.6487212181091309,380.29815340042114
2247,1.0,0.0,0.0,16,0,0,13.528316378593445,70.8125,1.0,1.6487212181091309,380.4568302631378
2248,1.0,0.0,0.0,16,0,0,13.415158331394196,63.5,1.0,1.6487212181091309,380.59911704063416
2249,1.0,0.0,0.0,16,0,0,13.2846639752388,62.3125,1.0,1.6487212181091309,380.75275015830994
2250,1.0,0.0,0.0,16,0,0,13.522092044353485,68.0625,1.0,1.6487212181091309,380.90939807891846
2251,1.0,0.0,0.0,16,0,0,13.404963433742523,65.9375,1.0,1.6487212181091309,381.05775213241577
2252,1.0,0.0,0.0,16,0,0,13.316069066524506,64.4375,1.0,1.6487212181091309,381.2075352668762
2253,1.0,0.0,0.0,16,0,0,13.206393718719482,59.3125,1.0,1.6487212181091309,381.3396112918854
2254,1.0,0.0,0.0,16,0,0,13.436795592308044,67.625,1.0,1.6487212181091309,381.50627422332764
2255,1.0,0.0,0.0,16,0,0,13.315058171749115,69.25,1.0,1.6487212181091309,381.6637952327728
2256,1.0,0.0,0.0,16,0,0,13.24848610162735,63.8125,1.0,1.6487212181091309,381.8409881591797
2257,1.0,0.0,0.0,16,0,0,13.400765240192413,69.125,1.0,1.6487212181091309,382.0050880908966
2258,1.0,0.0,0.0,16,0,0,13.428061783313751,68.75,1.0,1.6487212181091309,382.1586332321167
2259,1.0,0.0,0.0,16,0,0,13.280904233455658,63.6875,1.0,1.6487212181091309,382.3005142211914
2260,1.0,0.0,0.0,16,0,0,13.444375276565552,66.375,1.0,1.6487212181091309,382.4473512172699
2261,1.0,0.0,0.0,16,0,0,13.462384283542633,61.375,1.0,1.6487212181091309,382.584614276886
2262,1.0,0.0,0.0,16,0,0,13.44692087173462,65.75,1.0,1.6487212181091309,382.7315652370453
2263,1.0,0.0,0.0,16,0,0,13.676081776618958,70.25,1.0,1.6487212181091309,382.88929319381714
2264,1.0,0.0,0.0,16,0,0,13.554584681987762,68.125,1.0,1.6487212181091309,383.04188323020935
2265,1.0,0.0,0.0,16,0,0,13.366758465766907,64.75,1.0,1.6487212181091309,383.1874282360077
2266,1.0,0.0,0.0,16,0,0,13.592144310474396,67.4375,1.0,1.6487212181091309,383.33542227745056
2267,1.0,0.0,0.0,16,0,0,13.412064015865326,64.75,1.0,1.6487212181091309,383.4774372577667
2268,1.0,0.0,0.0,16,0,0,13.219642996788025,58.6875,1.0,1.6487212181091309,383.62153339385986
2269,1.0,0.0,0.0,16,0,0,13.323510229587555,64.9375,1.0,1.6487212181091309,383.7669231891632
2270,1.0,0.0,0.0,16,0,0,13.606142222881317,76.625,1.0,1.6487212181091309,383.94889426231384
2271,1.0,0.0,0.0,16,0,0,13.27725863456726,64.0625,1.0,1.6487212181091309,384.09082221984863
2272,1.0,0.0,0.0,16,0,0,13.475392937660217,65.1875,1.0,1.6487212181091309,384.2378032207489
2273,1.0,0.0,0.0,16,0,0,13.41940838098526,67.9375,1.0,1.6487212181091309,384.39410042762756
2274,1.0,0.0,0.0,16,0,0,13.278950929641724,63.25,1.0,1.6487212181091309,384.53698921203613
2275,1.0,0.0,0.0,16,0,0,13.432250559329987,65.6875,1.0,1.6487212181091309,384.6846504211426
2276,1.0,0.0,0.0,16,0,0,13.368916034698486,65.1875,1.0,1.6487212181091309,384.8290681838989
2277,1.0,0.0,0.0,16,0,0,13.379188299179077,65.5625,1.0,1.6487212181091309,384.9775142669678
2278,1.0,0.0,0.0,16,0,0,13.39280241727829,64.125,1.0,1.6487212181091309,385.11789417266846
2279,1.0,0.0,0.0,16,0,0,13.504036903381348,68.0625,1.0,1.6487212181091309,385.2683162689209
2280,1.0,0.0,0.0,16,0,0,13.690072119235992,67.6875,1.0,1.6487212181091309,385.41755533218384
2281,1.0,0.0,0.0,16,0,0,13.431215584278107,66.8125,1.0,1.6487212181091309,385.56759810447693
2282,1.0,0.0,0.0,16,0,0,13.251903653144836,64.0,1.0,1.6487212181091309,385.7224991321564
2283,1.0,0.0,0.0,16,0,0,13.411535799503326,62.8125,1.0,1.6487212181091309,385.8648633956909
2284,1.0,0.0,0.0,16,0,0,13.396394491195679,65.0,1.0,1.6487212181091309,386.01364731788635
2285,1.0,0.0,0.0,16,0,0,13.386003494262695,64.875,1.0,1.6487212181091309,386.1573760509491
2286,1.0,0.0,0.0,16,0,0,13.45846801996231,67.25,1.0,1.6487212181091309,386.305792093277
2287,1.0,0.0,0.0,16,0,0,13.501550197601318,68.0,1.0,1.6487212181091309,386.45834708213806
2288,1.0,0.0,0.0,16,0,0,13.390718519687653,64.5625,1.0,1.6487212181091309,386.6054952144623
2289,1.0,0.0,0.0,16,0,0,13.285060465335846,62.75,1.0,1.6487212181091309,386.74478220939636
2290,1.0,0.0,0.0,16,0,0,13.604278445243835,67.1875,1.0,1.6487212181091309,386.89203214645386
2291,1.0,0.0,0.0,16,0,0,13.484270870685577,66.4375,1.0,1.6487212181091309,387.03924036026
2292,1.0,0.0,0.0,16,0,0,13.473916232585907,66.4375,1.0,1.6487212181091309,387.1849720478058
2293,1.0,0.0,0.0,16,0,0,13.48075121641159,67.1875,1.0,1.6487212181091309,387.3300983905792
2294,1.0,0.0,0.0,16,0,0,13.38919484615326,64.0625,1.0,1.6487212181091309,387.4758372306824
2295,1.0,0.0,0.0,16,0,0,13.514561891555786,67.5625,1.0,1.6487212181091309,387.6260390281677
2296,1.0,0.0,0.0,16,0,0,13.356152951717377,63.875,1.0,1.6487212181091309,387.79909920692444
2297,1.0,0.0,0.0,16,0,0,13.253506898880005,67.5,1.0,1.6487212181091309,387.9573314189911
2298,1.0,0.0,0.0,16,0,0,13.23577082157135,66.5,1.0,1.6487212181091309,388.1216423511505
2299,1.0,0.0,0.0,16,0,0,13.539862513542175,72.75,1.0,1.6487212181091309,388.2879800796509
2300,1.0,0.0,0.0,16,0,0,13.310388565063477,61.9375,1.0,1.6487212181091309,388.4293923377991
2301,1.0,0.0,0.0,16,0,0,13.322653234004974,64.0,1.0,1.6487212181091309,388.57178115844727
2302,1.0,0.0,0.0,16,0,0,13.363564431667328,65.5,1.0,1.6487212181091309,388.72599816322327
2303,1.0,0.0,0.0,16,0,0,13.094551682472229,59.75,1.0,1.6487212181091309,388.8552882671356
2304,1.0,0.0,0.0,16,0,0,13.551129281520844,69.5,1.0,1.6487212181091309,389.0121281147003
2305,1.0,0.0,0.0,16,0,0,13.364824712276459,65.0,1.0,1.6487212181091309,389.159321308136
2306,1.0,0.0,0.0,16,0,0,13.605573117733002,70.0625,1.0,1.6487212181091309,389.3130393028259
2307,1.0,0.0,0.0,16,0,0,13.29711651802063,64.0625,1.0,1.6487212181091309,389.4574410915375
2308,1.0,0.0,0.0,16,0,0,13.372454464435577,65.3125,1.0,1.6487212181091309,389.6010591983795
2309,1.0,0.0,0.0,16,0,0,13.513108611106873,65.5,1.0,1.6487212181091309,389.7483582496643
2310,1.0,0.0,0.0,16,0,0,13.450453579425812,65.0625,1.0,1.6487212181091309,389.90283703804016
2311,1.0,0.0,0.0,16,0,0,13.270635426044464,62.625,1.0,1.6487212181091309,390.0447301864624
2312,1.0,0.0,0.0,16,0,0,13.467201888561249,68.0625,1.0,1.6487212181091309,390.19902420043945
2313,1.0,0.0,0.0,16,0,0,13.366496503353119,67.8125,1.0,1.6487212181091309,390.351957321167
2314,1.0,0.0,0.0,16,0,0,13.462068259716034,66.25,1.0,1.6487212181091309,390.4987473487854
2315,1.0,0.0,0.0,16,0,0,13.225819766521454,64.125,1.0,1.6487212181091309,390.6471321582794
2316,1.0,0.0,0.0,16,0,0,13.37373548746109,63.0,1.0,1.6487212181091309,390.7885932922363
2317,1.0,0.0,0.0,16,0,0,13.205805540084839,62.5625,1.0,1.6487212181091309,390.92922019958496
2318,1.0,0.0,0.0,16,0,0,13.55636614561081,72.1875,1.0,1.6487212181091309,391.0915813446045
2319,1.0,0.0,0.0,16,0,0,13.388343513011932,66.6875,1.0,1.6487212181091309,391.240109205246
2320,1.0,0.0,0.0,16,0,0,13.373550057411194,64.1875,1.0,1.6487212181091309,391.38391613960266
2321,1.0,0.0,0.0,16,0,0,13.31681776046753,64.9375,1.0,1.6487212181091309,391.53189611434937
2322,1.0,0.0,0.0,16,0,0,13.398069143295288,64.5,1.0,1.6487212181091309,391.6772882938385
2323,1.0,0.0,0.0,16,0,0,13.355183899402618,67.5625,1.0,1.6487212181091309,391.8282370567322
2324,1.0,0.0,0.0,16,0,0,13.473719954490662,64.0,1.0,1.6487212181091309,391.98646330833435
2325,1.0,0.0,0.0,16,0,0,13.435863077640533,63.875,1.0,1.6487212181091309,392.16206216812134
2326,1.0,0.0,0.0,16,0,0,13.44776564836502,67.0625,1.0,1.6487212181091309,392.31395411491394
2327,1.0,0.0,0.0,16,0,0,13.447231233119965,65.125,1.0,1.6487212181091309,392.46209716796875
2328,1.0,0.0,0.0,16,0,0,13.51211792230606,68.0625,1.0,1.6487212181091309,392.6175751686096
2329,1.0,0.0,0.0,16,0,0,13.507268726825714,65.9375,1.0,1.6487212181091309,392.76439118385315
2330,1.0,0.0,0.0,16,0,0,13.397962033748627,65.8125,1.0,1.6487212181091309,392.91053223609924
2331,1.0,0.0,0.0,16,0,0,13.368654787540436,69.5625,1.0,1.6487212181091309,393.0630593299866
2332,1.0,0.0,0.0,16,0,0,13.234768390655518,61.125,1.0,1.6487212181091309,393.19768929481506
2333,1.0,0.0,0.0,16,0,0,13.47993403673172,67.5,1.0,1.6487212181091309,393.3478033542633
2334,1.0,0.0,0.0,16,0,0,13.461768805980682,66.8125,1.0,1.6487212181091309,393.5005753040314
2335,1.0,0.0,0.0,16,0,0,13.413283109664917,67.3125,1.0,1.6487212181091309,393.64750123023987
2336,1.0,0.0,0.0,16,0,0,13.527732253074646,74.0625,1.0,1.6487212181091309,393.8220763206482
2337,1.0,0.0,0.0,16,0,0,13.589744925498962,70.25,1.0,1.6487212181091309,394.04373812675476
2338,1.0,0.0,0.0,16,0,0,13.277911841869354,61.5625,1.0,1.6487212181091309,394.1821291446686
2339,1.0,0.0,0.0,16,0,0,13.328383445739746,66.875,1.0,1.6487212181091309,394.34617614746094
2340,1.0,0.0,0.0,16,0,0,13.292126476764679,63.75,1.0,1.6487212181091309,394.494567155838
2341,1.0,0.0,0.0,16,0,0,13.489948391914368,67.6875,1.0,1.6487212181091309,394.64595198631287
2342,1.0,0.0,0.0,16,0,0,13.421943843364716,68.625,1.0,1.6487212181091309,394.8023211956024
2343,1.0,0.0,0.0,16,0,0,13.645447909832,71.3125,1.0,1.6487212181091309,394.96362805366516
2344,1.0,0.0,0.0,16,0,0,13.571063041687012,73.5,1.0,1.6487212181091309,395.12993121147156
2345,1.0,0.0,0.0,16,0,0,13.59909737110138,70.1875,1.0,1.6487212181091309,395.2848572731018
2346,1.0,0.0,0.0,16,0,0,13.320661842823029,61.75,1.0,1.6487212181091309,395.4282011985779
2347,1.0,0.0,0.0,16,0,0,13.460917472839355,67.6875,1.0,1.6487212181091309,395.57588934898376
2348,1.0,0.0,0.0,16,0,0,13.383684575557709,61.75,1.0,1.6487212181091309,395.7160360813141
2349,1.0,0.0,0.0,16,0,0,13.615295350551605,71.0625,1.0,1.6487212181091309,395.8724203109741
2350,1.0,0.0,0.0,16,0,0,13.242391288280487,62.9375,1.0,1.6487212181091309,396.0169463157654
2351,1.0,0.0,0.0,16,0,0,13.423871040344238,66.1875,1.0,1.6487212181091309,396.1742751598358
2352,1.0,0.0,0.0,16,0,0,13.308301329612732,63.0625,1.0,1.6487212181091309,396.3231632709503
2353,1.0,0.0,0.0,16,0,0,13.574058294296265,70.25,1.0,1.6487212181091309,396.4806604385376
2354,1.0,0.0,0.0,16,0,0,13.381415367126465,66.8125,1.0,1.6487212181091309,396.62798619270325
2355,1.0,0.0,0.0,16,0,0,13.510079801082611,69.375,1.0,1.6487212181091309,396.7815523147583
2356,1.0,0.0,0.0,16,0,0,13.47930246591568,68.5625,1.0,1.6487212181091309,396.9339063167572
2357,1.0,0.0,0.0,16,0,0,13.340455770492554,64.9375,1.0,1.6487212181091309,397.0790231227875
2358,1.0,0.0,0.0,16,0,0,13.492740750312805,75.5625,1.0,1.6487212181091309,397.2489311695099
2359,1.0,0.0,0.0,16,0,0,13.47654277086258,68.375,1.0,1.6487212181091309,397.4043393135071
2360,1.0,0.0,0.0,16,0,0,13.356602311134338,66.4375,1.0,1.6487212181091309,397.55410528182983
2361,1.0,0.0,0.0,16,0,0,13.446900129318237,68.125,1.0,1.6487212181091309,397.70893025398254
2362,1.0,0.0,0.0,16,0,0,13.461402714252472,68.0625,1.0,1.6487212181091309,397.86068415641785
2363,1.0,0.0,0.0,16,0,0,13.31769049167633,66.9375,1.0,1.6487212181091309,398.00954008102417
2364,1.0,0.0,0.0,16,0,0,13.352331817150116,63.875,1.0,1.6487212181091309,398.1572082042694
2365,1.0,0.0,0.0,16,0,0,13.320115685462952,65.125,1.0,1.6487212181091309,398.30630016326904
2366,1.0,0.0,0.0,16,0,0,13.522220075130463,67.4375,1.0,1.6487212181091309,398.45585918426514
2367,1.0,0.0,0.0,16,0,0,13.310541212558746,67.5,1.0,1.6487212181091309,398.6086173057556
2368,1.0,0.0,0.0,16,0,0,13.493017137050629,68.5625,1.0,1.6487212181091309,398.7653822898865
2369,1.0,0.0,0.0,16,0,0,13.285355806350708,65.6875,1.0,1.6487212181091309,398.91177916526794
2370,1.0,0.0,0.0,16,0,0,13.32864111661911,62.5625,1.0,1.6487212181091309,399.0567853450775
2371,1.0,0.0,0.0,16,0,0,13.406902253627777,67.0625,1.0,1.6487212181091309,399.20262241363525
2372,1.0,0.0,0.0,16,0,0,13.294895350933075,66.625,1.0,1.6487212181091309,399.35024428367615
2373,1.0,0.0,0.0,16,0,0,13.41859745979309,61.5625,1.0,1.6487212181091309,399.49606823921204
2374,1.0,0.0,0.0,16,0,0,13.227296650409698,61.6875,1.0,1.6487212181091309,399.6304214000702
2375,1.0,0.0,0.0,16,0,0,13.319287598133087,65.0,1.0,1.6487212181091309,399.7768371105194
2376,1.0,0.0,0.0,16,0,0,13.202898025512695,65.0625,1.0,1.6487212181091309,399.9184744358063
2377,1.0,0.0,0.0,16,0,0,13.388092458248138,62.6875,1.0,1.6487212181091309,400.0631902217865
2378,1.0,0.0,0.0,16,0,0,13.466016173362732,68.1875,1.0,1.6487212181091309,400.21426725387573
2379,1.0,0.0,0.0,16,0,0,13.43494999408722,64.125,1.0,1.6487212181091309,400.36282324790955
2380,1.0,0.0,0.0,16,0,0,13.444190263748169,65.625,1.0,1.6487212181091309,400.5145652294159
2381,1.0,0.0,0.0,16,0,0,13.421719193458557,69.1875,1.0,1.6487212181091309,400.6698124408722
2382,1.0,0.0,0.0,16,0,0,13.47405594587326,69.5,1.0,1.6487212181091309,400.83356523513794
2383,1.0,0.0,0.0,16,0,0,13.341943264007568,65.6875,1.0,1.6487212181091309,400.9788122177124
2384,1.0,0.0,0.0,16,0,0,13.393422722816467,63.5,1.0,1.6487212181091309,401.11884021759033
2385,1.0,0.0,0.0,16,0,0,13.169542610645294,58.3125,1.0,1.6487212181091309,401.248987197876
2386,1.0,0.0,0.0,16,0,0,13.55063945055008,70.25,1.0,1.6487212181091309,401.4083352088928
2387,1.0,0.0,0.0,16,0,0,13.493298709392548,66.75,1.0,1.6487212181091309,401.5570092201233
2388,1.0,0.0,0.0,16,0,0,13.403875470161438,65.5,1.0,1.6487212181091309,401.7053020000458
2389,1.0,0.0,0.0,16,0,0,13.698511362075806,72.875,1.0,1.6487212181091309,401.86545038223267
2390,1.0,0.0,0.0,16,0,0,13.48448783159256,66.75,1.0,1.6487212181091309,402.0193421840668
2391,1.0,0.0,0.0,16,0,0,13.370502710342407,69.6875,1.0,1.6487212181091309,402.17421317100525
2392,1.0,0.0,0.0,16,0,0,13.645287156105042,74.25,1.0,1.6487212181091309,402.37154507637024
2393,1.0,0.0,0.0,16,0,0,13.256814181804657,60.625,1.0,1.6487212181091309,402.5081353187561
2394,1.0,0.0,0.0,16,0,0,13.337602078914642,62.75,1.0,1.6487212181091309,402.64702916145325
2395,1.0,0.0,0.0,16,0,0,13.43357789516449,68.1875,1.0,1.6487212181091309,402.79924511909485
2396,1.0,0.0,0.0,16,0,0,13.507435500621796,64.5,1.0,1.6487212181091309,402.94337821006775
2397,1.0,0.0,0.0,16,0,0,13.466205179691315,64.4375,1.0,1.6487212181091309,403.0911133289337
2398,1.0,0.0,0.0,16,0,0,13.431116998195648,64.375,1.0,1.6487212181091309,403.23486733436584
2399,1.0,0.0,0.0,16,0,0,13.49925845861435,69.375,1.0,1.6487212181091309,403.39273619651794
2400,1.0,0.0,0.0,16,0,0,13.548429548740387,65.5625,1.0,1.6487212181091309,403.54139018058777
2401,1.0,0.0,0.0,16,0,0,13.476017415523529,67.125,1.0,1.6487212181091309,403.6960823535919
2402,1.0,0.0,0.0,16,0,0,13.453190445899963,67.0,1.0,1.6487212181091309,403.84585332870483
2403,1.0,0.0,0.0,16,0,0,13.511710166931152,68.1875,1.0,1.6487212181091309,403.9967532157898
2404,1.0,0.0,0.0,16,0,0,13.395759642124176,64.875,1.0,1.6487212181091309,404.14684009552
2405,1.0,0.0,0.0,16,0,0,13.3802929520607,60.75,1.0,1.6487212181091309,404.2819893360138
2406,1.0,0.0,0.0,16,0,0,13.361663222312927,64.5625,1.0,1.6487212181091309,404.45247530937195
2407,1.0,0.0,0.0,16,0,0,13.539672672748566,64.5625,1.0,1.6487212181091309,404.6046962738037
2408,1.0,0.0,0.0,16,0,0,13.3116095662117,63.75,1.0,1.6487212181091309,404.75271439552307
2409,1.0,0.0,0.0,16,0,0,13.239129364490509,64.3125,1.0,1.6487212181091309,404.8991742134094
2410,1.0,0.0,0.0,16,0,0,13.281852900981903,62.6875,1.0,1.6487212181091309,405.03944540023804
2411,1.0,0.0,0.0,16,0,0,13.586123049259186,70.0,1.0,1.6487212181091309,405.19915437698364
2412,1.0,0.0,0.0,16,0,0,13.44536542892456,65.5625,1.0,1.6487212181091309,405.34552335739136
2413,1.0,0.0,0.0,16,0,0,13.346821904182434,60.8125,1.0,1.6487212181091309,405.48469710350037
2414,1.0,0.0,0.0,16,0,0,13.411143779754639,69.8125,1.0,1.6487212181091309,405.63666105270386
2415,1.0,0.0,0.0,16,0,0,13.421228885650635,64.9375,1.0,1.6487212181091309,405.78056025505066
2416,1.0,0.0,0.0,16,0,0,13.469892978668213,67.25,1.0,1.6487212181091309,405.9291613101959
2417,1.0,0.0,0.0,16,0,0,13.522156953811646,73.0625,1.0,1.6487212181091309,406.09486532211304
2418,1.0,0.0,0.0,16,0,0,13.511387825012207,67.25,1.0,1.6487212181091309,406.24580931663513
2419,1.0,0.0,0.0,16,0,0,13.51296180486679,70.9375,1.0,1.6487212181091309,406.40241408348083
2420,1.0,0.0,0.0,16,0,0,13.419937670230865,65.4375,1.0,1.6487212181091309,406.5644772052765
2421,1.0,0.0,0.0,16,0,0,13.392194211483002,63.5,1.0,1.6487212181091309,406.7104561328888
2422,1.0,0.0,0.0,16,0,0,13.41863238811493,66.625,1.0,1.6487212181091309,406.857399225235
2423,1.0,0.0,0.0,16,0,0,13.44022136926651,66.4375,1.0,1.6487212181091309,407.00280022621155
2424,1.0,0.0,0.0,16,0,0,13.321126282215118,64.25,1.0,1.6487212181091309,407.1483840942383
2425,1.0,0.0,0.0,16,0,0,13.475103497505188,66.25,1.0,1.6487212181091309,407.2950351238251
2426,1.0,0.0,0.0,16,0,0,13.16835868358612,63.8125,1.0,1.6487212181091309,407.4354772567749
2427,1.0,0.0,0.0,16,0,0,13.336419761180878,64.0,1.0,1.6487212181091309,407.57883524894714
2428,1.0,0.0,0.0,16,0,0,13.199824094772339,64.1875,1.0,1.6487212181091309,407.72217535972595
2429,1.0,0.0,0.0,16,0,0,13.402541279792786,65.6875,1.0,1.6487212181091309,407.8693413734436
2430,1.0,0.0,0.0,16,0,0,13.47852909564972,66.5,1.0,1.6487212181091309,408.013578414917
2431,1.0,0.0,0.0,16,0,0,13.430032908916473,68.5,1.0,1.6487212181091309,408.166303396225
2432,1.0,0.0,0.0,16,0,0,13.470457911491394,64.625,1.0,1.6487212181091309,408.3091492652893
2433,1.0,0.0,0.0,16,0,0,13.267130315303802,60.9375,1.0,1.6487212181091309,408.444149017334
2434,1.0,0.0,0.0,16,0,0,13.240530967712402,61.4375,1.0,1.6487212181091309,408.5926351547241
2435,1.0,0.0,0.0,16,0,0,13.439294874668121,66.4375,1.0,1.6487212181091309,408.7447831630707
2436,1.0,0.0,0.0,16,0,0,13.368735194206238,64.125,1.0,1.6487212181091309,408.88849925994873
2437,1.0,0.0,0.0,16,0,0,13.453655540943146,67.9375,1.0,1.6487212181091309,409.04002833366394
2438,1.0,0.0,0.0,16,0,0,13.54873901605606,67.8125,1.0,1.6487212181091309,409.19585824012756
2439,1.0,0.0,0.0,16,0,0,13.479637026786804,67.875,1.0,1.6487212181091309,409.3507182598114
2440,1.0,0.0,0.0,16,0,0,13.580651938915253,69.25,1.0,1.6487212181091309,409.50267124176025
2441,1.0,0.0,0.0,16,0,0,13.434719502925873,67.9375,1.0,1.6487212181091309,409.65286135673523
2442,1.0,0.0,0.0,16,0,0,13.453932642936707,64.1875,1.0,1.6487212181091309,409.7963960170746
2443,1.0,0.0,0.0,16,0,0,13.392100870609283,63.6875,1.0,1.6487212181091309,409.93928623199463
2444,1.0,0.0,0.0,16,0,0,13.264261841773987,63.625,1.0,1.6487212181091309,410.0809111595154
2445,1.0,0.0,0.0,16,0,0,13.320075333118439,63.0,1.0,1.6487212181091309,410.21824622154236
2446,1.0,0.0,0.0,16,0,0,13.360924422740936,62.625,1.0,1.6487212181091309,410.35718727111816
2447,1.0,0.0,0.0,16,0,0,13.357265591621399,64.125,1.0,1.6487212181091309,410.4998002052307
2448,1.0,0.0,0.0,16,0,0,13.535921454429626,67.125,1.0,1.6487212181091309,410.6469340324402
2449,1.0,0.0,0.0,16,0,0,13.180660367012024,62.125,1.0,1.6487212181091309,410.794801235199
2450,1.0,0.0,0.0,16,0,0,13.464550614356995,66.25,1.0,1.6487212181091309,410.9428904056549
2451,1.0,0.0,0.0,16,0,0,13.426318883895874,66.6875,1.0,1.6487212181091309,411.09015440940857
2452,1.0,0.0,0.0,16,0,0,13.234618782997131,63.6875,1.0,1.6487212181091309,411.2382164001465
2453,1.0,0.0,0.0,16,0,0,13.570805847644806,69.125,1.0,1.6487212181091309,411.39297819137573
2454,1.0,0.0,0.0,16,0,0,13.250810444355011,61.625,1.0,1.6487212181091309,411.53413224220276
2455,1.0,0.0,0.0,16,0,0,13.279602706432343,63.875,1.0,1.6487212181091309,411.67570209503174
2456,1.0,0.0,0.0,16,0,0,13.322913587093353,62.625,1.0,1.6487212181091309,411.8203682899475
2457,1.0,0.0,0.0,16,0,0,13.281505525112152,62.375,1.0,1.6487212181091309,411.96150517463684
2458,1.0,0.0,0.0,16,0,0,13.588708758354187,68.125,1.0,1.6487212181091309,412.11732029914856
2459,1.0,0.0,0.0,16,0,0,13.51214474439621,64.125,1.0,1.6487212181091309,412.26536440849304
2460,1.0,0.0,0.0,16,0,0,13.399474561214447,66.4375,1.0,1.6487212181091309,412.41153836250305
2461,1.0,0.0,0.0,16,0,0,13.355595469474792,68.0625,1.0,1.6487212181091309,412.5617892742157
2462,1.0,0.0,0.0,16,0,0,13.43514233827591,66.875,1.0,1.6487212181091309,412.7084152698517
2463,1.0,0.0,0.0,16,0,0,13.542460799217224,70.8125,1.0,1.6487212181091309,412.8824141025543
2464,1.0,0.0,0.0,16,0,0,13.569600999355316,66.8125,1.0,1.6487212181091309,413.03303503990173
2465,1.0,0.0,0.0,16,0,0,13.31744009256363,63.9375,1.0,1.6487212181091309,413.23269414901733
2466,1.0,0.0,0.0,16,0,0,13.503824234008789,67.625,1.0,1.6487212181091309,413.41825819015503
2467,1.0,0.0,0.0,16,0,0,13.337692975997925,66.3125,1.0,1.6487212181091309,413.5861303806305
2468,1.0,0.0,0.0,16,0,0,13.52243947982788,64.1875,1.0,1.6487212181091309,413.7451603412628
2469,1.0,0.0,0.0,16,0,0,13.594617068767548,73.9375,1.0,1.6487212181091309,413.9276661872864
2470,1.0,0.0,0.0,16,0,0,13.445087850093842,66.25,1.0,1.6487212181091309,414.08620023727417
2471,1.0,0.0,0.0,16,0,0,13.312694370746613,66.375,1.0,1.6487212181091309,414.2483432292938
2472,1.0,0.0,0.0,16,0,0,13.263710141181946,66.875,1.0,1.6487212181091309,414.39618039131165
2473,1.0,0.0,0.0,16,0,0,13.156890571117401,63.75,1.0,1.6487212181091309,414.5653512477875
2474,1.0,0.0,0.0,16,0,0,13.368537664413452,65.25,1.0,1.6487212181091309,414.7441153526306
2475,1.0,0.0,0.0,16,0,0,13.3495534658432,68.375,1.0,1.6487212181091309,414.92895221710205
2476,1.0,0.0,0.0,16,0,0,13.304987013339996,62.75,1.0,1.6487212181091309,415.07767724990845
2477,1.0,0.0,0.0,16,0,0,13.366860449314117,64.75,1.0,1.6487212181091309,415.23315930366516
2478,1.0,0.0,0.0,16,0,0,13.327029287815094,64.125,1.0,1.6487212181091309,415.38343620300293
2479,1.0,0.0,0.0,16,0,0,13.272848427295685,66.3125,1.0,1.6487212181091309,415.53771328926086
2480,1.0,0.0,0.0,16,0,0,13.649275124073029,73.125,1.0,1.6487212181091309,415.70136618614197
2481,1.0,0.0,0.0,16,0,0,13.228312611579895,62.25,1.0,1.6487212181091309,415.853392124176
2482,1.0,0.0,0.0,16,0,0,13.19996452331543,65.25,1.0,1.6487212181091309,416.00611305236816
2483,1.0,0.0,0.0,16,0,0,13.447315275669098,69.0625,1.0,1.6487212181091309,416.1626124382019
2484,1.0,0.0,0.0,16,0,0,13.339391767978668,61.1875,1.0,1.6487212181091309,416.30385732650757
2485,1.0,0.0,0.0,16,0,0,13.304169595241547,61.75,1.0,1.6487212181091309,416.4380931854248
2486,1.0,0.0,0.0,16,0,0,13.265247225761414,63.0,1.0,1.6487212181091309,416.58194732666016
2487,1.0,0.0,0.0,16,0,0,13.371036946773529,62.875,1.0,1.6487212181091309,416.7194471359253
2488,1.0,0.0,0.0,16,0,0,13.37914353609085,66.8125,1.0,1.6487212181091309,416.8727753162384
2489,1.0,0.0,0.0,16,0,0,13.341396868228912,64.3125,1.0,1.6487212181091309,417.03452014923096
2490,1.0,0.0,0.0,16,0,0,13.1711146235466,63.3125,1.0,1.6487212181091309,417.1919801235199
2491,1.0,0.0,0.0,16,0,0,13.490716278553009,66.0,1.0,1.6487212181091309,417.34190106391907
2492,1.0,0.0,0.0,16,0,0,13.2888725399971,63.625,1.0,1.6487212181091309,417.48640513420105
2493,1.0,0.0,0.0,16,0,0,13.42759782075882,66.8125,1.0,1.6487212181091309,417.6520972251892
2494,1.0,0.0,0.0,16,0,0,13.464812755584717,63.75,1.0,1.6487212181091309,417.80750823020935
2495,1.0,0.0,0.0,16,0,0,13.270234882831573,63.5,1.0,1.6487212181091309,417.96984219551086
2496,1.0,0.0,0.0,16,0,0,13.367816865444183,66.0625,1.0,1.6487212181091309,418.13615012168884
2497,1.0,0.0,0.0,16,0,0,13.385429203510284,68.5625,1.0,1.6487212181091309,418.3057601451874
2498,1.0,0.0,0.0,16,0,0,13.544560432434082,73.625,1.0,1.6487212181091309,418.4964621067047
2499,1.0,0.0,0.0,16,0,0,13.473261773586273,67.4375,1.0,1.6487212181091309,418.6551742553711
2500,1.0,0.0,0.0,16,0,0,13.380273938179016,62.375,1.0,1.6487212181091309,418.80737829208374
2501,1.0,0.0,0.0,16,0,0,13.394299447536469,65.3125,1.0,1.6487212181091309,418.96772813796997
2502,1.0,0.0,0.0,16,0,0,13.346641182899475,61.9375,1.0,1.6487212181091309,419.19753336906433
2503,1.0,0.0,0.0,16,0,0,13.437415361404419,64.0625,1.0,1.6487212181091309,419.35665822029114
2504,1.0,0.0,0.0,16,0,0,13.586004257202148,69.875,1.0,1.6487212181091309,419.51287817955017
2505,1.0,0.0,0.0,16,0,0,13.3633993268013,65.625,1.0,1.6487212181091309,419.6618301868439
2506,1.0,0.0,0.0,16,0,0,13.290614545345306,64.5625,1.0,1.6487212181091309,419.82250905036926
2507,1.0,0.0,0.0,16,0,0,13.391489386558533,70.4375,1.0,1.6487212181091309,419.98842906951904
2508,1.0,0.0,0.0,16,0,0,13.357120156288147,66.6875,1.0,1.6487212181091309,420.1488971710205
2509,1.0,0.0,0.0,16,0,0,13.289284765720367,64.625,1.0,1.6487212181091309,420.3071222305298
2510,1.0,0.0,0.0,16,0,0,13.300186693668365,63.4375,1.0,1.6487212181091309,420.4669072628021
2511,1.0,0.0,0.0,16,0,0,13.614804148674011,70.5625,1.0,1.6487212181091309,420.6454062461853
2512,1.0,0.0,0.0,16,0,0,13.284110248088837,66.125,1.0,1.6487212181091309,420.79816603660583
2513,1.0,0.0,0.0,16,0,0,13.28386116027832,63.375,1.0,1.6487212181091309,420.9456293582916
2514,1.0,0.0,0.0,16,0,0,13.53896576166153,70.8125,1.0,1.6487212181091309,421.1077980995178
2515,1.0,0.0,0.0,16,0,0,13.459852039813995,66.4375,1.0,1.6487212181091309,421.2695381641388
2516,1.0,0.0,0.0,16,0,0,13.2878857254982,61.6875,1.0,1.6487212181091309,421.41071105003357
2517,1.0,0.0,0.0,16,0,0,13.511193692684174,65.8125,1.0,1.6487212181091309,421.570650100708
2518,1.0,0.0,0.0,16,0,0,13.253245234489441,64.25,1.0,1.6487212181091309,421.7158012390137
2519,1.0,0.0,0.0,16,0,0,13.317282974720001,62.125,1.0,1.6487212181091309,421.8539762496948
2520,1.0,0.0,0.0,16,0,0,13.290521681308746,65.3125,1.0,1.6487212181091309,422.0041573047638
2521,1.0,0.0,0.0,16,0,0,13.359157621860504,62.5625,1.0,1.6487212181091309,422.15586137771606
2522,1.0,0.0,0.0,16,0,0,13.367444336414337,65.25,1.0,1.6487212181091309,422.314088344574
2523,1.0,0.0,0.0,16,0,0,13.410143792629242,65.6875,1.0,1.6487212181091309,422.47145223617554
2524,1.0,0.0,0.0,16,0,0,13.418595314025879,66.0,1.0,1.6487212181091309,422.6204981803894
2525,1.0,0.0,0.0,16,0,0,13.534011244773865,65.8125,1.0,1.6487212181091309,422.7754602432251
2526,1.0,0.0,0.0,16,0,0,13.593778729438782,70.5,1.0,1.6487212181091309,422.9487884044647
2527,1.0,0.0,0.0,16,0,0,13.29711925983429,69.875,1.0,1.6487212181091309,423.1167039871216
2528,1.0,0.0,0.0,16,0,0,13.400245308876038,64.4375,1.0,1.6487212181091309,423.2985532283783
2529,1.0,0.0,0.0,16,0,0,13.42920446395874,70.25,1.0,1.6487212181091309,423.45756316185
2530,1.0,0.0,0.0,16,0,0,13.348957300186157,65.375,1.0,1.6487212181091309,423.60897421836853
2531,1.0,0.0,0.0,16,0,0,13.305171489715576,68.1875,1.0,1.6487212181091309,423.7834780216217
2532,1.0,0.0,0.0,16,0,0,13.239349126815796,63.1875,1.0,1.6487212181091309,423.9430184364319
2533,1.0,0.0,0.0,16,0,0,13.385358572006226,65.625,1.0,1.6487212181091309,424.1140592098236
2534,1.0,0.0,0.0,16,0,0,13.377681076526642,66.875,1.0,1.6487212181091309,424.277978181839
2535,1.0,0.0,0.0,16,0,0,13.335801720619202,64.0,1.0,1.6487212181091309,424.4244213104248
2536,1.0,0.0,0.0,16,0,0,13.294260263442993,65.4375,1.0,1.6487212181091309,424.56761026382446
2537,1.0,0.0,0.0,16,0,0,13.417375147342682,65.75,1.0,1.6487212181091309,424.72720527648926
2538,1.0,0.0,0.0,16,0,0,13.546435475349426,72.125,1.0,1.6487212181091309,424.9339802265167
2539,1.0,0.0,0.0,16,0,0,13.585310816764832,71.5,1.0,1.6487212181091309,425.1079032421112
2540,1.0,0.0,0.0,16,0,0,13.437035381793976,65.6875,1.0,1.6487212181091309,425.27036213874817
2541,1.0,0.0,0.0,16,0,0,13.211316406726837,66.5,1.0,1.6487212181091309,425.4569773674011
2542,1.0,0.0,0.0,16,0,0,13.306192219257355,67.5625,1.0,1.6487212181091309,425.625696182251
2543,1.0,0.0,0.0,16,0,0,13.404248893260956,67.375,1.0,1.6487212181091309,425.79523515701294
2544,1.0,0.0,0.0,16,0,0,13.188342213630676,61.0,1.0,1.6487212181091309,425.9355614185333
2545,1.0,0.0,0.0,16,0,0,13.370878756046295,64.0625,1.0,1.6487212181091309,426.0805501937866
2546,1.0,0.0,0.0,16,0,0,13.49172729253769,70.5,1.0,1.6487212181091309,426.249165058136
2547,1.0,0.0,0.0,16,0,0,13.57746011018753,74.5,1.0,1.6487212181091309,426.42734003067017
2548,1.0,0.0,0.0,16,0,0,13.336022973060608,59.8125,1.0,1.6487212181091309,426.5811393260956
2549,1.0,0.0,0.0,16,0,0,13.60341364145279,67.375,1.0,1.6487212181091309,426.74285912513733
2550,1.0,0.0,0.0,16,0,0,13.419796526432037,65.8125,1.0,1.6487212181091309,426.90608525276184
2551,1.0,0.0,0.0,16,0,0,13.429778516292572,67.875,1.0,1.6487212181091309,427.0769102573395
2552,1.0,0.0,0.0,16,0,0,13.236602485179901,63.75,1.0,1.6487212181091309,427.24750423431396
2553,1.0,0.0,0.0,16,0,0,13.309637188911438,64.0625,1.0,1.6487212181091309,427.43241333961487
2554,1.0,0.0,0.0,16,0,0,13.23820948600769,64.8125,1.0,1.6487212181091309,427.58694338798523
2555,1.0,0.0,0.0,16,0,0,13.3204824924469,64.5625,1.0,1.6487212181091309,427.74567222595215
2556,1.0,0.0,0.0,16,0,0,13.495029509067535,68.875,1.0,1.6487212181091309,427.91483902931213
2557,1.0,0.0,0.0,16,0,0,13.584051251411438,68.0625,1.0,1.6487212181091309,428.12234926223755
2558,1.0,0.0,0.0,16,0,0,13.378969728946686,66.625,1.0,1.6487212181091309,428.3018012046814
2559,1.0,0.0,0.0,16,0,0,13.415983617305756,66.6875,1.0,1.6487212181091309,428.4723393917084
2560,1.0,0.0,0.0,16,0,0,13.409354329109192,68.0,1.0,1.6487212181091309,428.6409914493561
2561,1.0,0.0,0.0,16,0,0,13.391716063022614,65.5,1.0,1.6487212181091309,428.80468225479126
2562,1.0,0.0,0.0,16,0,0,13.437586724758148,66.1875,1.0,1.6487212181091309,428.96990633010864
2563,1.0,0.0,0.0,16,0,0,13.378380477428436,64.5,1.0,1.6487212181091309,429.12579917907715
2564,1.0,0.0,0.0,16,0,0,13.489178597927094,66.375,1.0,1.6487212181091309,429.2773723602295
2565,1.0,0.0,0.0,16,0,0,13.379571259021759,60.375,1.0,1.6487212181091309,429.4248251914978
2566,1.0,0.0,0.0,16,0,0,13.402783513069153,67.5,1.0,1.6487212181091309,429.6205081939697
2567,1.0,0.0,0.0,16,0,0,13.459859728813171,68.9375,1.0,1.6487212181091309,429.7950482368469
2568,1.0,0.0,0.0,16,0,0,13.478733122348785,64.6875,1.0,1.6487212181091309,429.9570372104645
2569,1.0,0.0,0.0,16,0,0,13.50458574295044,66.625,1.0,1.6487212181091309,430.11419010162354
2570,1.0,0.0,0.0,16,0,0,13.402592182159424,67.0625,1.0,1.6487212181091309,430.2608072757721
2571,1.0,0.0,0.0,16,0,0,13.37661463022232,65.4375,1.0,1.6487212181091309,430.4043972492218
2572,1.0,0.0,0.0,16,0,0,13.377101480960846,66.0625,1.0,1.6487212181091309,430.563894033432
2573,1.0,0.0,0.0,16,0,0,13.482745945453644,65.125,1.0,1.6487212181091309,430.71230125427246
2574,1.0,0.0,0.0,16,0,0,13.381180167198181,65.8125,1.0,1.6487212181091309,430.85874032974243
2575,1.0,0.0,0.0,16,0,0,13.293278992176056,62.0625,1.0,1.6487212181091309,431.0095171928406
2576,1.0,0.0,0.0,16,0,0,13.372531473636627,70.0625,1.0,1.6487212181091309,431.1859362125397
2577,1.0,0.0,0.0,16,0,0,13.2651407122612,62.0,1.0,1.6487212181091309,431.34077429771423
2578,1.0,0.0,0.0,16,0,0,13.278981328010559,62.3125,1.0,1.6487212181091309,431.49630904197693
2579,1.0,0.0,0.0,16,0,0,13.250325739383698,60.625,1.0,1.6487212181091309,431.68475222587585
2580,1.0,0.0,0.0,16,0,0,13.184224903583527,61.9375,1.0,1.6487212181091309,431.82947421073914
2581,1.0,0.0,0.0,16,0,0,13.376218378543854,65.9375,1.0,1.6487212181091309,431.9755530357361
2582,1.0,0.0,0.0,16,0,0,13.49064427614212,65.375,1.0,1.6487212181091309,432.126629114151
2583,1.0,0.0,0.0,16,0,0,13.32827216386795,62.875,1.0,1.6487212181091309,432.2722623348236
2584,1.0,0.0,0.0,16,0,0,13.36590164899826,63.5,1.0,1.6487212181091309,432.4158761501312
2585,1.0,0.0,0.0,16,0,0,13.245679259300232,66.0625,1.0,1.6487212181091309,432.5664381980896
2586,1.0,0.0,0.0,16,0,0,13.157180368900299,62.625,1.0,1.6487212181091309,432.7112534046173
2587,1.0,0.0,0.0,16,0,0,13.298283100128174,63.8125,1.0,1.6487212181091309,432.85580921173096
2588,1.0,0.0,0.0,16,0,0,13.431461572647095,67.5625,1.0,1.6487212181091309,433.0115010738373
2589,1.0,0.0,0.0,16,0,0,13.440154314041138,66.0625,1.0,1.6487212181091309,433.16064620018005
2590,1.0,0.0,0.0,16,0,0,13.347198486328125,60.75,1.0,1.6487212181091309,433.31034231185913
2591,1.0,0.0,0.0,16,0,0,13.426610291004181,67.8125,1.0,1.6487212181091309,433.4689600467682
2592,1.0,0.0,0.0,16,0,0,13.3733811378479,64.4375,1.0,1.6487212181091309,433.6154901981354
2593,1.0,0.0,0.0,16,0,0,13.339282393455505,65.625,1.0,1.6487212181091309,433.8038122653961
2594,1.0,0.0,0.0,16,0,0,13.402494132518768,68.75,1.0,1.6487212181091309,433.9775643348694
2595,1.0,0.0,0.0,16,0,0,13.371039032936096,64.3125,1.0,1.6487212181091309,434.127560377121
2596,1.0,0.0,0.0,16,0,0,13.528024733066559,70.0,1.0,1.6487212181091309,434.30391025543213
2597,1.0,0.0,0.0,16,0,0,13.420758128166199,65.0,1.0,1.6487212181091309,434.4702332019806
2598,1.0,0.0,0.0,16,0,0,13.347068548202515,65.25,1.0,1.6487212181091309,434.63124227523804
2599,1.0,0.0,0.0,16,0,0,13.560642957687378,65.0,1.0,1.6487212181091309,434.7939450740814
2600,1.0,0.0,0.0,16,0,0,13.398663580417633,63.1875,1.0,1.6487212181091309,434.9344081878662
2601,1.0,0.0,0.0,16,0,0,13.336236119270325,64.1875,1.0,1.6487212181091309,435.0770983695984
2602,1.0,0.0,0.0,16,0,0,13.506600260734558,67.875,1.0,1.6487212181091309,435.2461271286011
2603,1.0,0.0,0.0,16,0,0,13.470507383346558,66.375,1.0,1.6487212181091309,435.4031572341919
2604,1.0,0.0,0.0,16,0,0,13.437857210636139,67.5625,1.0,1.6487212181091309,435.55484318733215
2605,1.0,0.0,0.0,16,0,0,13.452813982963562,64.5,1.0,1.6487212181091309,435.7013611793518
2606,1.0,0.0,0.0,16,0,0,13.476667642593384,69.1875,1.0,1.6487212181091309,435.90316820144653
2607,1.0,0.0,0.0,16,0,0,13.20235526561737,64.6875,1.0,1.6487212181091309,436.0797643661499
2608,1.0,0.0,0.0,16,0,0,13.334026038646698,66.625,1.0,1.6487212181091309,436.2437262535095
2609,1.0,0.0,0.0,16,0,0,13.457177877426147,68.1875,1.0,1.6487212181091309,436.4228641986847
2610,1.0,0.0,0.0,16,0,0,13.290673792362213,64.6875,1.0,1.6487212181091309,436.5867922306061
2611,1.0,0.0,0.0,16,0,0,13.317371547222137,63.8125,1.0,1.6487212181091309,436.73314929008484
2612,1.0,0.0,0.0,16,0,0,13.421158909797668,65.75,1.0,1.6487212181091309,436.88527631759644
2613,1.0,0.0,0.0,16,0,0,13.388891875743866,65.3125,1.0,1.6487212181091309,437.0498480796814
2614,1.0,0.0,0.0,16,0,0,13.430655896663666,67.5,1.0,1.6487212181091309,437.20966124534607
2615,1.0,0.0,0.0,16,0,0,13.37094795703888,67.6875,1.0,1.6487212181091309,437.3664734363556
2616,1.0,0.0,0.0,16,0,0,13.219643235206604,63.8125,1.0,1.6487212181091309,437.53512811660767
2617,1.0,0.0,0.0,16,0,0,13.280943036079407,64.1875,1.0,1.6487212181091309,437.6907870769501
2618,1.0,0.0,0.0,16,0,0,13.342481076717377,66.4375,1.0,1.6487212181091309,437.8460531234741
2619,1.0,0.0,0.0,16,0,0,13.279340624809265,66.25,1.0,1.6487212181091309,438.00268721580505
2620,1.0,0.0,0.0,16,0,0,13.470853388309479,63.5,1.0,1.6487212181091309,438.15362215042114
2621,1.0,0.0,0.0,16,0,0,13.428092062473297,66.75,1.0,1.6487212181091309,438.3174521923065
2622,1.0,0.0,0.0,16,0,0,13.594985723495483,68.9375,1.0,1.6487212181091309,438.49375224113464
2623,1.0,0.0,0.0,16,0,0,13.496027112007141,69.75,1.0,1.6487212181091309,438.655166387558
2624,1.0,0.0,0.0,16,0,0,13.58087968826294,69.6875,1.0,1.6487212181091309,438.8207862377167
2625,1.0,0.0,0.0,16,0,0,13.377834022045135,63.375,1.0,1.6487212181091309,438.96775913238525
2626,1.0,0.0,0.0,16,0,0,13.478511214256287,66.75,1.0,1.6487212181091309,439.1272282600403
2627,1.0,0.0,0.0,16,0,0,13.448711454868317,69.25,1.0,1.6487212181091309,439.29434537887573
2628,1.0,0.0,0.0,16,0,0,13.47680377960205,65.1875,1.0,1.6487212181091309,439.4745693206787
2629,1.0,0.0,0.0,16,0,0,13.377236187458038,63.0625,1.0,1.6487212181091309,439.69163703918457
2630,1.0,0.0,0.0,16,0,0,13.254990100860596,59.75,1.0,1.6487212181091309,439.8406891822815
2631,1.0,0.0,0.0,16,0,0,13.36628806591034,67.0,1.0,1.6487212181091309,440.0405411720276
2632,1.0,0.0,0.0,16,0,0,13.329324901103973,66.375,1.0,1.6487212181091309,440.22224020957947
2633,1.0,0.0,0.0,16,0,0,13.5140939950943,70.5625,1.0,1.6487212181091309,440.3875012397766
2634,1.0,0.0,0.0,16,0,0,13.306104481220245,64.75,1.0,1.6487212181091309,440.54258036613464
2635,1.0,0.0,0.0,16,0,0,13.315157115459442,65.8125,1.0,1.6487212181091309,440.7065951824188
2636,1.0,0.0,0.0,16,0,0,13.446951925754547,65.0625,1.0,1.6487212181091309,440.87677121162415
2637,1.0,0.0,0.0,16,0,0,13.364503681659698,70.875,1.0,1.6487212181091309,441.0457820892334
2638,1.0,0.0,0.0,16,0,0,13.483155369758606,68.125,1.0,1.6487212181091309,441.1975312232971
2639,1.0,0.0,0.0,16,0,0,13.351856887340546,67.4375,1.0,1.6487212181091309,441.3483262062073
2640,1.0,0.0,0.0,16,0,0,13.181340873241425,60.5625,1.0,1.6487212181091309,441.4910771846771
2641,1.0,0.0,0.0,16,0,0,13.269483149051666,64.625,1.0,1.6487212181091309,441.6461601257324
2642,1.0,0.0,0.0,16,0,0,13.271953046321869,66.125,1.0,1.6487212181091309,441.7987730503082
2643,1.0,0.0,0.0,16,0,0,13.420869886875153,66.875,1.0,1.6487212181091309,441.9937663078308
2644,1.0,0.0,0.0,16,0,0,13.26792174577713,67.5,1.0,1.6487212181091309,442.1747932434082
2645,1.0,0.0,0.0,16,0,0,13.259759306907654,60.8125,1.0,1.6487212181091309,442.3156192302704
2646,1.0,0.0,0.0,16,0,0,13.21396803855896,67.0,1.0,1.6487212181091309,442.46779012680054
2647,1.0,0.0,0.0,16,0,0,13.343175113201141,65.875,1.0,1.6487212181091309,442.6239023208618
2648,1.0,0.0,0.0,16,0,0,13.507254123687744,68.875,1.0,1.6487212181091309,442.777161359787
2649,1.0,0.0,0.0,16,0,0,13.54206931591034,69.0625,1.0,1.6487212181091309,442.93412137031555
2650,1.0,0.0,0.0,16,0,0,13.257122099399567,62.75,1.0,1.6487212181091309,443.0750262737274
2651,1.0,0.0,0.0,16,0,0,13.545750498771667,69.375,1.0,1.6487212181091309,443.22999715805054
2652,1.0,0.0,0.0,16,0,0,13.427552103996277,66.6875,1.0,1.6487212181091309,443.38432216644287
2653,1.0,0.0,0.0,16,0,0,13.557050168514252,67.4375,1.0,1.6487212181091309,443.53784012794495
2654,1.0,0.0,0.0,16,0,0,13.352199256420135,66.625,1.0,1.6487212181091309,443.68692922592163
2655,1.0,0.0,0.0,16,0,0,13.391414523124695,63.3125,1.0,1.6487212181091309,443.8318133354187
2656,1.0,0.0,0.0,16,0,0,13.575308620929718,67.8125,1.0,1.6487212181091309,443.9793932437897
2657,1.0,0.0,0.0,16,0,0,13.450794339179993,66.25,1.0,1.6487212181091309,444.13108921051025
2658,1.0,0.0,0.0,16,0,0,13.584967374801636,69.0,1.0,1.6487212181091309,444.2889232635498
2659,1.0,0.0,0.0,16,0,0,13.348382413387299,65.4375,1.0,1.6487212181091309,444.4385652542114
2660,1.0,0.0,0.0,16,0,0,13.49767154455185,69.125,1.0,1.6487212181091309,444.5939221382141
2661,1.0,0.0,0.0,16,0,0,13.485656082630157,66.0625,1.0,1.6487212181091309,444.7444682121277
2662,1.0,0.0,0.0,16,0,0,13.341568112373352,64.5625,1.0,1.6487212181091309,444.88734912872314
2663,1.0,0.0,0.0,16,0,0,13.40978592634201,65.3125,1.0,1.6487212181091309,445.0324721336365
2664,1.0,0.0,0.0,16,0,0,13.54678201675415,69.5,1.0,1.6487212181091309,445.1882040500641
2665,1.0,0.0,0.0,16,0,0,13.530399918556213,71.0,1.0,1.6487212181091309,445.3469572067261
2666,1.0,0.0,0.0,16,0,0,13.441976964473724,66.125,1.0,1.6487212181091309,445.49509024620056
2667,1.0,0.0,0.0,16,0,0,13.175795197486877,61.5,1.0,1.6487212181091309,445.6303791999817
2668,1.0,0.0,0.0,16,0,0,13.513709664344788,68.75,1.0,1.6487212181091309,445.7910752296448
2669,1.0,0.0,0.0,16,0,0,13.20751416683197,65.5,1.0,1.6487212181091309,445.9409782886505
2670,1.0,0.0,0.0,16,0,0,13.232953369617462,66.6875,1.0,1.6487212181091309,446.0885651111603
2671,1.0,0.0,0.0,16,0,0,13.345567166805267,70.625,1.0,1.6487212181091309,446.243203163147
2672,1.0,0.0,0.0,16,0,0,13.378601133823395,62.875,1.0,1.6487212181091309,446.38572430610657
2673,1.0,0.0,0.0,16,0,0,13.480949759483337,73.0625,1.0,1.6487212181091309,446.56123328208923
2674,1.0,0.0,0.0,16,0,0,13.435954451560974,66.5625,1.0,1.6487212181091309,446.7186801433563
2675,1.0,0.0,0.0,16,0,0,13.255235970020294,63.9375,1.0,1.6487212181091309,446.86135721206665
2676,1.0,0.0,0.0,16,0,0,13.256889879703522,62.4375,1.0,1.6487212181091309,447.0040261745453
2677,1.0,0.0,0.0,16,0,0,13.468607008457184,67.875,1.0,1.6487212181091309,447.1595332622528
2678,1.0,0.0,0.0,16,0,0,13.298801124095917,65.875,1.0,1.6487212181091309,447.30698227882385
2679,1.0,0.0,0.0,16,0,0,13.35565459728241,64.0625,1.0,1.6487212181091309,447.4480130672455
2680,1.0,0.0,0.0,16,0,0,13.259180545806885,62.1875,1.0,1.6487212181091309,447.5930802822113
2681,1.0,0.0,0.0,16,0,0,13.537203252315521,68.4375,1.0,1.6487212181091309,447.7461302280426
2682,1.0,0.0,0.0,16,0,0,13.422778844833374,65.25,1.0,1.6487212181091309,447.891250371933
2683,1.0,0.0,0.0,16,0,0,13.522440373897552,65.75,1.0,1.6487212181091309,448.03900122642517
2684,1.0,0.0,0.0,16,0,0,13.460612177848816,65.0,1.0,1.6487212181091309,448.1805372238159
2685,1.0,0.0,0.0,16,0,0,13.5384481549263,69.5,1.0,1.6487212181091309,448.3372642993927
2686,1.0,0.0,0.0,16,0,0,13.653644144535065,71.6875,1.0,1.6487212181091309,448.500803232193
2687,1.0,0.0,0.0,16,0,0,13.460948705673218,65.75,1.0,1.6487212181091309,448.6485803127289
2688,1.0,0.0,0.0,16,0,0,13.443763315677643,65.5,1.0,1.6487212181091309,448.79563903808594
2689,1.0,0.0,0.0,16,0,0,13.48892992734909,70.9375,1.0,1.6487212181091309,448.955539226532
2690,1.0,0.0,0.0,16,0,0,13.327886939048767,65.4375,1.0,1.6487212181091309,449.106876373291
2691,1.0,0.0,0.0,16,0,0,13.38795953989029,64.75,1.0,1.6487212181091309,449.2533082962036
2692,1.0,0.0,0.0,16,0,0,13.446317911148071,67.75,1.0,1.6487212181091309,449.403076171875
2693,1.0,0.0,0.0,16,0,0,12.981092631816864,56.8125,1.0,1.6487212181091309,449.53080439567566
2694,1.0,0.0,0.0,16,0,0,13.363161742687225,67.0625,1.0,1.6487212181091309,449.67983317375183
2695,1.0,0.0,0.0,16,0,0,13.276156961917877,62.6875,1.0,1.6487212181091309,449.8222641944885
2696,1.0,0.0,0.0,16,0,0,13.555465281009674,66.4375,1.0,1.6487212181091309,449.9841582775116
2697,1.0,0.0,0.0,16,0,0,13.291932821273804,61.3125,1.0,1.6487212181091309,450.1191201210022
2698,1.0,0.0,0.0,16,0,0,13.46394830942154,67.9375,1.0,1.6487212181091309,450.2701733112335
2699,1.0,0.0,0.0,16,0,0,13.338554561138153,63.5625,1.0,1.6487212181091309,450.41827416419983
2700,1.0,0.0,0.0,16,0,0,13.37756073474884,69.125,1.0,1.6487212181091309,450.5817081928253
2701,1.0,0.0,0.0,16,0,0,13.29482913017273,65.5625,1.0,1.6487212181091309,450.732390165329
2702,1.0,0.0,0.0,16,0,0,13.409347951412201,64.9375,1.0,1.6487212181091309,450.88060426712036
2703,1.0,0.0,0.0,16,0,0,13.449907958507538,66.6875,1.0,1.6487212181091309,451.02936339378357
2704,1.0,0.0,0.0,16,0,0,13.317543625831604,62.8125,1.0,1.6487212181091309,451.1700391769409
2705,1.0,0.0,0.0,16,0,0,13.369720697402954,66.5625,1.0,1.6487212181091309,451.3206453323364
2706,1.0,0.0,0.0,16,0,0,13.508888840675354,66.875,1.0,1.6487212181091309,451.4736351966858
2707,1.0,0.0,0.0,16,0,0,13.514536440372467,68.75,1.0,1.6487212181091309,451.63132429122925
2708,1.0,0.0,0.0,16,0,0,13.497620046138763,67.4375,1.0,1.6487212181091309,451.78310322761536
2709,1.0,0.0,0.0,16,0,0,13.4215607047081,64.4375,1.0,1.6487212181091309,451.92781019210815
2710,1.0,0.0,0.0,16,0,0,13.489749908447266,64.875,1.0,1.6487212181091309,452.073917388916
2711,1.0,0.0,0.0,16,0,0,13.40975934267044,64.5625,1.0,1.6487212181091309,452.2218680381775
2712,1.0,0.0,0.0,16,0,0,13.553273141384125,64.75,1.0,1.6487212181091309,452.36745715141296
2713,1.0,0.0,0.0,16,0,0,13.410610020160675,72.875,1.0,1.6487212181091309,452.5491063594818
2714,1.0,0.0,0.0,16,0,0,13.341086685657501,64.25,1.0,1.6487212181091309,452.7012782096863
2715,1.0,0.0,0.0,16,0,0,13.705168783664703,74.0625,1.0,1.6487212181091309,452.8757312297821
2716,1.0,0.0,0.0,16,0,0,13.431534230709076,62.875,1.0,1.6487212181091309,453.01751708984375
2717,1.0,0.0,0.0,16,0,0,13.603742837905884,71.6875,1.0,1.6487212181091309,453.1763322353363
2718,1.0,0.0,0.0,16,0,0,13.418294847011566,66.6875,1.0,1.6487212181091309,453.3277962207794
2719,1.0,0.0,0.0,16,0,0,13.339648962020874,61.8125,1.0,1.6487212181091309,453.46839427948
2720,1.0,0.0,0.0,16,0,0,13.380658686161041,64.0625,1.0,1.6487212181091309,453.6131782531738
2721,1.0,0.0,0.0,16,0,0,13.205816388130188,61.5625,1.0,1.6487212181091309,453.75223326683044
2722,1.0,0.0,0.0,16,0,0,13.47574770450592,70.4375,1.0,1.6487212181091309,453.9121971130371
2723,1.0,0.0,0.0,16,0,0,13.443883240222931,66.1875,1.0,1.6487212181091309,454.0639762878418
2724,1.0,0.0,0.0,16,0,0,13.351855635643005,63.0,1.0,1.6487212181091309,454.20253825187683
2725,1.0,0.0,0.0,16,0,0,13.446913123130798,68.625,1.0,1.6487212181091309,454.35378313064575
2726,1.0,0.0,0.0,16,0,0,13.324824631214142,64.6875,1.0,1.6487212181091309,454.4982922077179
2727,1.0,0.0,0.0,16,0,0,13.381102979183197,68.1875,1.0,1.6487212181091309,454.6786823272705
2728,1.0,0.0,0.0,16,0,0,13.162141144275665,63.0,1.0,1.6487212181091309,454.82031416893005
2729,1.0,0.0,0.0,16,0,0,13.282602310180664,65.9375,1.0,1.6487212181091309,454.96693420410156
2730,1.0,0.0,0.0,16,0,0,13.385365068912506,62.8125,1.0,1.6487212181091309,455.10769724845886
2731,1.0,0.0,0.0,16,0,0,13.533835172653198,65.875,1.0,1.6487212181091309,455.2589330673218
2732,1.0,0.0,0.0,16,0,0,13.47488248348236,67.5625,1.0,1.6487212181091309,455.40850734710693
2733,1.0,0.0,0.0,16,0,0,13.478218734264374,67.8125,1.0,1.6487212181091309,455.5602900981903
2734,1.0,0.0,0.0,16,0,0,13.432775795459747,67.8125,1.0,1.6487212181091309,455.71277022361755
2735,1.0,0.0,0.0,16,0,0,13.47076791524887,64.1875,1.0,1.6487212181091309,455.8576271533966
2736,1.0,0.0,0.0,16,0,0,13.337019324302673,63.3125,1.0,1.6487212181091309,455.99796319007874
2737,1.0,0.0,0.0,16,0,0,13.535902917385101,71.0625,1.0,1.6487212181091309,456.1565661430359
2738,1.0,0.0,0.0,16,0,0,13.301788032054901,67.1875,1.0,1.6487212181091309,456.31136322021484
2739,1.0,0.0,0.0,16,0,0,13.216163396835327,60.75,1.0,1.6487212181091309,456.45409321784973
2740,1.0,0.0,0.0,16,0,0,13.4830442070961,69.3125,1.0,1.6487212181091309,456.6095471382141
2741,1.0,0.0,0.0,16,0,0,13.405656099319458,63.0625,1.0,1.6487212181091309,456.7805621623993
2742,1.0,0.0,0.0,16,0,0,13.380038797855377,63.75,1.0,1.6487212181091309,456.92022228240967
2743,1.0,0.0,0.0,16,0,0,13.405128180980682,65.6875,1.0,1.6487212181091309,457.06839513778687
2744,1.0,0.0,0.0,16,0,0,13.17210167646408,60.4375,1.0,1.6487212181091309,457.2084321975708
2745,1.0,0.0,0.0,16,0,0,13.378283560276031,64.875,1.0,1.6487212181091309,457.3528082370758
2746,1.0,0.0,0.0,16,0,0,13.48858368396759,66.6875,1.0,1.6487212181091309,457.5032262802124
2747,1.0,0.0,0.0,16,0,0,13.514427661895752,74.375,1.0,1.6487212181091309,457.6687123775482
2748,1.0,0.0,0.0,16,0,0,13.229870200157166,63.875,1.0,1.6487212181091309,457.811505317688
2749,1.0,0.0,0.0,16,0,0,13.51808488368988,67.4375,1.0,1.6487212181091309,457.96206617355347
2750,1.0,0.0,0.0,16,0,0,13.33374172449112,64.125,1.0,1.6487212181091309,458.1086473464966
2751,1.0,0.0,0.0,16,0,0,13.228338181972504,67.0,1.0,1.6487212181091309,458.25531029701233
2752,1.0,0.0,0.0,16,0,0,13.255833208560944,61.875,1.0,1.6487212181091309,458.3951930999756
2753,1.0,0.0,0.0,16,0,0,13.312076389789581,64.125,1.0,1.6487212181091309,458.53878021240234
2754,1.0,0.0,0.0,16,0,0,13.486355602741241,66.6875,1.0,1.6487212181091309,458.6907591819763
2755,1.0,0.0,0.0,16,0,0,13.34224659204483,62.6875,1.0,1.6487212181091309,458.8514451980591
2756,1.0,0.0,0.0,16,0,0,13.086309552192688,61.3125,1.0,1.6487212181091309,458.9919402599335
2757,1.0,0.0,0.0,16,0,0,13.444724380970001,69.375,1.0,1.6487212181091309,459.1504843235016
2758,1.0,0.0,0.0,16,0,0,13.290196299552917,65.25,1.0,1.6487212181091309,459.3036301136017
2759,1.0,0.0,0.0,16,0,0,13.42306125164032,65.5,1.0,1.6487212181091309,459.4588882923126
2760,1.0,0.0,0.0,16,0,0,13.461161077022552,68.6875,1.0,1.6487212181091309,459.61364817619324
2761,1.0,0.0,0.0,16,0,0,13.28367429971695,63.875,1.0,1.6487212181091309,459.7613642215729
2762,1.0,0.0,0.0,16,0,0,13.333337664604187,65.625,1.0,1.6487212181091309,459.9113652706146
2763,1.0,0.0,0.0,16,0,0,13.402846157550812,63.125,1.0,1.6487212181091309,460.0528061389923
2764,1.0,0.0,0.0,16,0,0,13.35942256450653,62.1875,1.0,1.6487212181091309,460.19388723373413
2765,1.0,0.0,0.0,16,0,0,13.497601628303528,66.5625,1.0,1.6487212181091309,460.3406162261963
2766,1.0,0.0,0.0,16,0,0,13.336467385292053,65.0,1.0,1.6487212181091309,460.48270630836487
2767,1.0,0.0,0.0,16,0,0,13.31794011592865,62.3125,1.0,1.6487212181091309,460.6194281578064
2768,1.0,0.0,0.0,16,0,0,13.616613805294037,72.8125,1.0,1.6487212181091309,460.7794990539551
2769,1.0,0.0,0.0,16,0,0,13.294970214366913,61.625,1.0,1.6487212181091309,460.94692039489746
2770,1.0,0.0,0.0,16,0,0,13.663231253623962,69.75,1.0,1.6487212181091309,461.1134822368622
2771,1.0,0.0,0.0,16,0,0,13.373459279537201,65.5625,1.0,1.6487212181091309,461.2642731666565
2772,1.0,0.0,0.0,16,0,0,13.542291045188904,67.625,1.0,1.6487212181091309,461.4152843952179
2773,1.0,0.0,0.0,16,0,0,13.422565042972565,69.0625,1.0,1.6487212181091309,461.5697121620178
2774,1.0,0.0,0.0,16,0,0,13.355532348155975,66.375,1.0,1.6487212181091309,461.7204792499542
2775,1.0,0.0,0.0,16,0,0,13.18397742509842,63.0,1.0,1.6487212181091309,461.86185908317566
2776,1.0,0.0,0.0,16,0,0,13.466541409492493,67.4375,1.0,1.6487212181091309,462.01132321357727
2777,1.0,0.0,0.0,16,0,0,13.561104476451874,68.625,1.0,1.6487212181091309,462.16965413093567
2778,1.0,0.0,0.0,16,0,0,13.402411818504333,65.625,1.0,1.6487212181091309,462.3165352344513
2779,1.0,0.0,0.0,16,0,0,13.438420355319977,70.0625,1.0,1.6487212181091309,462.4761462211609
2780,1.0,0.0,0.0,16,0,0,13.445064425468445,66.125,1.0,1.6487212181091309,462.62627029418945
2781,1.0,0.0,0.0,16,0,0,13.435961306095123,68.5,1.0,1.6487212181091309,462.7789611816406
2782,1.0,0.0,0.0,16,0,0,13.22617119550705,59.8125,1.0,1.6487212181091309,462.9115650653839
2783,1.0,0.0,0.0,16,0,0,13.313640236854553,62.4375,1.0,1.6487212181091309,463.0594491958618
2784,1.0,0.0,0.0,16,0,0,13.237429857254028,62.75,1.0,1.6487212181091309,463.2021691799164
2785,1.0,0.0,0.0,16,0,0,13.4823437333107,65.125,1.0,1.6487212181091309,463.3460111618042
2786,1.0,0.0,0.0,16,0,0,13.477538466453552,67.875,1.0,1.6487212181091309,463.493661403656
2787,1.0,0.0,0.0,16,0,0,13.447081327438354,65.875,1.0,1.6487212181091309,463.6405222415924
2788,1.0,0.0,0.0,16,0,0,13.514604926109314,67.3125,1.0,1.6487212181091309,463.79791617393494
2789,1.0,0.0,0.0,16,0,0,13.468969762325287,67.875,1.0,1.6487212181091309,463.9682412147522
2790,1.0,0.0,0.0,16,0,0,13.456228733062744,67.8125,1.0,1.6487212181091309,464.1321392059326
2791,1.0,0.0,0.0,16,0,0,13.410140752792358,66.0625,1.0,1.6487212181091309,464.30339217185974
2792,1.0,0.0,0.0,16,0,0,13.459643959999084,64.5,1.0,1.6487212181091309,464.4866900444031
2793,1.0,0.0,0.0,16,0,0,13.430358409881592,66.8125,1.0,1.6487212181091309,464.6847412586212
2794,1.0,0.0,0.0,16,0,0,13.550681233406067,69.5625,1.0,1.6487212181091309,464.8669240474701
2795,1.0,0.0,0.0,16,0,0,13.567380428314209,68.875,1.0,1.6487212181091309,465.04693818092346
2796,1.0,0.0,0.0,16,0,0,13.297506511211395,63.625,1.0,1.6487212181091309,465.21023321151733
2797,1.0,0.0,0.0,16,0,0,13.233616828918457,62.25,1.0,1.6487212181091309,465.368182182312
2798,1.0,0.0,0.0,16,0,0,13.478544414043427,65.625,1.0,1.6487212181091309,465.5342552661896
2799,1.0,0.0,0.0,16,0,0,13.425158977508545,63.5,1.0,1.6487212181091309,465.69742822647095
2800,1.0,0.0,0.0,16,0,0,13.329737186431885,63.5625,1.0,1.6487212181091309,465.85708808898926
2801,1.0,0.0,0.0,16,0,0,13.402525246143341,65.4375,1.0,1.6487212181091309,466.02621722221375
2802,1.0,0.0,0.0,16,0,0,13.456479609012604,67.9375,1.0,1.6487212181091309,466.19753217697144
2803,1.0,0.0,0.0,16,0,0,13.335426032543182,65.6875,1.0,1.6487212181091309,466.3570351600647
2804,1.0,0.0,0.0,16,0,0,13.475830674171448,64.625,1.0,1.6487212181091309,466.5213623046875
2805,1.0,0.0,0.0,16,0,0,13.35765790939331,62.25,1.0,1.6487212181091309,466.6793611049652
2806,1.0,0.0,0.0,16,0,0,13.390748679637909,62.125,1.0,1.6487212181091309,466.8411772251129
2807,1.0,0.0,0.0,16,0,0,13.262397825717926,63.4375,1.0,1.6487212181091309,466.9956111907959
2808,1.0,0.0,0.0,16,0,0,13.24706345796585,63.0625,1.0,1.6487212181091309,467.16872334480286
2809,1.0,0.0,0.0,16,0,0,13.303228795528412,64.0,1.0,1.6487212181091309,467.3902072906494
2810,1.0,0.0,0.0,16,0,0,13.3983633518219,62.25,1.0,1.6487212181091309,467.55746817588806
2811,1.0,0.0,0.0,16,0,0,13.346036434173584,61.5625,1.0,1.6487212181091309,467.73013830184937
2812,1.0,0.0,0.0,16,0,0,13.416804373264313,69.625,1.0,1.6487212181091309,467.8933250904083
2813,1.0,0.0,0.0,16,0,0,13.430870234966278,69.625,1.0,1.6487212181091309,468.0552532672882
2814,1.0,0.0,0.0,16,0,0,13.33486944437027,60.5625,1.0,1.6487212181091309,468.20781230926514
2815,1.0,0.0,0.0,16,0,0,13.323402643203735,66.5,1.0,1.6487212181091309,468.3875651359558
2816,1.0,0.0,0.0,16,0,0,13.436826467514038,67.3125,1.0,1.6487212181091309,468.53629636764526
2817,1.0,0.0,0.0,16,0,0,13.478813111782074,64.3125,1.0,1.6487212181091309,468.6799442768097
2818,1.0,0.0,0.0,16,0,0,13.319616198539734,69.5,1.0,1.6487212181091309,468.8585522174835
2819,1.0,0.0,0.0,16,0,0,13.250362813472748,62.6875,1.0,1.6487212181091309,469.01792430877686
2820,1.0,0.0,0.0,16,0,0,13.435214102268219,65.5625,1.0,1.6487212181091309,469.16599130630493
2821,1.0,0.0,0.0,16,0,0,13.308605194091797,65.0,1.0,1.6487212181091309,469.32762908935547
2822,1.0,0.0,0.0,16,0,0,13.275648832321167,63.375,1.0,1.6487212181091309,469.47541403770447
2823,1.0,0.0,0.0,16,0,0,13.568791151046753,68.6875,1.0,1.6487212181091309,469.6307752132416
2824,1.0,0.0,0.0,16,0,0,13.52929139137268,69.25,1.0,1.6487212181091309,469.7974352836609
2825,1.0,0.0,0.0,16,0,0,13.540287911891937,71.375,1.0,1.6487212181091309,469.9668481349945
2826,1.0,0.0,0.0,16,0,0,13.559141635894775,68.75,1.0,1.6487212181091309,470.1336781978607
2827,1.0,0.0,0.0,16,0,0,13.56216025352478,65.3125,1.0,1.6487212181091309,470.2858102321625
2828,1.0,0.0,0.0,16,0,0,13.424714028835297,65.0,1.0,1.6487212181091309,470.43378043174744
2829,1.0,0.0,0.0,16,0,0,13.448612213134766,71.4375,1.0,1.6487212181091309,470.59591031074524
2830,1.0,0.0,0.0,16,0,0,13.360183238983154,66.8125,1.0,1.6487212181091309,470.7528944015503
2831,1.0,0.0,0.0,16,0,0,13.432969689369202,71.75,1.0,1.6487212181091309,470.9281063079834
2832,1.0,0.0,0.0,16,0,0,12.981618642807007,59.25,1.0,1.6487212181091309,471.0639123916626
2833,1.0,0.0,0.0,16,0,0,13.240939915180206,63.9375,1.0,1.6487212181091309,471.20997524261475
2834,1.0,0.0,0.0,16,0,0,13.44349604845047,68.5625,1.0,1.6487212181091309,471.36859011650085
2835,1.0,0.0,0.0,16,0,0,13.24345999956131,62.25,1.0,1.6487212181091309,471.51379203796387
2836,1.0,0.0,0.0,16,0,0,13.456949830055237,66.1875,1.0,1.6487212181091309,471.6624503135681
2837,1.0,0.0,0.0,16,0,0,13.334675073623657,64.375,1.0,1.6487212181091309,471.81565022468567
2838,1.0,0.0,0.0,16,0,0,13.473632276058197,64.3125,1.0,1.6487212181091309,471.9697279930115
2839,1.0,0.0,0.0,16,0,0,13.24705457687378,63.0625,1.0,1.6487212181091309,472.11083126068115
2840,1.0,0.0,0.0,16,0,0,13.317769587039948,64.9375,1.0,1.6487212181091309,472.2542941570282
2841,1.0,0.0,0.0,16,0,0,13.434399366378784,65.75,1.0,1.6487212181091309,472.40942430496216
2842,1.0,0.0,0.0,16,0,0,13.372813820838928,63.0,1.0,1.6487212181091309,472.56224632263184
2843,1.0,0.0,0.0,16,0,0,13.18588775396347,60.8125,1.0,1.6487212181091309,472.7082521915436
2844,1.0,0.0,0.0,16,0,0,13.21803742647171,65.875,1.0,1.6487212181091309,472.8660092353821
2845,1.0,0.0,0.0,16,0,0,13.426488757133484,65.125,1.0,1.6487212181091309,473.0113272666931
2846,1.0,0.0,0.0,16,0,0,13.320720374584198,61.875,1.0,1.6487212181091309,473.151034116745
2847,1.0,0.0,0.0,16,0,0,13.437785863876343,69.875,1.0,1.6487212181091309,473.3131341934204
2848,1.0,0.0,0.0,16,0,0,13.366276562213898,66.3125,1.0,1.6487212181091309,473.49330615997314
2849,1.0,0.0,0.0,16,0,0,13.359404265880585,65.25,1.0,1.6487212181091309,473.6408293247223
2850,1.0,0.0,0.0,16,0,0,13.276325821876526,67.5625,1.0,1.6487212181091309,473.79731130599976
2851,1.0,0.0,0.0,16,0,0,13.367531299591064,69.5625,1.0,1.6487212181091309,473.95803117752075
2852,1.0,0.0,0.0,16,0,0,13.356329262256622,64.3125,1.0,1.6487212181091309,474.1003942489624
2853,1.0,0.0,0.0,16,0,0,13.187911212444305,64.625,1.0,1.6487212181091309,474.2488341331482
2854,1.0,0.0,0.0,16,0,0,13.285403728485107,68.5625,1.0,1.6487212181091309,474.40412521362305
2855,1.0,0.0,0.0,16,0,0,13.48498821258545,64.5,1.0,1.6487212181091309,474.55221819877625
2856,1.0,0.0,0.0,16,0,0,13.513434946537018,66.5,1.0,1.6487212181091309,474.70845913887024
2857,1.0,0.0,0.0,16,0,0,13.412883162498474,67.0,1.0,1.6487212181091309,474.8740282058716
2858,1.0,0.0,0.0,16,0,0,13.219025135040283,63.5,1.0,1.6487212181091309,475.02308320999146
2859,1.0,0.0,0.0,16,0,0,13.43785560131073,62.9375,1.0,1.6487212181091309,475.1625053882599
2860,1.0,0.0,0.0,16,0,0,13.424493968486786,67.6875,1.0,1.6487212181091309,475.31695103645325
2861,1.0,0.0,0.0,16,0,0,13.382127821445465,66.4375,1.0,1.6487212181091309,475.48004245758057
2862,1.0,0.0,0.0,16,0,0,13.501488327980042,65.6875,1.0,1.6487212181091309,475.64541840553284
2863,1.0,0.0,0.0,16,0,0,13.35726135969162,65.0625,1.0,1.6487212181091309,475.7943642139435
2864,1.0,0.0,0.0,16,0,0,13.282701432704926,64.25,1.0,1.6487212181091309,475.9517140388489
2865,1.0,0.0,0.0,16,0,0,13.319990754127502,63.4375,1.0,1.6487212181091309,476.091605424881
2866,1.0,0.0,0.0,16,0,0,13.481224238872528,63.5625,1.0,1.6487212181091309,476.2542173862457
2867,1.0,0.0,0.0,16,0,0,13.518597543239594,68.8125,1.0,1.6487212181091309,476.41558933258057
2868,1.0,0.0,0.0,16,0,0,13.185908555984497,60.8125,1.0,1.6487212181091309,476.5793421268463
2869,1.0,0.0,0.0,16,0,0,13.325474798679352,60.25,1.0,1.6487212181091309,476.7327501773834
2870,1.0,0.0,0.0,16,0,0,13.28305047750473,62.9375,1.0,1.6487212181091309,476.87855315208435
2871,1.0,0.0,0.0,16,0,0,13.391669571399689,64.375,1.0,1.6487212181091309,477.02385115623474
2872,1.0,0.0,0.0,16,0,0,13.29659765958786,62.5,1.0,1.6487212181091309,477.1750361919403
2873,1.0,0.0,0.0,16,0,0,13.269538819789886,66.8125,1.0,1.6487212181091309,477.3339672088623
2874,1.0,0.0,0.0,16,0,0,13.508913218975067,72.5,1.0,1.6487212181091309,477.51065611839294
2875,1.0,0.0,0.0,16,0,0,13.31506609916687,65.4375,1.0,1.6487212181091309,477.6934561729431
2876,1.0,0.0,0.0,16,0,0,13.407527506351471,64.9375,1.0,1.6487212181091309,477.84944009780884
2877,1.0,0.0,0.0,16,0,0,13.309561371803284,64.5625,1.0,1.6487212181091309,478.1451950073242
2878,1.0,0.0,0.0,16,0,0,13.370882868766785,65.4375,1.0,1.6487212181091309,478.29110503196716
2879,1.0,0.0,0.0,16,0,0,13.416117370128632,72.875,1.0,1.6487212181091309,478.46605229377747
2880,1.0,0.0,0.0,16,0,0,13.420184791088104,64.875,1.0,1.6487212181091309,478.63109016418457
2881,1.0,0.0,0.0,16,0,0,13.536929607391357,65.9375,1.0,1.6487212181091309,478.80197525024414
2882,1.0,0.0,0.0,16,0,0,13.44040721654892,65.8125,1.0,1.6487212181091309,478.96242117881775
2883,1.0,0.0,0.0,16,0,0,13.324144184589386,66.5625,1.0,1.6487212181091309,479.1328372955322
2884,1.0,0.0,0.0,16,0,0,13.470134615898132,68.5625,1.0,1.6487212181091309,479.3033912181854
2885,1.0,0.0,0.0,16,0,0,13.534664392471313,70.4375,1.0,1.6487212181091309,479.4707751274109
2886,1.0,0.0,0.0,16,0,0,13.425390481948853,65.875,1.0,1.6487212181091309,479.6230351924896
2887,1.0,0.0,0.0,16,0,0,13.403481125831604,63.3125,1.0,1.6487212181091309,479.76611614227295
2888,1.0,0.0,0.0,16,0,0,13.536841690540314,65.8125,1.0,1.6487212181091309,479.92145109176636
2889,1.0,0.0,0.0,16,0,0,13.36539751291275,64.1875,1.0,1.6487212181091309,480.07872223854065
2890,1.0,0.0,0.0,16,0,0,13.414510786533356,65.125,1.0,1.6487212181091309,480.24490213394165
2891,1.0,0.0,0.0,16,0,0,13.262652814388275,64.6875,1.0,1.6487212181091309,480.4010682106018
2892,1.0,0.0,0.0,16,0,0,13.367737650871277,67.5,1.0,1.6487212181091309,480.55156230926514
2893,1.0,0.0,0.0,16,0,0,13.28109061717987,65.3125,1.0,1.6487212181091309,480.6995840072632
2894,1.0,0.0,0.0,16,0,0,13.415866613388062,65.8125,1.0,1.6487212181091309,480.8675832748413
2895,1.0,0.0,0.0,16,0,0,13.235776722431183,63.625,1.0,1.6487212181091309,481.0164952278137
2896,1.0,0.0,0.0,16,0,0,13.474317371845245,66.75,1.0,1.6487212181091309,481.1707742214203
2897,1.0,0.0,0.0,16,0,0,13.463297486305237,68.0625,1.0,1.6487212181091309,481.33870935440063
2898,1.0,0.0,0.0,16,0,0,13.35113275051117,63.1875,1.0,1.6487212181091309,481.5003981590271
2899,1.0,0.0,0.0,16,0,0,13.398643016815186,64.8125,1.0,1.6487212181091309,481.6680681705475
2900,1.0,0.0,0.0,16,0,0,13.372262120246887,70.5625,1.0,1.6487212181091309,481.8401973247528
2901,1.0,0.0,0.0,16,0,0,13.46865063905716,70.1875,1.0,1.6487212181091309,482.00242829322815
2902,1.0,0.0,0.0,16,0,0,13.464994609355927,67.8125,1.0,1.6487212181091309,482.16154623031616
2903,1.0,0.0,0.0,16,0,0,13.507233262062073,69.5625,1.0,1.6487212181091309,482.3352692127228
2904,1.0,0.0,0.0,16,0,0,13.406654834747314,66.625,1.0,1.6487212181091309,482.5004541873932
2905,1.0,0.0,0.0,16,0,0,13.348810911178589,65.0625,1.0,1.6487212181091309,482.66196727752686
2906,1.0,0.0,0.0,16,0,0,13.385546028614044,65.8125,1.0,1.6487212181091309,482.88996624946594
2907,1.0,0.0,0.0,16,0,0,13.34107095003128,62.125,1.0,1.6487212181091309,483.05070519447327
2908,1.0,0.0,0.0,16,0,0,13.282695651054382,65.8125,1.0,1.6487212181091309,483.2324171066284
2909,1.0,0.0,0.0,16,0,0,13.437918066978455,66.25,1.0,1.6487212181091309,483.46320104599
2910,1.0,0.0,0.0,16,0,0,13.344697177410126,64.9375,1.0,1.6487212181091309,483.6118493080139
2911,1.0,0.0,0.0,16,0,0,13.5611692070961,68.625,1.0,1.6487212181091309,483.7658591270447
2912,1.0,0.0,0.0,16,0,0,13.499787509441376,66.75,1.0,1.6487212181091309,483.93533420562744
2913,1.0,0.0,0.0,16,0,0,13.351355016231537,65.25,1.0,1.6487212181091309,484.08428740501404
2914,1.0,0.0,0.0,16,0,0,13.46044635772705,64.0,1.0,1.6487212181091309,484.2245681285858
2915,1.0,0.0,0.0,16,0,0,13.333530843257904,60.125,1.0,1.6487212181091309,484.35942339897156
2916,1.0,0.0,0.0,16,0,0,13.51164823770523,66.75,1.0,1.6487212181091309,484.5110881328583
2917,1.0,0.0,0.0,16,0,0,13.387540698051453,66.25,1.0,1.6487212181091309,484.6590530872345
2918,1.0,0.0,0.0,16,0,0,13.369587063789368,63.5625,1.0,1.6487212181091309,484.80027532577515
2919,1.0,0.0,0.0,16,0,0,13.45408034324646,65.5,1.0,1.6487212181091309,484.95232009887695
2920,1.0,0.0,0.0,16,0,0,13.290968596935272,64.375,1.0,1.6487212181091309,485.0999701023102
2921,1.0,0.0,0.0,16,0,0,13.488957107067108,69.25,1.0,1.6487212181091309,485.25616431236267
2922,1.0,0.0,0.0,16,0,0,13.414355099201202,63.75,1.0,1.6487212181091309,485.4001793861389
2923,1.0,0.0,0.0,16,0,0,13.446267068386078,65.0625,1.0,1.6487212181091309,485.54552030563354
2924,1.0,0.0,0.0,16,0,0,13.534651100635529,68.1875,1.0,1.6487212181091309,485.7008430957794
2925,1.0,0.0,0.0,16,0,0,13.371395468711853,66.25,1.0,1.6487212181091309,485.8467483520508
2926,1.0,0.0,0.0,16,0,0,13.41880989074707,68.9375,1.0,1.6487212181091309,486.0064413547516
2927,1.0,0.0,0.0,16,0,0,13.557489573955536,70.5625,1.0,1.6487212181091309,486.18926525115967
2928,1.0,0.0,0.0,16,0,0,13.567068040370941,72.125,1.0,1.6487212181091309,486.3481333255768
2929,1.0,0.0,0.0,16,0,0,13.504473209381104,66.9375,1.0,1.6487212181091309,486.49313735961914
2930,1.0,0.0,0.0,16,0,0,13.500646114349365,68.9375,1.0,1.6487212181091309,486.64344811439514
2931,1.0,0.0,0.0,16,0,0,13.436159253120422,65.375,1.0,1.6487212181091309,486.8095443248749
2932,1.0,0.0,0.0,16,0,0,13.31308364868164,64.0625,1.0,1.6487212181091309,486.9530680179596
2933,1.0,0.0,0.0,16,0,0,13.224490702152252,62.375,1.0,1.6487212181091309,487.08868622779846
2934,1.0,0.0,0.0,16,0,0,13.595056354999542,69.75,1.0,1.6487212181091309,487.23978328704834
2935,1.0,0.0,0.0,16,0,0,13.230485200881958,62.75,1.0,1.6487212181091309,487.379346370697
2936,1.0,0.0,0.0,16,0,0,13.409074544906616,65.1875,1.0,1.6487212181091309,487.5231533050537
2937,1.0,0.0,0.0,16,0,0,13.406963348388672,68.4375,1.0,1.6487212181091309,487.67193031311035
2938,1.0,0.0,0.0,16,0,0,13.447749376296997,69.0625,1.0,1.6487212181091309,487.8211603164673
2939,1.0,0.0,0.0,16,0,0,13.217919170856476,61.625,1.0,1.6487212181091309,487.95911026000977
2940,1.0,0.0,0.0,16,0,0,13.247850477695465,62.0625,1.0,1.6487212181091309,488.0966031551361
2941,1.0,0.0,0.0,16,0,0,13.379767298698425,67.4375,1.0,1.6487212181091309,488.2446012496948
2942,1.0,0.0,0.0,16,0,0,13.41036707162857,62.6875,1.0,1.6487212181091309,488.38143014907837
2943,1.0,0.0,0.0,16,0,0,13.28373372554779,64.625,1.0,1.6487212181091309,488.5231590270996
2944,1.0,0.0,0.0,16,0,0,13.392219722270966,63.9375,1.0,1.6487212181091309,488.6614661216736
2945,1.0,0.0,0.0,16,0,0,13.354862332344055,65.875,1.0,1.6487212181091309,488.807430267334
2946,1.0,0.0,0.0,16,0,0,13.480390667915344,69.4375,1.0,1.6487212181091309,488.9579792022705
2947,1.0,0.0,0.0,16,0,0,13.172961294651031,59.75,1.0,1.6487212181091309,489.0913462638855
2948,1.0,0.0,0.0,16,0,0,13.542643249034882,66.3125,1.0,1.6487212181091309,489.23614835739136
2949,1.0,0.0,0.0,16,0,0,13.304322242736816,66.0,1.0,1.6487212181091309,489.38009810447693
2950,1.0,0.0,0.0,16,0,0,13.274796783924103,66.375,1.0,1.6487212181091309,489.53269934654236
2951,1.0,0.0,0.0,16,0,0,13.757594585418701,73.625,1.0,1.6487212181091309,489.69259905815125
2952,1.0,0.0,0.0,16,0,0,13.388615667819977,66.0625,1.0,1.6487212181091309,489.8371932506561
2953,1.0,0.0,0.0,16,0,0,13.32348257303238,67.125,1.0,1.6487212181091309,489.9881453514099
2954,1.0,0.0,0.0,16,0,0,13.401780545711517,68.0,1.0,1.6487212181091309,490.15460419654846
2955,1.0,0.0,0.0,16,0,0,13.253684043884277,63.625,1.0,1.6487212181091309,490.2932412624359
2956,1.0,0.0,0.0,16,0,0,13.320863127708435,64.5625,1.0,1.6487212181091309,490.4356300830841
2957,1.0,0.0,0.0,16,0,0,13.446756839752197,67.8125,1.0,1.6487212181091309,490.5815680027008
2958,1.0,0.0,0.0,16,0,0,13.451512277126312,66.25,1.0,1.6487212181091309,490.72497940063477
2959,1.0,0.0,0.0,16,0,0,13.469478368759155,73.125,1.0,1.6487212181091309,490.8873600959778
2960,1.0,0.0,0.0,16,0,0,13.429193377494812,65.4375,1.0,1.6487212181091309,491.0326521396637
2961,1.0,0.0,0.0,16,0,0,13.437801122665405,67.75,1.0,1.6487212181091309,491.1808121204376
2962,1.0,0.0,0.0,16,0,0,13.573412418365479,71.625,1.0,1.6487212181091309,491.3380563259125
2963,1.0,0.0,0.0,16,0,0,13.392542779445648,66.4375,1.0,1.6487212181091309,491.48257207870483
2964,1.0,0.0,0.0,16,0,0,13.343766629695892,66.1875,1.0,1.6487212181091309,491.6265814304352
2965,1.0,0.0,0.0,16,0,0,13.342569530010223,67.8125,1.0,1.6487212181091309,491.7722873687744
2966,1.0,0.0,0.0,16,0,0,13.357120931148529,68.625,1.0,1.6487212181091309,491.9212191104889
2967,1.0,0.0,0.0,16,0,0,13.228257238864899,62.3125,1.0,1.6487212181091309,492.0565323829651
2968,1.0,0.0,0.0,16,0,0,13.271346628665924,62.625,1.0,1.6487212181091309,492.23630833625793
2969,1.0,0.0,0.0,16,0,0,13.302294492721558,62.375,1.0,1.6487212181091309,492.3767042160034
2970,1.0,0.0,0.0,16,0,0,13.274822473526001,63.4375,1.0,1.6487212181091309,492.52011919021606
2971,1.0,0.0,0.0,16,0,0,13.334397077560425,61.6875,1.0,1.6487212181091309,492.66152238845825
2972,1.0,0.0,0.0,16,0,0,13.46929270029068,68.625,1.0,1.6487212181091309,492.81518721580505
2973,1.0,0.0,0.0,16,0,0,13.441670954227448,67.25,1.0,1.6487212181091309,492.9638090133667
2974,1.0,0.0,0.0,16,0,0,13.374093651771545,68.875,1.0,1.6487212181091309,493.1243722438812
2975,1.0,0.0,0.0,16,0,0,13.3986194729805,62.625,1.0,1.6487212181091309,493.26280331611633
2976,1.0,0.0,0.0,16,0,0,13.511889517307281,69.4375,1.0,1.6487212181091309,493.4184761047363
2977,1.0,0.0,0.0,16,0,0,13.577368021011353,72.5625,1.0,1.6487212181091309,493.57831501960754
2978,1.0,0.0,0.0,16,0,0,13.610992789268494,71.375,1.0,1.6487212181091309,493.73731422424316
2979,1.0,0.0,0.0,16,0,0,13.34057903289795,65.125,1.0,1.6487212181091309,493.88703632354736
2980,1.0,0.0,0.0,16,0,0,13.553895473480225,69.9375,1.0,1.6487212181091309,494.0429832935333
2981,1.0,0.0,0.0,16,0,0,13.388724446296692,68.0,1.0,1.6487212181091309,494.19589829444885
2982,1.0,0.0,0.0,16,0,0,13.352834582328796,63.6875,1.0,1.6487212181091309,494.3466181755066
2983,1.0,0.0,0.0,16,0,0,13.224831640720367,57.1875,1.0,1.6487212181091309,494.4761781692505
2984,1.0,0.0,0.0,16,0,0,13.329006731510162,62.8125,1.0,1.6487212181091309,494.62524008750916
2985,1.0,0.0,0.0,16,0,0,13.452325761318207,66.1875,1.0,1.6487212181091309,494.7725121974945
2986,1.0,0.0,0.0,16,0,0,13.263444066047668,65.875,1.0,1.6487212181091309,494.92047119140625
2987,1.0,0.0,0.0,16,0,0,13.33182966709137,65.0,1.0,1.6487212181091309,495.07616925239563
2988,1.0,0.0,0.0,16,0,0,13.463139653205872,69.375,1.0,1.6487212181091309,495.2325141429901
2989,1.0,0.0,0.0,16,0,0,13.413118183612823,65.9375,1.0,1.6487212181091309,495.38155126571655
2990,1.0,0.0,0.0,16,0,0,13.448550879955292,66.5,1.0,1.6487212181091309,495.52912521362305
2991,1.0,0.0,0.0,16,0,0,13.409400343894958,63.6875,1.0,1.6487212181091309,495.6716101169586
2992,1.0,0.0,0.0,16,0,0,13.432269275188446,67.875,1.0,1.6487212181091309,495.8243131637573
2993,1.0,0.0,0.0,16,0,0,13.539007663726807,63.6875,1.0,1.6487212181091309,495.9658763408661
2994,1.0,0.0,0.0,16,0,0,13.506037056446075,61.5,1.0,1.6487212181091309,496.10674715042114
2995,1.0,0.0,0.0,16,0,0,13.558818519115448,65.75,1.0,1.6487212181091309,496.25156712532043
2996,1.0,0.0,0.0,16,0,0,13.505223393440247,66.8125,1.0,1.6487212181091309,496.4101240634918
2997,1.0,0.0,0.0,16,0,0,13.398732423782349,64.1875,1.0,1.6487212181091309,496.55528116226196
2998,1.0,0.0,0.0,16,0,0,13.474256873130798,61.25,1.0,1.6487212181091309,496.694785118103
2999,1.0,0.0,0.0,16,0,0,13.348741829395294,59.9375,1.0,1.6487212181091309,496.82831931114197
3000,1.0,0.0,0.0,16,0,0,13.566187620162964,72.875,1.0,1.6487212181091309,496.99149322509766
3001,1.0,0.0,0.0,16,0,0,13.540034353733063,69.4375,1.0,1.6487212181091309,497.1492552757263
3002,1.0,0.0,0.0,16,0,0,13.533855319023132,68.75,1.0,1.6487212181091309,497.30201721191406
3003,1.0,0.0,0.0,16,0,0,13.29344516992569,65.375,1.0,1.6487212181091309,497.4464671611786
3004,1.0,0.0,0.0,16,0,0,13.391354858875275,63.375,1.0,1.6487212181091309,497.5853362083435
3005,1.0,0.0,0.0,16,0,0,13.327065169811249,64.9375,1.0,1.6487212181091309,497.73107719421387
3006,1.0,0.0,0.0,16,0,0,13.313060879707336,63.4375,1.0,1.6487212181091309,497.87475514411926
3007,1.0,0.0,0.0,16,0,0,13.315378606319427,62.75,1.0,1.6487212181091309,498.014062166214
3008,1.0,0.0,0.0,16,0,0,13.44344562292099,65.8125,1.0,1.6487212181091309,498.1636881828308
3009,1.0,0.0,0.0,16,0,0,13.63833463191986,71.1875,1.0,1.6487212181091309,498.31998014450073
3010,1.0,0.0,0.0,16,0,0,13.496800541877747,72.625,1.0,1.6487212181091309,498.5033133029938
3011,1.0,0.0,0.0,16,0,0,13.454515755176544,64.625,1.0,1.6487212181091309,498.65209317207336
3012,1.0,0.0,0.0,16,0,0,13.4378462433815,68.75,1.0,1.6487212181091309,498.80179023742676
3013,1.0,0.0,0.0,16,0,0,13.339263081550598,64.0625,1.0,1.6487212181091309,498.94393825531006
3014,1.0,0.0,0.0,16,0,0,13.457865357398987,67.6875,1.0,1.6487212181091309,499.0951900482178
3015,1.0,0.0,0.0,16,0,0,13.664872169494629,69.125,1.0,1.6487212181091309,499.2464392185211
3016,1.0,0.0,0.0,16,0,0,13.50911259651184,67.75,1.0,1.6487212181091309,499.39335322380066
3017,1.0,0.0,0.0,16,0,0,13.460561633110046,63.0625,1.0,1.6487212181091309,499.53386926651
3018,1.0,0.0,0.0,16,0,0,13.663194239139557,70.875,1.0,1.6487212181091309,499.6865704059601
3019,1.0,0.0,0.0,16,0,0,13.266150057315826,61.125,1.0,1.6487212181091309,499.8193430900574
3020,1.0,0.0,0.0,16,0,0,13.489395201206207,68.75,1.0,1.6487212181091309,499.96852135658264
3021,1.0,0.0,0.0,16,0,0,13.34077674150467,61.625,1.0,1.6487212181091309,500.1017253398895
3022,1.0,0.0,0.0,16,0,0,13.413400053977966,66.0625,1.0,1.6487212181091309,500.2586102485657
3023,1.0,0.0,0.0,16,0,0,13.255046010017395,62.0625,1.0,1.6487212181091309,500.3976020812988
3024,1.0,0.0,0.0,16,0,0,13.35500419139862,64.9375,1.0,1.6487212181091309,500.57049322128296
3025,1.0,0.0,0.0,16,0,0,13.53345263004303,69.25,1.0,1.6487212181091309,500.72221636772156
3026,1.0,0.0,0.0,16,0,0,13.357649505138397,62.6875,1.0,1.6487212181091309,500.85830330848694
3027,1.0,0.0,0.0,16,0,0,13.2989701628685,65.5625,1.0,1.6487212181091309,501.0014362335205
3028,1.0,0.0,0.0,16,0,0,13.340789020061493,65.375,1.0,1.6487212181091309,501.1524062156677
3029,1.0,0.0,0.0,16,0,0,13.44614440202713,66.6875,1.0,1.6487212181091309,501.3013412952423
3030,1.0,0.0,0.0,16,0,0,13.453048467636108,69.5625,1.0,1.6487212181091309,501.4520072937012
3031,1.0,0.0,0.0,16,0,0,13.305636167526245,68.0,1.0,1.6487212181091309,501.60093212127686
3032,1.0,0.0,0.0,16,0,0,13.501215934753418,64.0,1.0,1.6487212181091309,501.73888635635376
3033,1.0,0.0,0.0,16,0,0,13.371474742889404,60.875,1.0,1.6487212181091309,501.8778603076935
3034,1.0,0.0,0.0,16,0,0,13.503057181835175,69.875,1.0,1.6487212181091309,502.0298511981964
3035,1.0,0.0,0.0,16,0,0,13.41223657131195,66.625,1.0,1.6487212181091309,502.17502427101135
3036,1.0,0.0,0.0,16,0,0,13.415791273117065,65.125,1.0,1.6487212181091309,502.31584000587463
3037,1.0,0.0,0.0,16,0,0,13.524402499198914,69.0,1.0,1.6487212181091309,502.46666646003723
3038,1.0,0.0,0.0,16,0,0,13.203827142715454,66.3125,1.0,1.6487212181091309,502.6495101451874
3039,1.0,0.0,0.0,16,0,0,13.476087391376495,69.875,1.0,1.6487212181091309,502.8039801120758
3040,1.0,0.0,0.0,16,0,0,13.127604961395264,60.375,1.0,1.6487212181091309,502.9481830596924
3041,1.0,0.0,0.0,16,0,0,13.3218794465065,63.5,1.0,1.6487212181091309,503.09019327163696
3042,1.0,0.0,0.0,16,0,0,13.576753318309784,72.6875,1.0,1.6487212181091309,503.25286412239075
3043,1.0,0.0,0.0,16,0,0,13.411744058132172,66.75,1.0,1.6487212181091309,503.4059991836548
3044,1.0,0.0,0.0,16,0,0,13.249792456626892,63.9375,1.0,1.6487212181091309,503.5529363155365
3045,1.0,0.0,0.0,16,0,0,13.353205144405365,65.75,1.0,1.6487212181091309,503.69842529296875
3046,1.0,0.0,0.0,16,0,0,13.569330632686615,68.375,1.0,1.6487212181091309,503.84993839263916
3047,1.0,0.0,0.0,16,0,0,13.441145300865173,68.5,1.0,1.6487212181091309,504.0007312297821
3048,1.0,0.0,0.0,16,0,0,13.420328319072723,65.4375,1.0,1.6487212181091309,504.14695930480957
3049,1.0,0.0,0.0,16,0,0,13.452470481395721,65.625,1.0,1.6487212181091309,504.293062210083
3050,1.0,0.0,0.0,16,0,0,13.495625615119934,69.4375,1.0,1.6487212181091309,504.4488573074341
3051,1.0,0.0,0.0,16,0,0,13.423993408679962,65.8125,1.0,1.6487212181091309,504.5981411933899
3052,1.0,0.0,0.0,16,0,0,13.282133519649506,60.375,1.0,1.6487212181091309,504.7413160800934
3053,1.0,0.0,0.0,16,0,0,13.549399852752686,65.125,1.0,1.6487212181091309,504.88958835601807
3054,1.0,0.0,0.0,16,0,0,13.369272530078888,63.875,1.0,1.6487212181091309,505.0311162471771
3055,1.0,0.0,0.0,16,0,0,13.45246148109436,66.6875,1.0,1.6487212181091309,505.18137526512146
3056,1.0,0.0,0.0,16,0,0,13.425070345401764,67.75,1.0,1.6487212181091309,505.3363461494446
3057,1.0,0.0,0.0,16,0,0,13.382462322711945,66.875,1.0,1.6487212181091309,505.48777532577515
3058,1.0,0.0,0.0,16,0,0,13.35397332906723,63.25,1.0,1.6487212181091309,505.63107419013977
3059,1.0,0.0,0.0,16,0,0,13.790370345115662,73.0,1.0,1.6487212181091309,505.7986490726471
3060,1.0,0.0,0.0,16,0,0,13.35328096151352,63.9375,1.0,1.6487212181091309,505.9407444000244
3061,1.0,0.0,0.0,16,0,0,13.617362022399902,67.875,1.0,1.6487212181091309,506.0961582660675
3062,1.0,0.0,0.0,16,0,0,13.515076696872711,65.6875,1.0,1.6487212181091309,506.2508463859558
3063,1.0,0.0,0.0,16,0,0,13.514291405677795,68.75,1.0,1.6487212181091309,506.40454626083374
3064,1.0,0.0,0.0,16,0,0,13.304488599300385,65.375,1.0,1.6487212181091309,506.5506203174591
3065,1.0,0.0,0.0,16,0,0,13.37209939956665,68.5,1.0,1.6487212181091309,506.706148147583
3066,1.0,0.0,0.0,16,0,0,13.448804080486298,66.4375,1.0,1.6487212181091309,506.869900226593
3067,1.0,0.0,0.0,16,0,0,13.57157838344574,70.5625,1.0,1.6487212181091309,507.0341441631317
3068,1.0,0.0,0.0,16,0,0,13.346652925014496,65.4375,1.0,1.6487212181091309,507.1815342903137
3069,1.0,0.0,0.0,16,0,0,13.396503925323486,66.1875,1.0,1.6487212181091309,507.33009934425354
3070,1.0,0.0,0.0,16,0,0,13.402806043624878,66.375,1.0,1.6487212181091309,507.4820213317871
3071,1.0,0.0,0.0,16,0,0,13.488505959510803,66.0,1.0,1.6487212181091309,507.6316342353821
3072,1.0,0.0,0.0,16,0,0,13.467824637889862,69.75,1.0,1.6487212181091309,507.7863931655884
3073,1.0,0.0,0.0,16,0,0,13.332886934280396,63.0625,1.0,1.6487212181091309,507.9266984462738
3074,1.0,0.0,0.0,16,0,0,13.43808925151825,62.25,1.0,1.6487212181091309,508.0648491382599
3075,1.0,0.0,0.0,16,0,0,13.404107630252838,66.75,1.0,1.6487212181091309,508.21702241897583
3076,1.0,0.0,0.0,16,0,0,13.671528279781342,71.875,1.0,1.6487212181091309,508.37737131118774
3077,1.0,0.0,0.0,16,0,0,13.2057004570961,61.125,1.0,1.6487212181091309,508.5136640071869
3078,1.0,0.0,0.0,16,0,0,13.498020112514496,69.9375,1.0,1.6487212181091309,508.6696970462799
3079,1.0,0.0,0.0,16,0,0,13.48546975851059,68.9375,1.0,1.6487212181091309,508.82224106788635
3080,1.0,0.0,0.0,16,0,0,13.58594024181366,68.75,1.0,1.6487212181091309,508.978413105011
3081,1.0,0.0,0.0,16,0,0,13.319835007190704,62.0,1.0,1.6487212181091309,509.1221652030945
3082,1.0,0.0,0.0,16,0,0,13.471610724925995,72.75,1.0,1.6487212181091309,509.2865180969238
3083,1.0,0.0,0.0,16,0,0,13.536265015602112,68.5625,1.0,1.6487212181091309,509.43944239616394
3084,1.0,0.0,0.0,16,0,0,13.545208871364594,64.25,1.0,1.6487212181091309,509.5837833881378
3085,1.0,0.0,0.0,16,0,0,13.375278949737549,64.625,1.0,1.6487212181091309,509.7286503314972
3086,1.0,0.0,0.0,16,0,0,13.508549511432648,66.5625,1.0,1.6487212181091309,509.87876415252686
3087,1.0,0.0,0.0,16,0,0,13.575362265110016,68.25,1.0,1.6487212181091309,510.0322051048279
3088,1.0,0.0,0.0,16,0,0,13.188389420509338,60.75,1.0,1.6487212181091309,510.16778326034546
3089,1.0,0.0,0.0,16,0,0,13.520260095596313,69.5,1.0,1.6487212181091309,510.32007122039795
3090,1.0,0.0,0.0,16,0,0,13.240565419197083,62.5625,1.0,1.6487212181091309,510.4583921432495
3091,1.0,0.0,0.0,16,0,0,13.243775248527527,61.5625,1.0,1.6487212181091309,510.5982813835144
3092,1.0,0.0,0.0,16,0,0,13.375030398368835,64.8125,1.0,1.6487212181091309,510.74100136756897
3093,1.0,0.0,0.0,16,0,0,13.396850764751434,67.5,1.0,1.6487212181091309,510.88821721076965
3094,1.0,0.0,0.0,16,0,0,13.110281705856323,61.0625,1.0,1.6487212181091309,511.02808022499084
3095,1.0,0.0,0.0,16,0,0,13.470158874988556,68.4375,1.0,1.6487212181091309,511.18816018104553
3096,1.0,0.0,0.0,16,0,0,13.132089018821716,63.5,1.0,1.6487212181091309,511.3321921825409
3097,1.0,0.0,0.0,16,0,0,13.592828214168549,66.4375,1.0,1.6487212181091309,511.4815182685852
3098,1.0,0.0,0.0,16,0,0,13.411165356636047,66.9375,1.0,1.6487212181091309,511.6285991668701
3099,1.0,0.0,0.0,16,0,0,13.432577908039093,66.875,1.0,1.6487212181091309,511.78000116348267
3100,1.0,0.0,0.0,16,0,0,13.407739043235779,67.4375,1.0,1.6487212181091309,511.931143283844
3101,1.0,0.0,0.0,16,0,0,13.3311687707901,68.0625,1.0,1.6487212181091309,512.0808732509613
3102,1.0,0.0,0.0,16,0,0,13.423908233642578,64.875,1.0,1.6487212181091309,512.2228894233704
3103,1.0,0.0,0.0,16,0,0,13.395318388938904,65.625,1.0,1.6487212181091309,512.3732371330261
3104,1.0,0.0,0.0,16,0,0,13.284507095813751,61.1875,1.0,1.6487212181091309,512.5125250816345
3105,1.0,0.0,0.0,16,0,0,13.462327420711517,63.25,1.0,1.6487212181091309,512.6570222377777
3106,1.0,0.0,0.0,16,0,0,13.26908951997757,63.3125,1.0,1.6487212181091309,512.803150177002
3107,1.0,0.0,0.0,16,0,0,13.442845642566681,65.4375,1.0,1.6487212181091309,512.9558253288269
3108,1.0,0.0,0.0,16,0,0,13.220997989177704,66.75,1.0,1.6487212181091309,513.1082990169525
3109,1.0,0.0,0.0,16,0,0,13.447463989257812,64.6875,1.0,1.6487212181091309,513.2553043365479
3110,1.0,0.0,0.0,16,0,0,13.52053713798523,72.0,1.0,1.6487212181091309,513.4115512371063
3111,1.0,0.0,0.0,16,0,0,13.451810359954834,62.9375,1.0,1.6487212181091309,513.5519323348999
3112,1.0,0.0,0.0,16,0,0,13.307015538215637,61.375,1.0,1.6487212181091309,513.6895492076874
3113,1.0,0.0,0.0,16,0,0,13.377435445785522,67.375,1.0,1.6487212181091309,513.838876247406
3114,1.0,0.0,0.0,16,0,0,13.521937787532806,71.9375,1.0,1.6487212181091309,513.9989130496979
3115,1.0,0.0,0.0,16,0,0,13.390536487102509,69.6875,1.0,1.6487212181091309,514.1536002159119
3116,1.0,0.0,0.0,16,0,0,13.274053454399109,60.5,1.0,1.6487212181091309,514.2895102500916
3117,1.0,0.0,0.0,16,0,0,13.315789699554443,65.0625,1.0,1.6487212181091309,514.436439037323
3118,1.0,0.0,0.0,16,0,0,13.336124837398529,65.125,1.0,1.6487212181091309,514.5818481445312
3119,1.0,0.0,0.0,16,0,0,13.486504018306732,68.5,1.0,1.6487212181091309,514.733870267868
3120,1.0,0.0,0.0,16,0,0,13.563689231872559,69.0625,1.0,1.6487212181091309,514.8922922611237
3121,1.0,0.0,0.0,16,0,0,13.456789433956146,67.375,1.0,1.6487212181091309,515.0433592796326
3122,1.0,0.0,0.0,16,0,0,13.394580721855164,65.9375,1.0,1.6487212181091309,515.1994912624359
3123,1.0,0.0,0.0,16,0,0,13.529264569282532,66.6875,1.0,1.6487212181091309,515.3526673316956
3124,1.0,0.0,0.0,16,0,0,13.39544141292572,67.0,1.0,1.6487212181091309,515.5003252029419
3125,1.0,0.0,0.0,16,0,0,13.488042414188385,68.875,1.0,1.6487212181091309,515.6601452827454
3126,1.0,0.0,0.0,16,0,0,13.50817346572876,65.0,1.0,1.6487212181091309,515.8061392307281
3127,1.0,0.0,0.0,16,0,0,13.46668815612793,67.5625,1.0,1.6487212181091309,515.9543552398682
3128,1.0,0.0,0.0,16,0,0,13.306313216686249,61.625,1.0,1.6487212181091309,516.0930182933807
3129,1.0,0.0,0.0,16,0,0,13.41190379858017,66.5625,1.0,1.6487212181091309,516.243301153183
3130,1.0,0.0,0.0,16,0,0,13.398136556148529,65.625,1.0,1.6487212181091309,516.3870294094086
3131,1.0,0.0,0.0,16,0,0,13.403223097324371,68.25,1.0,1.6487212181091309,516.537828207016
3132,1.0,0.0,0.0,16,0,0,13.288379311561584,63.75,1.0,1.6487212181091309,516.6775691509247
3133,1.0,0.0,0.0,16,0,0,13.390462398529053,64.1875,1.0,1.6487212181091309,516.8245403766632
3134,1.0,0.0,0.0,16,0,0,13.38905793428421,63.0,1.0,1.6487212181091309,516.9633312225342
3135,1.0,0.0,0.0,16,0,0,13.491598904132843,66.75,1.0,1.6487212181091309,517.1076211929321
3136,1.0,0.0,0.0,16,0,0,13.412850737571716,65.0625,1.0,1.6487212181091309,517.263530254364
3137,1.0,0.0,0.0,16,0,0,13.51795619726181,67.875,1.0,1.6487212181091309,517.4149632453918
3138,1.0,0.0,0.0,16,0,0,13.237293720245361,63.75,1.0,1.6487212181091309,517.5571072101593
3139,1.0,0.0,0.0,16,0,0,13.42926687002182,67.125,1.0,1.6487212181091309,517.7045161724091
3140,1.0,0.0,0.0,16,0,0,13.260243356227875,63.375,1.0,1.6487212181091309,517.8483803272247
3141,1.0,0.0,0.0,16,0,0,13.516352236270905,66.0625,1.0,1.6487212181091309,517.9972920417786
3142,1.0,0.0,0.0,16,0,0,13.419533789157867,66.25,1.0,1.6487212181091309,518.1479432582855
3143,1.0,0.0,0.0,16,0,0,13.459165751934052,64.375,1.0,1.6487212181091309,518.2916221618652
3144,1.0,0.0,0.0,16,0,0,13.384155571460724,68.3125,1.0,1.6487212181091309,518.4437391757965
3145,1.0,0.0,0.0,16,0,0,13.257114470005035,63.5625,1.0,1.6487212181091309,518.5850250720978
3146,1.0,0.0,0.0,16,0,0,13.516908884048462,67.4375,1.0,1.6487212181091309,518.7313501834869
3147,1.0,0.0,0.0,16,0,0,13.404779613018036,64.0,1.0,1.6487212181091309,518.87215924263
3148,1.0,0.0,0.0,16,0,0,13.527055501937866,65.9375,1.0,1.6487212181091309,519.0209221839905
3149,1.0,0.0,0.0,16,0,0,13.288196980953217,65.625,1.0,1.6487212181091309,519.171605348587
3150,1.0,0.0,0.0,16,0,0,13.184867441654205,60.125,1.0,1.6487212181091309,519.3225553035736
3151,1.0,0.0,0.0,16,0,0,13.426594316959381,64.0625,1.0,1.6487212181091309,519.4676012992859
3152,1.0,0.0,0.0,16,0,0,13.313233137130737,61.8125,1.0,1.6487212181091309,519.6054503917694
3153,1.0,0.0,0.0,16,0,0,13.296966254711151,62.875,1.0,1.6487212181091309,519.7463281154633
3154,1.0,0.0,0.0,16,0,0,13.553263127803802,72.125,1.0,1.6487212181091309,519.9115371704102
3155,1.0,0.0,0.0,16,0,0,13.411563634872437,64.5625,1.0,1.6487212181091309,520.0536332130432
3156,1.0,0.0,0.0,16,0,0,13.500840604305267,64.8125,1.0,1.6487212181091309,520.1985573768616
3157,1.0,0.0,0.0,16,0,0,13.44994169473648,69.3125,1.0,1.6487212181091309,520.3563623428345
3158,1.0,0.0,0.0,16,0,0,13.402086675167084,65.8125,1.0,1.6487212181091309,520.504251241684
3159,1.0,0.0,0.0,16,0,0,13.339312553405762,63.75,1.0,1.6487212181091309,520.6459991931915
3160,1.0,0.0,0.0,16,0,0,13.228213369846344,59.375,1.0,1.6487212181091309,520.7794103622437
3161,1.0,0.0,0.0,16,0,0,13.411488056182861,64.75,1.0,1.6487212181091309,520.9236421585083
3162,1.0,0.0,0.0,16,0,0,13.27669233083725,66.0625,1.0,1.6487212181091309,521.0736751556396
3163,1.0,0.0,0.0,16,0,0,13.32617175579071,66.875,1.0,1.6487212181091309,521.2236154079437
3164,1.0,0.0,0.0,16,0,0,13.323922634124756,63.9375,1.0,1.6487212181091309,521.3916070461273
3165,1.0,0.0,0.0,16,0,0,13.269249737262726,64.125,1.0,1.6487212181091309,521.5428893566132
3166,1.0,0.0,0.0,16,0,0,13.412567257881165,69.9375,1.0,1.6487212181091309,521.7013282775879
3167,1.0,0.0,0.0,16,0,0,13.361889779567719,65.4375,1.0,1.6487212181091309,521.8490233421326
3168,1.0,0.0,0.0,16,0,0,13.166040897369385,63.6875,1.0,1.6487212181091309,521.9880292415619
3169,1.0,0.0,0.0,16,0,0,13.284022450447083,64.1875,1.0,1.6487212181091309,522.1441321372986
3170,1.0,0.0,0.0,16,0,0,13.541522979736328,64.8125,1.0,1.6487212181091309,522.2874681949615
3171,1.0,0.0,0.0,16,0,0,13.54680061340332,64.3125,1.0,1.6487212181091309,522.4334740638733
3172,1.0,0.0,0.0,16,0,0,13.461875140666962,67.6875,1.0,1.6487212181091309,522.5830571651459
3173,1.0,0.0,0.0,16,0,0,13.263931453227997,66.375,1.0,1.6487212181091309,522.728479385376
3174,1.0,0.0,0.0,16,0,0,13.586955964565277,73.125,1.0,1.6487212181091309,522.8989102840424
3175,1.0,0.0,0.0,16,0,0,13.519992887973785,66.5625,1.0,1.6487212181091309,523.0533223152161
3176,1.0,0.0,0.0,16,0,0,13.378544569015503,62.4375,1.0,1.6487212181091309,523.1937212944031
3177,1.0,0.0,0.0,16,0,0,13.244325399398804,58.9375,1.0,1.6487212181091309,523.3262922763824
3178,1.0,0.0,0.0,16,0,0,13.476529777050018,66.5,1.0,1.6487212181091309,523.5019063949585
3179,1.0,0.0,0.0,16,0,0,13.437950134277344,67.6875,1.0,1.6487212181091309,523.6544601917267
3180,1.0,0.0,0.0,16,0,0,13.209500849246979,59.0625,1.0,1.6487212181091309,523.7871973514557
3181,1.0,0.0,0.0,16,0,0,13.55529260635376,69.3125,1.0,1.6487212181091309,523.9442024230957
3182,1.0,0.0,0.0,16,0,0,13.404536426067352,67.5625,1.0,1.6487212181091309,524.0947823524475
3183,1.0,0.0,0.0,16,0,0,13.286752223968506,60.6875,1.0,1.6487212181091309,524.229816198349
3184,1.0,0.0,0.0,16,0,0,13.38800573348999,70.3125,1.0,1.6487212181091309,524.3850061893463
3185,1.0,0.0,0.0,16,0,0,13.34984415769577,63.0625,1.0,1.6487212181091309,524.5246341228485
3186,1.0,0.0,0.0,16,0,0,13.058533072471619,67.3125,1.0,1.6487212181091309,524.6731193065643
3187,1.0,0.0,0.0,16,0,0,13.434275805950165,63.875,1.0,1.6487212181091309,524.813862323761
3188,1.0,0.0,0.0,16,0,0,13.376614093780518,64.0625,1.0,1.6487212181091309,524.959771156311
3189,1.0,0.0,0.0,16,0,0,13.408612072467804,68.75,1.0,1.6487212181091309,525.1162512302399
3190,1.0,0.0,0.0,16,0,0,13.417720139026642,67.1875,1.0,1.6487212181091309,525.2656011581421
3191,1.0,0.0,0.0,16,0,0,13.497638463973999,68.6875,1.0,1.6487212181091309,525.4196753501892
3192,1.0,0.0,0.0,16,0,0,13.354848384857178,65.625,1.0,1.6487212181091309,525.5948672294617
3193,1.0,0.0,0.0,16,0,0,13.483397841453552,71.125,1.0,1.6487212181091309,525.7528550624847
3194,1.0,0.0,0.0,16,0,0,13.388388931751251,64.0,1.0,1.6487212181091309,525.8966581821442
3195,1.0,0.0,0.0,16,0,0,13.52119529247284,72.875,1.0,1.6487212181091309,526.0633561611176
3196,1.0,0.0,0.0,16,0,0,13.249743103981018,65.375,1.0,1.6487212181091309,526.2073032855988
3197,1.0,0.0,0.0,16,0,0,13.448783159255981,70.125,1.0,1.6487212181091309,526.3628661632538
3198,1.0,0.0,0.0,16,0,0,13.475877106189728,63.1875,1.0,1.6487212181091309,526.5023181438446
3199,1.0,0.0,0.0,16,0,0,13.344115912914276,63.75,1.0,1.6487212181091309,526.6469712257385
3200,1.0,0.0,0.0,16,0,0,13.413358569145203,64.5625,1.0,1.6487212181091309,526.7888162136078
3201,1.0,0.0,0.0,16,0,0,13.400519788265228,64.9375,1.0,1.6487212181091309,526.9347944259644
3202,1.0,0.0,0.0,16,0,0,13.40231454372406,66.8125,1.0,1.6487212181091309,527.0814220905304
3203,1.0,0.0,0.0,16,0,0,13.32596868276596,68.25,1.0,1.6487212181091309,527.2335772514343
3204,1.0,0.0,0.0,16,0,0,13.443744242191315,70.6875,1.0,1.6487212181091309,527.3901340961456
3205,1.0,0.0,0.0,16,0,0,13.286941289901733,66.75,1.0,1.6487212181091309,527.537985086441
3206,1.0,0.0,0.0,16,0,0,13.473340272903442,66.0,1.0,1.6487212181091309,527.6980402469635
3207,1.0,0.0,0.0,16,0,0,13.477080583572388,68.125,1.0,1.6487212181091309,527.8563823699951
3208,1.0,0.0,0.0,16,0,0,13.446877241134644,67.125,1.0,1.6487212181091309,528.0094141960144
3209,1.0,0.0,0.0,16,0,0,13.497264921665192,67.5625,1.0,1.6487212181091309,528.1588582992554
3210,1.0,0.0,0.0,16,0,0,13.35368674993515,66.625,1.0,1.6487212181091309,528.3090422153473
3211,1.0,0.0,0.0,16,0,0,13.188987076282501,64.125,1.0,1.6487212181091309,528.453488111496
3212,1.0,0.0,0.0,16,0,0,13.291991710662842,60.9375,1.0,1.6487212181091309,528.5918152332306
3213,1.0,0.0,0.0,16,0,0,13.342190384864807,66.3125,1.0,1.6487212181091309,528.7381172180176
3214,1.0,0.0,0.0,16,0,0,13.354393482208252,64.4375,1.0,1.6487212181091309,528.8808760643005
3215,1.0,0.0,0.0,16,0,0,13.524584114551544,70.125,1.0,1.6487212181091309,529.0513153076172
3216,1.0,0.0,0.0,16,0,0,13.376208782196045,67.0,1.0,1.6487212181091309,529.2054033279419
3217,1.0,0.0,0.0,16,0,0,13.307585716247559,66.625,1.0,1.6487212181091309,529.3505482673645
3218,1.0,0.0,0.0,16,0,0,13.28302252292633,65.75,1.0,1.6487212181091309,529.4971942901611
3219,1.0,0.0,0.0,16,0,0,13.110258400440216,63.0,1.0,1.6487212181091309,529.635739326477
3220,1.0,0.0,0.0,16,0,0,13.41361290216446,63.8125,1.0,1.6487212181091309,529.7822473049164
3221,1.0,0.0,0.0,16,0,0,13.348602771759033,61.0,1.0,1.6487212181091309,529.9277853965759
3222,1.0,0.0,0.0,16,0,0,13.415304839611053,66.9375,1.0,1.6487212181091309,530.0820553302765
3223,1.0,0.0,0.0,16,0,0,13.387362837791443,67.4375,1.0,1.6487212181091309,530.2314901351929
3224,1.0,0.0,0.0,16,0,0,13.356050252914429,67.0625,1.0,1.6487212181091309,530.3784103393555
3225,1.0,0.0,0.0,16,0,0,13.276152491569519,60.6875,1.0,1.6487212181091309,530.5161542892456
3226,1.0,0.0,0.0,16,0,0,13.221357107162476,61.875,1.0,1.6487212181091309,530.654167175293
3227,1.0,0.0,0.0,16,0,0,13.386525869369507,68.0,1.0,1.6487212181091309,530.8081893920898
3228,1.0,0.0,0.0,16,0,0,13.36548125743866,70.125,1.0,1.6487212181091309,530.959935426712
3229,1.0,0.0,0.0,16,0,0,13.60500818490982,67.5,1.0,1.6487212181091309,531.1078763008118
3230,1.0,0.0,0.0,16,0,0,13.367732644081116,65.0,1.0,1.6487212181091309,531.2545552253723
3231,1.0,0.0,0.0,16,0,0,13.350959420204163,65.4375,1.0,1.6487212181091309,531.4016320705414
3232,1.0,0.0,0.0,16,0,0,13.238702535629272,62.1875,1.0,1.6487212181091309,531.5397171974182
3233,1.0,0.0,0.0,16,0,0,13.525647461414337,73.625,1.0,1.6487212181091309,531.7051420211792
3234,1.0,0.0,0.0,16,0,0,13.453655421733856,71.125,1.0,1.6487212181091309,531.8743951320648
3235,1.0,0.0,0.0,16,0,0,13.388674676418304,64.0,1.0,1.6487212181091309,532.0165591239929
3236,1.0,0.0,0.0,16,0,0,13.383605659008026,63.625,1.0,1.6487212181091309,532.1597812175751
3237,1.0,0.0,0.0,16,0,0,13.291845738887787,64.1875,1.0,1.6487212181091309,532.3057222366333
3238,1.0,0.0,0.0,16,0,0,13.44206315279007,67.5,1.0,1.6487212181091309,532.4545373916626
3239,1.0,0.0,0.0,16,0,0,13.18814218044281,64.9375,1.0,1.6487212181091309,532.5992822647095
3240,1.0,0.0,0.0,16,0,0,13.389388263225555,67.3125,1.0,1.6487212181091309,532.7484333515167
3241,1.0,0.0,0.0,16,0,0,13.34275484085083,65.125,1.0,1.6487212181091309,532.8900232315063
3242,1.0,0.0,0.0,16,0,0,13.326062500476837,68.375,1.0,1.6487212181091309,533.0464272499084
3243,1.0,0.0,0.0,16,0,0,13.293859362602234,65.875,1.0,1.6487212181091309,533.1949150562286
3244,1.0,0.0,0.0,16,0,0,13.254123449325562,65.6875,1.0,1.6487212181091309,533.3407912254333
3245,1.0,0.0,0.0,16,0,0,13.257156431674957,64.125,1.0,1.6487212181091309,533.4836101531982
3246,1.0,0.0,0.0,16,0,0,13.546615660190582,68.375,1.0,1.6487212181091309,533.6362752914429
3247,1.0,0.0,0.0,16,0,0,13.354345202445984,65.0,1.0,1.6487212181091309,533.7817630767822
3248,1.0,0.0,0.0,16,0,0,13.357191383838654,65.375,1.0,1.6487212181091309,533.9496512413025
3249,1.0,0.0,0.0,16,0,0,13.165951371192932,65.625,1.0,1.6487212181091309,534.0943171977997
3250,1.0,0.0,0.0,16,0,0,13.49962568283081,69.4375,1.0,1.6487212181091309,534.255419254303
3251,1.0,0.0,0.0,16,0,0,13.332758367061615,61.9375,1.0,1.6487212181091309,534.3957691192627
3252,1.0,0.0,0.0,16,0,0,13.487582445144653,69.875,1.0,1.6487212181091309,534.5529761314392
3253,1.0,0.0,0.0,16,0,0,13.475669860839844,71.6875,1.0,1.6487212181091309,534.7100059986115
3254,1.0,0.0,0.0,16,0,0,13.402543723583221,66.625,1.0,1.6487212181091309,534.8563840389252
3255,1.0,0.0,0.0,16,0,0,13.299626767635345,63.6875,1.0,1.6487212181091309,534.9968750476837
3256,1.0,0.0,0.0,16,0,0,13.314576148986816,65.9375,1.0,1.6487212181091309,535.1443881988525
3257,1.0,0.0,0.0,16,0,0,13.29702091217041,66.375,1.0,1.6487212181091309,535.2926783561707
3258,1.0,0.0,0.0,16,0,0,13.308425068855286,64.875,1.0,1.6487212181091309,535.4356701374054
3259,1.0,0.0,0.0,16,0,0,13.488890290260315,66.875,1.0,1.6487212181091309,535.5844233036041
3260,1.0,0.0,0.0,16,0,0,13.43953651189804,68.4375,1.0,1.6487212181091309,535.7354083061218
3261,1.0,0.0,0.0,16,0,0,13.579883813858032,67.5,1.0,1.6487212181091309,535.8842041492462
3262,1.0,0.0,0.0,16,0,0,13.47548794746399,67.9375,1.0,1.6487212181091309,536.0439600944519
3263,1.0,0.0,0.0,16,0,0,13.536133825778961,68.875,1.0,1.6487212181091309,536.1966032981873
3264,1.0,0.0,0.0,16,0,0,13.333094537258148,65.25,1.0,1.6487212181091309,536.34184217453
3265,1.0,0.0,0.0,16,0,0,13.307406604290009,62.8125,1.0,1.6487212181091309,536.482515335083
3266,1.0,0.0,0.0,16,0,0,13.470821917057037,68.8125,1.0,1.6487212181091309,536.6380531787872
3267,1.0,0.0,0.0,16,0,0,13.224636256694794,65.0625,1.0,1.6487212181091309,536.7846522331238
3268,1.0,0.0,0.0,16,0,0,13.321391522884369,65.9375,1.0,1.6487212181091309,536.9319722652435
3269,1.0,0.0,0.0,16,0,0,13.369648337364197,63.25,1.0,1.6487212181091309,537.0726482868195
3270,1.0,0.0,0.0,16,0,0,13.358770310878754,67.25,1.0,1.6487212181091309,537.2235381603241
3271,1.0,0.0,0.0,16,0,0,13.384689450263977,63.5,1.0,1.6487212181091309,537.3653161525726
3272,1.0,0.0,0.0,16,0,0,13.526233732700348,68.0625,1.0,1.6487212181091309,537.5203950405121
3273,1.0,0.0,0.0,16,0,0,13.57021450996399,67.25,1.0,1.6487212181091309,537.6681172847748
3274,1.0,0.0,0.0,16,0,0,13.448517322540283,67.625,1.0,1.6487212181091309,537.8185741901398
3275,1.0,0.0,0.0,16,0,0,13.505262851715088,63.9375,1.0,1.6487212181091309,537.9606730937958
3276,1.0,0.0,0.0,16,0,0,13.336087167263031,62.0625,1.0,1.6487212181091309,538.1144680976868
3277,1.0,0.0,0.0,16,0,0,13.300918340682983,65.9375,1.0,1.6487212181091309,538.2633490562439
3278,1.0,0.0,0.0,16,0,0,13.414150953292847,63.6875,1.0,1.6487212181091309,538.4042291641235
3279,1.0,0.0,0.0,16,0,0,13.467468917369843,66.75,1.0,1.6487212181091309,538.5508143901825
3280,1.0,0.0,0.0,16,0,0,13.24117648601532,64.0625,1.0,1.6487212181091309,538.6972002983093
3281,1.0,0.0,0.0,16,0,0,13.329964995384216,62.625,1.0,1.6487212181091309,538.8420903682709
3282,1.0,0.0,0.0,16,0,0,13.31658685207367,66.6875,1.0,1.6487212181091309,538.9922873973846
3283,1.0,0.0,0.0,16,0,0,13.252338707447052,62.25,1.0,1.6487212181091309,539.1307220458984
3284,1.0,0.0,0.0,16,0,0,13.445301473140717,66.5625,1.0,1.6487212181091309,539.2774631977081
3285,1.0,0.0,0.0,16,0,0,13.428308248519897,65.375,1.0,1.6487212181091309,539.4207572937012
3286,1.0,0.0,0.0,16,0,0,13.364487111568451,65.25,1.0,1.6487212181091309,539.5735082626343
3287,1.0,0.0,0.0,16,0,0,13.400640606880188,68.125,1.0,1.6487212181091309,539.725613117218
3288,1.0,0.0,0.0,16,0,0,13.443720698356628,63.125,1.0,1.6487212181091309,539.8711233139038
3289,1.0,0.0,0.0,16,0,0,13.157693326473236,59.9375,1.0,1.6487212181091309,540.0011520385742
3290,1.0,0.0,0.0,16,0,0,13.36252897977829,64.9375,1.0,1.6487212181091309,540.178060054779
3291,1.0,0.0,0.0,16,0,0,13.35770070552826,67.875,1.0,1.6487212181091309,540.3292033672333
3292,1.0,0.0,0.0,16,0,0,13.296917080879211,61.9375,1.0,1.6487212181091309,540.4713451862335
3293,1.0,0.0,0.0,16,0,0,13.246431410312653,61.75,1.0,1.6487212181091309,540.608380317688
3294,1.0,0.0,0.0,16,0,0,13.478718400001526,68.9375,1.0,1.6487212181091309,540.762106180191
3295,1.0,0.0,0.0,16,0,0,13.338456213474274,62.5625,1.0,1.6487212181091309,540.8979551792145
3296,1.0,0.0,0.0,16,0,0,13.413922905921936,69.375,1.0,1.6487212181091309,541.0523593425751
3297,1.0,0.0,0.0,16,0,0,13.58169937133789,67.25,1.0,1.6487212181091309,541.2003982067108
3298,1.0,0.0,0.0,16,0,0,13.316061794757843,61.6875,1.0,1.6487212181091309,541.3401873111725
3299,1.0,0.0,0.0,16,0,0,13.36854487657547,62.375,1.0,1.6487212181091309,541.4795031547546
3300,1.0,0.0,0.0,16,0,0,13.435219526290894,67.0625,1.0,1.6487212181091309,541.6290662288666
3301,1.0,0.0,0.0,16,0,0,13.484011709690094,65.5625,1.0,1.6487212181091309,541.7755813598633
3302,1.0,0.0,0.0,16,0,0,13.484090745449066,68.625,1.0,1.6487212181091309,541.9281611442566
3303,1.0,0.0,0.0,16,0,0,13.295716404914856,63.375,1.0,1.6487212181091309,542.069244146347
3304,1.0,0.0,0.0,16,0,0,13.317231953144073,66.4375,1.0,1.6487212181091309,542.2269911766052
3305,1.0,0.0,0.0,16,0,0,13.338681697845459,64.9375,1.0,1.6487212181091309,542.3830881118774
3306,1.0,0.0,0.0,16,0,0,13.411442697048187,71.0,1.0,1.6487212181091309,542.5418093204498
3307,1.0,0.0,0.0,16,0,0,13.455142974853516,66.6875,1.0,1.6487212181091309,542.6903653144836
3308,1.0,0.0,0.0,16,0,0,13.641263663768768,67.75,1.0,1.6487212181091309,542.8441562652588
3309,1.0,0.0,0.0,16,0,0,13.558241426944733,70.375,1.0,1.6487212181091309,543.0026581287384
3310,1.0,0.0,0.0,16,0,0,13.37768179178238,65.25,1.0,1.6487212181091309,543.1494174003601
3311,1.0,0.0,0.0,16,0,0,13.476521134376526,66.875,1.0,1.6487212181091309,543.2980060577393
3312,1.0,0.0,0.0,16,0,0,13.29817944765091,62.4375,1.0,1.6487212181091309,543.4369411468506
3313,1.0,0.0,0.0,16,0,0,13.34478223323822,68.625,1.0,1.6487212181091309,543.5940432548523
3314,1.0,0.0,0.0,16,0,0,13.479281842708588,64.1875,1.0,1.6487212181091309,543.7406511306763
3315,1.0,0.0,0.0,16,0,0,13.152366936206818,60.6875,1.0,1.6487212181091309,543.8791992664337
3316,1.0,0.0,0.0,16,0,0,13.219725728034973,60.9375,1.0,1.6487212181091309,544.0169861316681
3317,1.0,0.0,0.0,16,0,0,13.381935834884644,68.75,1.0,1.6487212181091309,544.1714522838593
3318,1.0,0.0,0.0,16,0,0,13.418466985225677,69.125,1.0,1.6487212181091309,544.3497741222382
3319,1.0,0.0,0.0,16,0,0,13.345893025398254,64.4375,1.0,1.6487212181091309,544.5010282993317
3320,1.0,0.0,0.0,16,0,0,13.508906602859497,65.6875,1.0,1.6487212181091309,544.652369260788
3321,1.0,0.0,0.0,16,0,0,13.409418404102325,66.9375,1.0,1.6487212181091309,544.8057310581207
3322,1.0,0.0,0.0,16,0,0,13.633825957775116,68.5625,1.0,1.6487212181091309,544.9636054039001
3323,1.0,0.0,0.0,16,0,0,13.470526993274689,63.4375,1.0,1.6487212181091309,545.103125333786
3324,1.0,0.0,0.0,16,0,0,13.443476676940918,68.625,1.0,1.6487212181091309,545.2549660205841
3325,1.0,0.0,0.0,16,0,0,13.342435896396637,66.25,1.0,1.6487212181091309,545.4031472206116
3326,1.0,0.0,0.0,16,0,0,13.513327181339264,66.25,1.0,1.6487212181091309,545.5498323440552
3327,1.0,0.0,0.0,16,0,0,13.419650197029114,65.8125,1.0,1.6487212181091309,545.6978690624237
3328,1.0,0.0,0.0,16,0,0,13.62343430519104,66.625,1.0,1.6487212181091309,545.8477492332458
3329,1.0,0.0,0.0,16,0,0,13.509868264198303,66.875,1.0,1.6487212181091309,545.997593164444
3330,1.0,0.0,0.0,16,0,0,13.340537965297699,65.5625,1.0,1.6487212181091309,546.1415061950684
3331,1.0,0.0,0.0,16,0,0,13.487205028533936,70.625,1.0,1.6487212181091309,546.298698425293
3332,1.0,0.0,0.0,16,0,0,13.163442611694336,62.75,1.0,1.6487212181091309,546.4668002128601
3333,1.0,0.0,0.0,16,0,0,13.46725344657898,66.25,1.0,1.6487212181091309,546.6122770309448
3334,1.0,0.0,0.0,16,0,0,13.386733412742615,64.9375,1.0,1.6487212181091309,546.7586991786957
3335,1.0,0.0,0.0,16,0,0,13.480208337306976,67.9375,1.0,1.6487212181091309,546.9124071598053
3336,1.0,0.0,0.0,16,0,0,13.586337208747864,71.875,1.0,1.6487212181091309,547.071298122406
3337,1.0,0.0,0.0,16,0,0,13.40235322713852,64.9375,1.0,1.6487212181091309,547.227486371994
3338,1.0,0.0,0.0,16,0,0,13.119514644145966,62.5,1.0,1.6487212181091309,547.3898181915283
3339,1.0,0.0,0.0,16,0,0,13.41867309808731,70.625,1.0,1.6487212181091309,547.5580742359161
3340,1.0,0.0,0.0,16,0,0,13.403839945793152,70.3125,1.0,1.6487212181091309,547.7267673015594
3341,1.0,0.0,0.0,16,0,0,13.431826829910278,64.3125,1.0,1.6487212181091309,547.876344203949
3342,1.0,0.0,0.0,16,0,0,13.285817801952362,63.875,1.0,1.6487212181091309,548.0200524330139
3343,1.0,0.0,0.0,16,0,0,13.383818447589874,70.0,1.0,1.6487212181091309,548.1751790046692
3344,1.0,0.0,0.0,16,0,0,13.459104239940643,65.625,1.0,1.6487212181091309,548.3255259990692
3345,1.0,0.0,0.0,16,0,0,13.28691953420639,63.75,1.0,1.6487212181091309,548.4742960929871
3346,1.0,0.0,0.0,16,0,0,13.265300631523132,61.375,1.0,1.6487212181091309,548.6310503482819
3347,1.0,0.0,0.0,16,0,0,13.477145254611969,66.5625,1.0,1.6487212181091309,548.7799952030182
3348,1.0,0.0,0.0,16,0,0,13.37628298997879,65.5625,1.0,1.6487212181091309,548.9335172176361
3349,1.0,0.0,0.0,16,0,0,13.396023988723755,67.75,1.0,1.6487212181091309,549.0872972011566
3350,1.0,0.0,0.0,16,0,0,13.140418648719788,59.3125,1.0,1.6487212181091309,549.2263894081116
3351,1.0,0.0,0.0,16,0,0,13.203101873397827,61.625,1.0,1.6487212181091309,549.368447303772
3352,1.0,0.0,0.0,16,0,0,13.369867742061615,63.125,1.0,1.6487212181091309,549.5105171203613
3353,1.0,0.0,0.0,16,0,0,13.332393527030945,62.3125,1.0,1.6487212181091309,549.6510293483734
3354,1.0,0.0,0.0,16,0,0,13.465360224246979,68.5,1.0,1.6487212181091309,549.8028192520142
3355,1.0,0.0,0.0,16,0,0,13.550752103328705,70.5625,1.0,1.6487212181091309,549.9620311260223
3356,1.0,0.0,0.0,16,0,0,13.385726511478424,62.75,1.0,1.6487212181091309,550.1021680831909
3357,1.0,0.0,0.0,16,0,0,13.34562373161316,69.5,1.0,1.6487212181091309,550.2565791606903
3358,1.0,0.0,0.0,16,0,0,13.2739297747612,64.6875,1.0,1.6487212181091309,550.4026832580566
3359,1.0,0.0,0.0,16,0,0,13.467100977897644,70.875,1.0,1.6487212181091309,550.5604033470154
3360,1.0,0.0,0.0,16,0,0,13.410166263580322,65.5,1.0,1.6487212181091309,550.7103123664856
3361,1.0,0.0,0.0,16,0,0,13.211727857589722,63.6875,1.0,1.6487212181091309,550.8539650440216
3362,1.0,0.0,0.0,16,0,0,13.23502916097641,64.25,1.0,1.6487212181091309,550.9983463287354
3363,1.0,0.0,0.0,16,0,0,13.339594602584839,60.875,1.0,1.6487212181091309,551.1392812728882
3364,1.0,0.0,0.0,16,0,0,13.248619377613068,65.1875,1.0,1.6487212181091309,551.2862222194672
3365,1.0,0.0,0.0,16,0,0,13.407902538776398,65.625,1.0,1.6487212181091309,551.4323582649231
3366,1.0,0.0,0.0,16,0,0,13.366538763046265,62.75,1.0,1.6487212181091309,551.5739130973816
3367,1.0,0.0,0.0,16,0,0,13.379578292369843,64.5,1.0,1.6487212181091309,551.7179012298584
3368,1.0,0.0,0.0,16,0,0,13.233254373073578,63.25,1.0,1.6487212181091309,551.8601231575012
3369,1.0,0.0,0.0,16,0,0,13.442858695983887,66.375,1.0,1.6487212181091309,552.007128238678
3370,1.0,0.0,0.0,16,0,0,13.236798405647278,60.3125,1.0,1.6487212181091309,552.1417803764343
3371,1.0,0.0,0.0,16,0,0,13.366143226623535,68.125,1.0,1.6487212181091309,552.2943992614746
3372,1.0,0.0,0.0,16,0,0,13.460787296295166,67.375,1.0,1.6487212181091309,552.4423522949219
3373,1.0,0.0,0.0,16,0,0,13.39667922258377,66.75,1.0,1.6487212181091309,552.5916972160339
3374,1.0,0.0,0.0,16,0,0,13.392098069190979,63.25,1.0,1.6487212181091309,552.74218916893
3375,1.0,0.0,0.0,16,0,0,13.3001269698143,64.75,1.0,1.6487212181091309,552.8914890289307
3376,1.0,0.0,0.0,16,0,0,13.179502427577972,61.0625,1.0,1.6487212181091309,553.0262322425842
3377,1.0,0.0,0.0,16,0,0,13.485385715961456,68.25,1.0,1.6487212181091309,553.1787042617798
3378,1.0,0.0,0.0,16,0,0,13.552772760391235,67.625,1.0,1.6487212181091309,553.330931186676
3379,1.0,0.0,0.0,16,0,0,13.348854005336761,62.3125,1.0,1.6487212181091309,553.4730741977692
3380,1.0,0.0,0.0,16,0,0,13.418237149715424,63.375,1.0,1.6487212181091309,553.6120982170105
3381,1.0,0.0,0.0,16,0,0,13.293188989162445,64.4375,1.0,1.6487212181091309,553.7573120594025
3382,1.0,0.0,0.0,16,0,0,13.315937101840973,58.875,1.0,1.6487212181091309,553.8931591510773
3383,1.0,0.0,0.0,16,0,0,13.391726016998291,63.875,1.0,1.6487212181091309,554.0355372428894
3384,1.0,0.0,0.0,16,0,0,13.405871093273163,64.3125,1.0,1.6487212181091309,554.1901152133942
3385,1.0,0.0,0.0,16,0,0,13.48766416311264,67.875,1.0,1.6487212181091309,554.3695323467255
3386,1.0,0.0,0.0,16,0,0,13.484577000141144,69.0,1.0,1.6487212181091309,554.5218732357025
3387,1.0,0.0,0.0,16,0,0,13.358500599861145,66.5,1.0,1.6487212181091309,554.671492099762
3388,1.0,0.0,0.0,16,0,0,13.366157531738281,67.8125,1.0,1.6487212181091309,554.8366441726685
3389,1.0,0.0,0.0,16,0,0,13.418461620807648,65.3125,1.0,1.6487212181091309,554.9870162010193
3390,1.0,0.0,0.0,16,0,0,13.301535606384277,63.375,1.0,1.6487212181091309,555.1278002262115
3391,1.0,0.0,0.0,16,0,0,13.347802937030792,62.875,1.0,1.6487212181091309,555.2691650390625
3392,1.0,0.0,0.0,16,0,0,13.498447716236115,66.0,1.0,1.6487212181091309,555.4409213066101
3393,1.0,0.0,0.0,16,0,0,13.334879398345947,67.25,1.0,1.6487212181091309,555.5885744094849
3394,1.0,0.0,0.0,16,0,0,13.415646255016327,65.375,1.0,1.6487212181091309,555.7357821464539
3395,1.0,0.0,0.0,16,0,0,13.373552024364471,67.0625,1.0,1.6487212181091309,555.8844442367554
3396,1.0,0.0,0.0,16,0,0,13.252007365226746,65.9375,1.0,1.6487212181091309,556.0330140590668
3397,1.0,0.0,0.0,16,0,0,13.317126393318176,63.125,1.0,1.6487212181091309,556.1740374565125
3398,1.0,0.0,0.0,16,0,0,13.395114243030548,63.8125,1.0,1.6487212181091309,556.313116312027
3399,1.0,0.0,0.0,16,0,0,13.412491381168365,67.375,1.0,1.6487212181091309,556.462559223175
3400,1.0,0.0,0.0,16,0,0,13.269252002239227,62.375,1.0,1.6487212181091309,556.6023621559143
3401,1.0,0.0,0.0,16,0,0,13.392702996730804,62.4375,1.0,1.6487212181091309,556.7434592247009
3402,1.0,0.0,0.0,16,0,0,13.32598102092743,62.6875,1.0,1.6487212181091309,556.9121563434601
3403,1.0,0.0,0.0,16,0,0,13.17138397693634,61.9375,1.0,1.6487212181091309,557.050858259201
3404,1.0,0.0,0.0,16,0,0,13.352420806884766,62.875,1.0,1.6487212181091309,557.1872732639313
3405,1.0,0.0,0.0,16,0,0,13.181975305080414,64.375,1.0,1.6487212181091309,557.3292021751404
3406,1.0,0.0,0.0,16,0,0,13.344287931919098,63.125,1.0,1.6487212181091309,557.4669442176819
3407,1.0,0.0,0.0,16,0,0,13.372534096240997,61.8125,1.0,1.6487212181091309,557.6025631427765
3408,1.0,0.0,0.0,16,0,0,13.368710577487946,66.875,1.0,1.6487212181091309,557.7526121139526
3409,1.0,0.0,0.0,16,0,0,13.129977285861969,59.875,1.0,1.6487212181091309,557.8828501701355
3410,1.0,0.0,0.0,16,0,0,13.3440061211586,69.5625,1.0,1.6487212181091309,558.0386853218079
3411,1.0,0.0,0.0,16,0,0,13.315905213356018,62.9375,1.0,1.6487212181091309,558.1777091026306
3412,1.0,0.0,0.0,16,0,0,13.454411804676056,69.125,1.0,1.6487212181091309,558.339693069458
3413,1.0,0.0,0.0,16,0,0,13.383027017116547,64.9375,1.0,1.6487212181091309,558.4866580963135
3414,1.0,0.0,0.0,16,0,0,13.331297159194946,64.5625,1.0,1.6487212181091309,558.6314160823822
3415,1.0,0.0,0.0,16,0,0,13.433768689632416,64.6875,1.0,1.6487212181091309,558.7766573429108
3416,1.0,0.0,0.0,16,0,0,13.529308378696442,69.1875,1.0,1.6487212181091309,558.9574882984161
3417,1.0,0.0,0.0,16,0,0,13.371223092079163,68.5625,1.0,1.6487212181091309,559.1177253723145
3418,1.0,0.0,0.0,16,0,0,13.360584557056427,67.0625,1.0,1.6487212181091309,559.2686831951141
3419,1.0,0.0,0.0,16,0,0,13.439699590206146,69.625,1.0,1.6487212181091309,559.4198441505432
3420,1.0,0.0,0.0,16,0,0,13.611754953861237,67.9375,1.0,1.6487212181091309,559.5697510242462
3421,1.0,0.0,0.0,16,0,0,13.432273805141449,64.9375,1.0,1.6487212181091309,559.7160823345184
3422,1.0,0.0,0.0,16,0,0,13.28281182050705,64.125,1.0,1.6487212181091309,559.8582072257996
3423,1.0,0.0,0.0,16,0,0,13.196319997310638,60.1875,1.0,1.6487212181091309,559.9931771755219
3424,1.0,0.0,0.0,16,0,0,13.389620244503021,63.125,1.0,1.6487212181091309,560.1346161365509
3425,1.0,0.0,0.0,16,0,0,13.300826907157898,70.75,1.0,1.6487212181091309,560.2950661182404
3426,1.0,0.0,0.0,16,0,0,13.406310260295868,66.625,1.0,1.6487212181091309,560.4435262680054
3427,1.0,0.0,0.0,16,0,0,13.409327268600464,64.625,1.0,1.6487212181091309,560.5901701450348
3428,1.0,0.0,0.0,16,0,0,13.443455338478088,69.125,1.0,1.6487212181091309,560.7459762096405
3429,1.0,0.0,0.0,16,0,0,13.474233210086823,67.0,1.0,1.6487212181091309,560.8952713012695
3430,1.0,0.0,0.0,16,0,0,13.478648662567139,67.5,1.0,1.6487212181091309,561.0754652023315
3431,1.0,0.0,0.0,16,0,0,13.283399224281311,62.125,1.0,1.6487212181091309,561.2146611213684
3432,1.0,0.0,0.0,16,0,0,13.491965174674988,66.5625,1.0,1.6487212181091309,561.3667902946472
3433,1.0,0.0,0.0,16,0,0,13.190451085567474,61.5,1.0,1.6487212181091309,561.505065202713
3434,1.0,0.0,0.0,16,0,0,13.502871870994568,69.5,1.0,1.6487212181091309,561.6596992015839
3435,1.0,0.0,0.0,16,0,0,13.271145462989807,63.4375,1.0,1.6487212181091309,561.8048121929169
3436,1.0,0.0,0.0,16,0,0,13.548958420753479,72.3125,1.0,1.6487212181091309,561.9691650867462
3437,1.0,0.0,0.0,16,0,0,13.376214265823364,59.3125,1.0,1.6487212181091309,562.0994772911072
3438,1.0,0.0,0.0,16,0,0,13.480480015277863,69.6875,1.0,1.6487212181091309,562.2549223899841
3439,1.0,0.0,0.0,16,0,0,13.598641633987427,73.1875,1.0,1.6487212181091309,562.417854309082
3440,1.0,0.0,0.0,16,0,0,13.280772089958191,65.875,1.0,1.6487212181091309,562.5660133361816
3441,1.0,0.0,0.0,16,0,0,13.35436236858368,65.8125,1.0,1.6487212181091309,562.7112171649933
3442,1.0,0.0,0.0,16,0,0,13.440176367759705,66.625,1.0,1.6487212181091309,562.8624923229218
3443,1.0,0.0,0.0,16,0,0,13.480235159397125,66.5,1.0,1.6487212181091309,563.0073771476746
3444,1.0,0.0,0.0,16,0,0,13.46022242307663,68.3125,1.0,1.6487212181091309,563.1707441806793
3445,1.0,0.0,0.0,16,0,0,13.448487162590027,62.8125,1.0,1.6487212181091309,563.3074862957001
3446,1.0,0.0,0.0,16,0,0,13.495176196098328,65.5,1.0,1.6487212181091309,563.4583721160889
3447,1.0,0.0,0.0,16,0,0,13.345361769199371,65.0625,1.0,1.6487212181091309,563.6049931049347
3448,1.0,0.0,0.0,16,0,0,13.5051811337471,68.375,1.0,1.6487212181091309,563.7582080364227
3449,1.0,0.0,0.0,16,0,0,13.346777558326721,69.5625,1.0,1.6487212181091309,563.9158272743225
3450,1.0,0.0,0.0,16,0,0,13.287052154541016,60.4375,1.0,1.6487212181091309,564.0498671531677
3451,1.0,0.0,0.0,16,0,0,13.389796257019043,67.6875,1.0,1.6487212181091309,564.2053020000458
3452,1.0,0.0,0.0,16,0,0,13.33025473356247,64.6875,1.0,1.6487212181091309,564.3514523506165
3453,1.0,0.0,0.0,16,0,0,13.441269040107727,66.375,1.0,1.6487212181091309,564.5008561611176
3454,1.0,0.0,0.0,16,0,0,13.423614144325256,67.1875,1.0,1.6487212181091309,564.6509921550751
3455,1.0,0.0,0.0,16,0,0,13.428708255290985,65.25,1.0,1.6487212181091309,564.7982001304626
3456,1.0,0.0,0.0,16,0,0,13.43658721446991,65.9375,1.0,1.6487212181091309,564.9509854316711
3457,1.0,0.0,0.0,16,0,0,13.188987016677856,64.625,1.0,1.6487212181091309,565.0972421169281
3458,1.0,0.0,0.0,16,0,0,13.54513305425644,69.25,1.0,1.6487212181091309,565.2622301578522
3459,1.0,0.0,0.0,16,0,0,13.505024433135986,67.3125,1.0,1.6487212181091309,565.4141511917114
3460,1.0,0.0,0.0,16,0,0,13.395285069942474,65.625,1.0,1.6487212181091309,565.5608382225037
3461,1.0,0.0,0.0,16,0,0,13.420467376708984,70.25,1.0,1.6487212181091309,565.7202332019806
3462,1.0,0.0,0.0,16,0,0,13.521765232086182,67.4375,1.0,1.6487212181091309,565.871443271637
3463,1.0,0.0,0.0,16,0,0,13.29634553194046,62.8125,1.0,1.6487212181091309,566.0126934051514
3464,1.0,0.0,0.0,16,0,0,13.571236848831177,68.1875,1.0,1.6487212181091309,566.1617932319641
3465,1.0,0.0,0.0,16,0,0,13.36755883693695,61.0,1.0,1.6487212181091309,566.2998671531677
3466,1.0,0.0,0.0,16,0,0,13.387095630168915,67.875,1.0,1.6487212181091309,566.4503884315491
3467,1.0,0.0,0.0,16,0,0,13.460049271583557,70.0625,1.0,1.6487212181091309,566.6082601547241
3468,1.0,0.0,0.0,16,0,0,13.377037703990936,65.375,1.0,1.6487212181091309,566.7547092437744
3469,1.0,0.0,0.0,16,0,0,13.330295443534851,65.8125,1.0,1.6487212181091309,566.9037742614746
3470,1.0,0.0,0.0,16,0,0,13.443387389183044,66.0625,1.0,1.6487212181091309,567.0515902042389
3471,1.0,0.0,0.0,16,0,0,13.336181700229645,65.9375,1.0,1.6487212181091309,567.2001373767853
3472,1.0,0.0,0.0,16,0,0,13.462473332881927,70.0625,1.0,1.6487212181091309,567.3683762550354
3473,1.0,0.0,0.0,16,0,0,13.34624981880188,62.125,1.0,1.6487212181091309,567.5080823898315
3474,1.0,0.0,0.0,16,0,0,13.18076741695404,58.9375,1.0,1.6487212181091309,567.6390950679779
3475,1.0,0.0,0.0,16,0,0,13.380569517612457,64.0625,1.0,1.6487212181091309,567.7852761745453
3476,1.0,0.0,0.0,16,0,0,13.518290340900421,67.375,1.0,1.6487212181091309,567.9382503032684
3477,1.0,0.0,0.0,16,0,0,13.359979510307312,63.375,1.0,1.6487212181091309,568.077879190445
3478,1.0,0.0,0.0,16,0,0,13.240554511547089,59.5,1.0,1.6487212181091309,568.2091403007507
3479,1.0,0.0,0.0,16,0,0,13.444037914276123,65.9375,1.0,1.6487212181091309,568.3578052520752
3480,1.0,0.0,0.0,16,0,0,13.22214961051941,63.25,1.0,1.6487212181091309,568.4994843006134
3481,1.0,0.0,0.0,16,0,0,13.051378309726715,60.5,1.0,1.6487212181091309,568.6364572048187
3482,1.0,0.0,0.0,16,0,0,13.344851613044739,64.25,1.0,1.6487212181091309,568.7789423465729
3483,1.0,0.0,0.0,16,0,0,13.413350224494934,66.1875,1.0,1.6487212181091309,568.9247260093689
3484,1.0,0.0,0.0,16,0,0,13.58688074350357,67.9375,1.0,1.6487212181091309,569.0886032581329
3485,1.0,0.0,0.0,16,0,0,13.401335775852203,64.5625,1.0,1.6487212181091309,569.2346642017365
3486,1.0,0.0,0.0,16,0,0,13.468301236629486,64.875,1.0,1.6487212181091309,569.4147162437439
3487,1.0,0.0,0.0,16,0,0,13.509494602680206,72.375,1.0,1.6487212181091309,569.5760440826416
3488,1.0,0.0,0.0,16,0,0,13.405691981315613,64.3125,1.0,1.6487212181091309,569.7201473712921
3489,1.0,0.0,0.0,16,0,0,13.326355278491974,64.9375,1.0,1.6487212181091309,569.8667521476746
3490,1.0,0.0,0.0,16,0,0,13.402849316596985,69.4375,1.0,1.6487212181091309,570.0200932025909
3491,1.0,0.0,0.0,16,0,0,13.349194169044495,62.1875,1.0,1.6487212181091309,570.156628370285
3492,1.0,0.0,0.0,16,0,0,13.25824123620987,61.6875,1.0,1.6487212181091309,570.2937951087952
3493,1.0,0.0,0.0,16,0,0,13.252638816833496,64.625,1.0,1.6487212181091309,570.4400281906128
3494,1.0,0.0,0.0,16,0,0,13.546080112457275,65.1875,1.0,1.6487212181091309,570.588710308075
3495,1.0,0.0,0.0,16,0,0,13.295611262321472,63.6875,1.0,1.6487212181091309,570.7276043891907
3496,1.0,0.0,0.0,16,0,0,13.369933784008026,67.375,1.0,1.6487212181091309,570.8810024261475
3497,1.0,0.0,0.0,16,0,0,13.374525964260101,66.375,1.0,1.6487212181091309,571.0300793647766
3498,1.0,0.0,0.0,16,0,0,13.22932255268097,61.5625,1.0,1.6487212181091309,571.1734972000122
3499,1.0,0.0,0.0,16,0,0,13.27686607837677,64.8125,1.0,1.6487212181091309,571.3212401866913
3500,1.0,0.0,0.0,16,0,0,13.45306384563446,66.9375,1.0,1.6487212181091309,571.4875121116638
3501,1.0,0.0,0.0,16,0,0,13.531341671943665,67.625,1.0,1.6487212181091309,571.6378891468048
3502,1.0,0.0,0.0,16,0,0,13.52135145664215,68.1875,1.0,1.6487212181091309,571.7918231487274
3503,1.0,0.0,0.0,16,0,0,13.377056956291199,68.625,1.0,1.6487212181091309,571.9472222328186
3504,1.0,0.0,0.0,16,0,0,13.331805288791656,63.1875,1.0,1.6487212181091309,572.0878322124481
3505,1.0,0.0,0.0,16,0,0,13.399880528450012,65.0,1.0,1.6487212181091309,572.2318642139435
3506,1.0,0.0,0.0,16,0,0,13.394010722637177,64.0625,1.0,1.6487212181091309,572.3755362033844
3507,1.0,0.0,0.0,16,0,0,13.2390096783638,59.5,1.0,1.6487212181091309,572.5112352371216
3508,1.0,0.0,0.0,16,0,0,13.34190309047699,67.0,1.0,1.6487212181091309,572.659609079361
3509,1.0,0.0,0.0,16,0,0,13.2909414768219,67.25,1.0,1.6487212181091309,572.811023235321
3510,1.0,0.0,0.0,16,0,0,13.445764482021332,62.9375,1.0,1.6487212181091309,572.954751253128
3511,1.0,0.0,0.0,16,0,0,13.463607788085938,67.3125,1.0,1.6487212181091309,573.1071381568909
3512,1.0,0.0,0.0,16,0,0,13.324781477451324,64.875,1.0,1.6487212181091309,573.2499504089355
3513,1.0,0.0,0.0,16,0,0,13.477181911468506,67.75,1.0,1.6487212181091309,573.402651309967
3514,1.0,0.0,0.0,16,0,0,13.55360746383667,68.75,1.0,1.6487212181091309,573.573037147522
3515,1.0,0.0,0.0,16,0,0,13.471692264080048,64.9375,1.0,1.6487212181091309,573.7222762107849
3516,1.0,0.0,0.0,16,0,0,13.087423622608185,57.8125,1.0,1.6487212181091309,573.8572092056274
3517,1.0,0.0,0.0,16,0,0,13.39618068933487,61.5625,1.0,1.6487212181091309,573.9965603351593
3518,1.0,0.0,0.0,16,0,0,13.319249868392944,63.1875,1.0,1.6487212181091309,574.1394531726837
3519,1.0,0.0,0.0,16,0,0,13.340346574783325,65.875,1.0,1.6487212181091309,574.2857201099396
3520,1.0,0.0,0.0,16,0,0,13.39780879020691,65.5,1.0,1.6487212181091309,574.4304971694946
3521,1.0,0.0,0.0,16,0,0,13.330382466316223,67.875,1.0,1.6487212181091309,574.5788242816925
3522,1.0,0.0,0.0,16,0,0,13.422775506973267,67.0,1.0,1.6487212181091309,574.7274050712585
3523,1.0,0.0,0.0,16,0,0,13.406156599521637,67.0625,1.0,1.6487212181091309,574.874724149704
3524,1.0,0.0,0.0,16,0,0,13.456130266189575,65.5,1.0,1.6487212181091309,575.0211222171783
3525,1.0,0.0,0.0,16,0,0,13.409525573253632,66.625,1.0,1.6487212181091309,575.1667132377625
3526,1.0,0.0,0.0,16,0,0,13.286860466003418,63.5,1.0,1.6487212181091309,575.3128061294556
3527,1.0,0.0,0.0,16,0,0,13.420495092868805,67.0,1.0,1.6487212181091309,575.4600522518158
3528,1.0,0.0,0.0,16,0,0,13.573858439922333,67.5,1.0,1.6487212181091309,575.6409952640533
3529,1.0,0.0,0.0,16,0,0,13.425371408462524,64.875,1.0,1.6487212181091309,575.7851791381836
3530,1.0,0.0,0.0,16,0,0,13.592879891395569,68.75,1.0,1.6487212181091309,575.9431743621826
3531,1.0,0.0,0.0,16,0,0,13.245034337043762,63.25,1.0,1.6487212181091309,576.083190202713
3532,1.0,0.0,0.0,16,0,0,13.485154747962952,66.0625,1.0,1.6487212181091309,576.2347912788391
3533,1.0,0.0,0.0,16,0,0,13.376613140106201,65.875,1.0,1.6487212181091309,576.3781440258026
3534,1.0,0.0,0.0,16,0,0,13.468760192394257,65.875,1.0,1.6487212181091309,576.5286631584167
3535,1.0,0.0,0.0,16,0,0,13.16631704568863,60.3125,1.0,1.6487212181091309,576.6646111011505
3536,1.0,0.0,0.0,16,0,0,13.519122242927551,69.375,1.0,1.6487212181091309,576.8169920444489
3537,1.0,0.0,0.0,16,0,0,13.436392903327942,62.125,1.0,1.6487212181091309,576.9612431526184
3538,1.0,0.0,0.0,16,0,0,13.445159077644348,63.75,1.0,1.6487212181091309,577.1029231548309
3539,1.0,0.0,0.0,16,0,0,13.211272120475769,67.1875,1.0,1.6487212181091309,577.2507803440094
3540,1.0,0.0,0.0,16,0,0,13.52953326702118,71.3125,1.0,1.6487212181091309,577.4058213233948
3541,1.0,0.0,0.0,16,0,0,13.373369038105011,68.75,1.0,1.6487212181091309,577.5610313415527
3542,1.0,0.0,0.0,16,0,0,13.399474740028381,61.75,1.0,1.6487212181091309,577.7265510559082
3543,1.0,0.0,0.0,16,0,0,13.524623453617096,70.375,1.0,1.6487212181091309,577.8857412338257
3544,1.0,0.0,0.0,16,0,0,13.46066164970398,66.75,1.0,1.6487212181091309,578.03711104393
3545,1.0,0.0,0.0,16,0,0,13.48750913143158,68.25,1.0,1.6487212181091309,578.1904442310333
3546,1.0,0.0,0.0,16,0,0,13.479861676692963,64.875,1.0,1.6487212181091309,578.3335301876068
3547,1.0,0.0,0.0,16,0,0,13.289294302463531,64.625,1.0,1.6487212181091309,578.4803802967072
3548,1.0,0.0,0.0,16,0,0,13.221306145191193,61.9375,1.0,1.6487212181091309,578.617680311203
3549,1.0,0.0,0.0,16,0,0,13.388846755027771,68.25,1.0,1.6487212181091309,578.7708842754364
3550,1.0,0.0,0.0,16,0,0,13.428408682346344,68.125,1.0,1.6487212181091309,578.9213881492615
3551,1.0,0.0,0.0,16,0,0,13.48169356584549,67.5,1.0,1.6487212181091309,579.0721170902252
3552,1.0,0.0,0.0,16,0,0,13.33857411146164,64.125,1.0,1.6487212181091309,579.2179641723633
3553,1.0,0.0,0.0,16,0,0,13.415173590183258,67.6875,1.0,1.6487212181091309,579.3636012077332
3554,1.0,0.0,0.0,16,0,0,13.560299634933472,68.125,1.0,1.6487212181091309,579.5165462493896
3555,1.0,0.0,0.0,16,0,0,13.244164288043976,62.0625,1.0,1.6487212181091309,579.6541182994843
3556,1.0,0.0,0.0,16,0,0,13.531574666500092,66.0,1.0,1.6487212181091309,579.8351891040802
3557,1.0,0.0,0.0,16,0,0,13.44129741191864,70.4375,1.0,1.6487212181091309,579.9988481998444
3558,1.0,0.0,0.0,16,0,0,13.395556509494781,64.75,1.0,1.6487212181091309,580.1416592597961
3559,1.0,0.0,0.0,16,0,0,13.323767006397247,63.625,1.0,1.6487212181091309,580.2825601100922
3560,1.0,0.0,0.0,16,0,0,13.535600244998932,66.9375,1.0,1.6487212181091309,580.4343280792236
3561,1.0,0.0,0.0,16,0,0,13.470401763916016,63.625,1.0,1.6487212181091309,580.5806941986084
3562,1.0,0.0,0.0,16,0,0,13.412450730800629,67.25,1.0,1.6487212181091309,580.7302222251892
3563,1.0,0.0,0.0,16,0,0,13.423328280448914,66.9375,1.0,1.6487212181091309,580.877845287323
3564,1.0,0.0,0.0,16,0,0,13.357045769691467,68.75,1.0,1.6487212181091309,581.0384111404419
3565,1.0,0.0,0.0,16,0,0,13.396656692028046,66.5,1.0,1.6487212181091309,581.1876242160797
3566,1.0,0.0,0.0,16,0,0,13.352732956409454,63.625,1.0,1.6487212181091309,581.329174041748
3567,1.0,0.0,0.0,16,0,0,13.43136727809906,65.125,1.0,1.6487212181091309,581.4728672504425
3568,1.0,0.0,0.0,16,0,0,13.487914562225342,66.4375,1.0,1.6487212181091309,581.6240811347961
3569,1.0,0.0,0.0,16,0,0,13.301723182201385,62.6875,1.0,1.6487212181091309,581.7622182369232
3570,1.0,0.0,0.0,16,0,0,13.367663741111755,64.875,1.0,1.6487212181091309,581.9141104221344
3571,1.0,0.0,0.0,16,0,0,13.558420181274414,66.125,1.0,1.6487212181091309,582.0636563301086
3572,1.0,0.0,0.0,16,0,0,13.302565097808838,64.6875,1.0,1.6487212181091309,582.2103171348572
3573,1.0,0.0,0.0,16,0,0,13.268092155456543,65.875,1.0,1.6487212181091309,582.3579201698303
3574,1.0,0.0,0.0,16,0,0,13.437220633029938,61.625,1.0,1.6487212181091309,582.5019073486328
3575,1.0,0.0,0.0,16,0,0,13.334494650363922,63.625,1.0,1.6487212181091309,582.6413581371307
3576,1.0,0.0,0.0,16,0,0,13.341693878173828,66.4375,1.0,1.6487212181091309,582.7892291545868
3577,1.0,0.0,0.0,16,0,0,13.624373018741608,69.5625,1.0,1.6487212181091309,582.9493412971497
3578,1.0,0.0,0.0,16,0,0,13.593424081802368,69.125,1.0,1.6487212181091309,583.1037912368774
3579,1.0,0.0,0.0,16,0,0,13.443538308143616,69.875,1.0,1.6487212181091309,583.2574362754822
3580,1.0,0.0,0.0,16,0,0,13.443345844745636,65.125,1.0,1.6487212181091309,583.4024093151093
3581,1.0,0.0,0.0,16,0,0,13.427107453346252,62.5625,1.0,1.6487212181091309,583.5399203300476
3582,1.0,0.0,0.0,16,0,0,13.352859199047089,60.8125,1.0,1.6487212181091309,583.6755661964417
3583,1.0,0.0,0.0,16,0,0,13.473060429096222,67.5,1.0,1.6487212181091309,583.8272120952606
3584,1.0,0.0,0.0,16,0,0,13.519322752952576,66.875,1.0,1.6487212181091309,584.0122711658478
3585,1.0,0.0,0.0,16,0,0,13.274671077728271,64.6875,1.0,1.6487212181091309,584.1564784049988
3586,1.0,0.0,0.0,16,0,0,13.402368664741516,65.6875,1.0,1.6487212181091309,584.3039333820343
3587,1.0,0.0,0.0,16,0,0,13.542390823364258,70.1875,1.0,1.6487212181091309,584.4596033096313
3588,1.0,0.0,0.0,16,0,0,13.32524424791336,67.5,1.0,1.6487212181091309,584.6066150665283
3589,1.0,0.0,0.0,16,0,0,13.286136269569397,64.75,1.0,1.6487212181091309,584.7559521198273
3590,1.0,0.0,0.0,16,0,0,13.361548960208893,62.625,1.0,1.6487212181091309,584.8921620845795
3591,1.0,0.0,0.0,16,0,0,13.262293994426727,64.5,1.0,1.6487212181091309,585.0376431941986
3592,1.0,0.0,0.0,16,0,0,13.457883059978485,67.1875,1.0,1.6487212181091309,585.188636302948
3593,1.0,0.0,0.0,16,0,0,13.494941234588623,70.3125,1.0,1.6487212181091309,585.3473341464996
3594,1.0,0.0,0.0,16,0,0,13.437963247299194,62.375,1.0,1.6487212181091309,585.486355304718
3595,1.0,0.0,0.0,16,0,0,13.498387217521667,67.6875,1.0,1.6487212181091309,585.6351821422577
3596,1.0,0.0,0.0,16,0,0,13.49798834323883,63.125,1.0,1.6487212181091309,585.7748622894287
3597,1.0,0.0,0.0,16,0,0,13.478683829307556,68.1875,1.0,1.6487212181091309,585.930703163147
3598,1.0,0.0,0.0,16,0,0,13.468156099319458,70.5625,1.0,1.6487212181091309,586.1072943210602
3599,1.0,0.0,0.0,16,0,0,13.463645100593567,66.0,1.0,1.6487212181091309,586.25390625
3600,1.0,0.0,0.0,16,0,0,13.603716790676117,67.25,1.0,1.6487212181091309,586.4017493724823
3601,1.0,0.0,0.0,16,0,0,13.619464755058289,71.6875,1.0,1.6487212181091309,586.5625882148743
3602,1.0,0.0,0.0,16,0,0,13.299202144145966,60.6875,1.0,1.6487212181091309,586.7009241580963
3603,1.0,0.0,0.0,16,0,0,13.466525971889496,64.75,1.0,1.6487212181091309,586.8491332530975
3604,1.0,0.0,0.0,16,0,0,13.597662329673767,69.0625,1.0,1.6487212181091309,587.0036270618439
3605,1.0,0.0,0.0,16,0,0,13.356602549552917,66.75,1.0,1.6487212181091309,587.1502940654755
3606,1.0,0.0,0.0,16,0,0,13.24535459280014,67.8125,1.0,1.6487212181091309,587.3018381595612
3607,1.0,0.0,0.0,16,0,0,13.465181708335876,65.125,1.0,1.6487212181091309,587.447838306427
3608,1.0,0.0,0.0,16,0,0,13.500259041786194,67.5,1.0,1.6487212181091309,587.5972542762756
3609,1.0,0.0,0.0,16,0,0,13.431809782981873,69.125,1.0,1.6487212181091309,587.7512402534485
3610,1.0,0.0,0.0,16,0,0,13.371667742729187,69.5,1.0,1.6487212181091309,587.9072802066803
3611,1.0,0.0,0.0,16,0,0,13.382033944129944,68.9375,1.0,1.6487212181091309,588.060750246048
3612,1.0,0.0,0.0,16,0,0,13.573935806751251,69.125,1.0,1.6487212181091309,588.2177112102509
3613,1.0,0.0,0.0,16,0,0,13.59498018026352,72.875,1.0,1.6487212181091309,588.3790152072906
3614,1.0,0.0,0.0,16,0,0,13.331857562065125,67.0,1.0,1.6487212181091309,588.5271563529968
3615,1.0,0.0,0.0,16,0,0,13.401632964611053,69.5625,1.0,1.6487212181091309,588.6877613067627
3616,1.0,0.0,0.0,16,0,0,13.3728569149971,66.8125,1.0,1.6487212181091309,588.8338670730591
3617,1.0,0.0,0.0,16,0,0,13.449646234512329,67.875,1.0,1.6487212181091309,588.9943423271179
3618,1.0,0.0,0.0,16,0,0,13.374674260616302,64.0625,1.0,1.6487212181091309,589.1384263038635
3619,1.0,0.0,0.0,16,0,0,13.125534653663635,60.0625,1.0,1.6487212181091309,589.2752094268799
3620,1.0,0.0,0.0,16,0,0,13.251237154006958,62.75,1.0,1.6487212181091309,589.4151244163513
3621,1.0,0.0,0.0,16,0,0,13.569571435451508,68.625,1.0,1.6487212181091309,589.5708479881287
3622,1.0,0.0,0.0,16,0,0,13.215275228023529,59.125,1.0,1.6487212181091309,589.702849149704
3623,1.0,0.0,0.0,16,0,0,13.290592014789581,65.1875,1.0,1.6487212181091309,589.8467772006989
3624,1.0,0.0,0.0,16,0,0,13.407750844955444,70.8125,1.0,1.6487212181091309,590.003457069397
3625,1.0,0.0,0.0,16,0,0,13.458378732204437,68.5625,1.0,1.6487212181091309,590.1566822528839
3626,1.0,0.0,0.0,16,0,0,13.29080444574356,65.625,1.0,1.6487212181091309,590.3117942810059
3627,1.0,0.0,0.0,16,0,0,13.337434947490692,65.4375,1.0,1.6487212181091309,590.4575302600861
3628,1.0,0.0,0.0,16,0,0,13.461429417133331,67.1875,1.0,1.6487212181091309,590.6055171489716
3629,1.0,0.0,0.0,16,0,0,13.310809195041656,68.0625,1.0,1.6487212181091309,590.7652502059937
3630,1.0,0.0,0.0,16,0,0,13.256594240665436,63.625,1.0,1.6487212181091309,590.9057612419128
3631,1.0,0.0,0.0,16,0,0,13.344713747501373,64.0,1.0,1.6487212181091309,591.0509324073792
3632,1.0,0.0,0.0,16,0,0,13.419933080673218,63.25,1.0,1.6487212181091309,591.1903741359711
3633,1.0,0.0,0.0,16,0,0,13.38538247346878,65.6875,1.0,1.6487212181091309,591.3365142345428
3634,1.0,0.0,0.0,16,0,0,13.341252386569977,61.5625,1.0,1.6487212181091309,591.4780910015106
3635,1.0,0.0,0.0,16,0,0,13.330743491649628,68.3125,1.0,1.6487212181091309,591.6341791152954
3636,1.0,0.0,0.0,16,0,0,13.296504437923431,61.25,1.0,1.6487212181091309,591.7726302146912
3637,1.0,0.0,0.0,16,0,0,13.570573091506958,70.25,1.0,1.6487212181091309,591.9289462566376
3638,1.0,0.0,0.0,16,0,0,13.344851434230804,63.3125,1.0,1.6487212181091309,592.0716741085052
3639,1.0,0.0,0.0,16,0,0,13.212488293647766,62.0,1.0,1.6487212181091309,592.2123761177063
3640,1.0,0.0,0.0,16,0,0,13.371700048446655,64.625,1.0,1.6487212181091309,592.3648512363434
3641,1.0,0.0,0.0,16,0,0,13.514109373092651,68.625,1.0,1.6487212181091309,592.5151243209839
3642,1.0,0.0,0.0,16,0,0,13.505151569843292,69.0,1.0,1.6487212181091309,592.6655123233795
3643,1.0,0.0,0.0,16,0,0,13.439512431621552,63.25,1.0,1.6487212181091309,592.8086493015289
3644,1.0,0.0,0.0,16,0,0,13.429088115692139,65.375,1.0,1.6487212181091309,592.9505882263184
3645,1.0,0.0,0.0,16,0,0,13.231020092964172,64.875,1.0,1.6487212181091309,593.0912191867828
3646,1.0,0.0,0.0,16,0,0,13.40677672624588,64.0,1.0,1.6487212181091309,593.2342183589935
3647,1.0,0.0,0.0,16,0,0,13.478964626789093,65.875,1.0,1.6487212181091309,593.377274274826
3648,1.0,0.0,0.0,16,0,0,13.55362218618393,65.875,1.0,1.6487212181091309,593.5202763080597
3649,1.0,0.0,0.0,16,0,0,13.447957992553711,70.125,1.0,1.6487212181091309,593.6726613044739
3650,1.0,0.0,0.0,16,0,0,13.371728241443634,64.9375,1.0,1.6487212181091309,593.821836233139
3651,1.0,0.0,0.0,16,0,0,13.483475744724274,67.0,1.0,1.6487212181091309,593.9719471931458
3652,1.0,0.0,0.0,16,0,0,13.475965738296509,63.375,1.0,1.6487212181091309,594.1092932224274
3653,1.0,0.0,0.0,16,0,0,13.229859113693237,69.9375,1.0,1.6487212181091309,594.2608151435852
3654,1.0,0.0,0.0,16,0,0,13.71145486831665,71.0625,1.0,1.6487212181091309,594.4404892921448
3655,1.0,0.0,0.0,16,0,0,13.323945045471191,66.0625,1.0,1.6487212181091309,594.5841042995453
3656,1.0,0.0,0.0,16,0,0,13.266523361206055,63.0,1.0,1.6487212181091309,594.723087310791
3657,1.0,0.0,0.0,16,0,0,13.411616504192352,64.8125,1.0,1.6487212181091309,594.8641023635864
3658,1.0,0.0,0.0,16,0,0,13.48555326461792,63.8125,1.0,1.6487212181091309,595.0018560886383
3659,1.0,0.0,0.0,16,0,0,13.349501729011536,64.375,1.0,1.6487212181091309,595.1426763534546
3660,1.0,0.0,0.0,16,0,0,13.424846947193146,64.5,1.0,1.6487212181091309,595.2871172428131
3661,1.0,0.0,0.0,16,0,0,13.52603554725647,66.0625,1.0,1.6487212181091309,595.4303181171417
3662,1.0,0.0,0.0,16,0,0,13.563375771045685,67.25,1.0,1.6487212181091309,595.5758392810822
3663,1.0,0.0,0.0,16,0,0,13.427327573299408,67.875,1.0,1.6487212181091309,595.727587223053
3664,1.0,0.0,0.0,16,0,0,13.324109077453613,63.875,1.0,1.6487212181091309,595.8645911216736
3665,1.0,0.0,0.0,16,0,0,13.446418166160583,65.75,1.0,1.6487212181091309,596.0069823265076
3666,1.0,0.0,0.0,16,0,0,13.512751698493958,69.0625,1.0,1.6487212181091309,596.1564772129059
3667,1.0,0.0,0.0,16,0,0,13.418267488479614,65.4375,1.0,1.6487212181091309,596.3001022338867
3668,1.0,0.0,0.0,16,0,0,13.36274391412735,66.25,1.0,1.6487212181091309,596.5053613185883
3669,1.0,0.0,0.0,16,0,0,13.298858940601349,66.75,1.0,1.6487212181091309,596.6519553661346
3670,1.0,0.0,0.0,16,0,0,13.445828318595886,66.5,1.0,1.6487212181091309,596.7955870628357
3671,1.0,0.0,0.0,16,0,0,13.342156410217285,66.6875,1.0,1.6487212181091309,596.9464383125305
3672,1.0,0.0,0.0,16,0,0,13.3182412981987,64.1875,1.0,1.6487212181091309,597.0872912406921
3673,1.0,0.0,0.0,16,0,0,13.266855955123901,63.8125,1.0,1.6487212181091309,597.2250711917877
3674,1.0,0.0,0.0,16,0,0,13.316027104854584,64.9375,1.0,1.6487212181091309,597.3688383102417
3675,1.0,0.0,0.0,16,0,0,13.327768087387085,65.8125,1.0,1.6487212181091309,597.5208570957184
3676,1.0,0.0,0.0,16,0,0,13.44805234670639,66.125,1.0,1.6487212181091309,597.6655712127686
3677,1.0,0.0,0.0,16,0,0,13.437655627727509,66.5625,1.0,1.6487212181091309,597.8107981681824
3678,1.0,0.0,0.0,16,0,0,13.341213941574097,67.8125,1.0,1.6487212181091309,597.9624662399292
3679,1.0,0.0,0.0,16,0,0,13.453198254108429,68.5,1.0,1.6487212181091309,598.1111590862274
3680,1.0,0.0,0.0,16,0,0,13.380161225795746,63.375,1.0,1.6487212181091309,598.2476212978363
3681,1.0,0.0,0.0,16,0,0,13.24442595243454,62.0625,1.0,1.6487212181091309,598.3910760879517
3682,1.0,0.0,0.0,16,0,0,13.416285455226898,62.4375,1.0,1.6487212181091309,598.5816340446472
3683,1.0,0.0,0.0,16,0,0,13.351770341396332,67.5625,1.0,1.6487212181091309,598.7483503818512
3684,1.0,0.0,0.0,16,0,0,13.414571344852448,67.5625,1.0,1.6487212181091309,598.8941752910614
3685,1.0,0.0,0.0,16,0,0,13.475537538528442,66.875,1.0,1.6487212181091309,599.043172121048
3686,1.0,0.0,0.0,16,0,0,13.372165739536285,62.3125,1.0,1.6487212181091309,599.1788520812988
3687,1.0,0.0,0.0,16,0,0,13.34816974401474,63.5625,1.0,1.6487212181091309,599.3181760311127
3688,1.0,0.0,0.0,16,0,0,13.31567370891571,64.9375,1.0,1.6487212181091309,599.4637360572815
3689,1.0,0.0,0.0,16,0,0,13.410307943820953,63.6875,1.0,1.6487212181091309,599.6024732589722
3690,1.0,0.0,0.0,16,0,0,13.519391238689423,68.4375,1.0,1.6487212181091309,599.7592272758484
3691,1.0,0.0,0.0,16,0,0,13.375787317752838,65.375,1.0,1.6487212181091309,599.9030714035034
3692,1.0,0.0,0.0,16,0,0,13.229725539684296,61.25,1.0,1.6487212181091309,600.0373010635376
3693,1.0,0.0,0.0,16,0,0,13.370809257030487,65.75,1.0,1.6487212181091309,600.1807203292847
3694,1.0,0.0,0.0,16,0,0,13.420833468437195,67.3125,1.0,1.6487212181091309,600.3263113498688
3695,1.0,0.0,0.0,16,0,0,13.26492154598236,63.1875,1.0,1.6487212181091309,600.463308095932
3696,1.0,0.0,0.0,16,0,0,13.52242362499237,68.125,1.0,1.6487212181091309,600.6654143333435
3697,1.0,0.0,0.0,16,0,0,13.448924601078033,65.75,1.0,1.6487212181091309,600.8219320774078
3698,1.0,0.0,0.0,16,0,0,13.437838554382324,66.4375,1.0,1.6487212181091309,600.979189157486
3699,1.0,0.0,0.0,16,0,0,13.298379838466644,62.0625,1.0,1.6487212181091309,601.1143662929535
3700,1.0,0.0,0.0,16,0,0,13.279563963413239,60.625,1.0,1.6487212181091309,601.2466452121735
3701,1.0,0.0,0.0,16,0,0,13.371253669261932,67.5,1.0,1.6487212181091309,601.3921463489532
3702,1.0,0.0,0.0,16,0,0,13.289775848388672,62.5625,1.0,1.6487212181091309,601.5298762321472
3703,1.0,0.0,0.0,16,0,0,13.424644112586975,69.75,1.0,1.6487212181091309,601.6809401512146
3704,1.0,0.0,0.0,16,0,0,13.553024768829346,70.5625,1.0,1.6487212181091309,601.8341333866119
3705,1.0,0.0,0.0,16,0,0,13.4365114569664,65.0625,1.0,1.6487212181091309,601.9793510437012
3706,1.0,0.0,0.0,16,0,0,13.467208087444305,68.0,1.0,1.6487212181091309,602.125705242157
3707,1.0,0.0,0.0,16,0,0,13.196481227874756,62.875,1.0,1.6487212181091309,602.2627840042114
3708,1.0,0.0,0.0,16,0,0,13.546554446220398,69.25,1.0,1.6487212181091309,602.4152541160583
3709,1.0,0.0,0.0,16,0,0,13.511946082115173,68.5,1.0,1.6487212181091309,602.5671072006226
3710,1.0,0.0,0.0,16,0,0,13.323548018932343,62.0625,1.0,1.6487212181091309,602.720296382904
3711,1.0,0.0,0.0,16,0,0,13.316757619380951,62.9375,1.0,1.6487212181091309,602.8577082157135
3712,1.0,0.0,0.0,16,0,0,13.438825964927673,66.375,1.0,1.6487212181091309,603.0043194293976
3713,1.0,0.0,0.0,16,0,0,13.352785110473633,62.0625,1.0,1.6487212181091309,603.139080286026
3714,1.0,0.0,0.0,16,0,0,13.342269599437714,65.625,1.0,1.6487212181091309,603.286511182785
3715,1.0,0.0,0.0,16,0,0,13.374028980731964,61.1875,1.0,1.6487212181091309,603.4222002029419
3716,1.0,0.0,0.0,16,0,0,13.539162039756775,67.375,1.0,1.6487212181091309,603.56898021698
3717,1.0,0.0,0.0,16,0,0,13.488049805164337,70.0625,1.0,1.6487212181091309,603.7273871898651
3718,1.0,0.0,0.0,16,0,0,13.306434690952301,63.5625,1.0,1.6487212181091309,603.8654322624207
3719,1.0,0.0,0.0,16,0,0,13.399223685264587,66.4375,1.0,1.6487212181091309,604.0091292858124
3720,1.0,0.0,0.0,16,0,0,13.590871393680573,67.875,1.0,1.6487212181091309,604.1550011634827
3721,1.0,0.0,0.0,16,0,0,13.3772491812706,64.375,1.0,1.6487212181091309,604.2987010478973
3722,1.0,0.0,0.0,16,0,0,13.550152242183685,69.5625,1.0,1.6487212181091309,604.452296257019
3723,1.0,0.0,0.0,16,0,0,13.394104301929474,65.4375,1.0,1.6487212181091309,604.5987792015076
3724,1.0,0.0,0.0,16,0,0,13.536947429180145,69.375,1.0,1.6487212181091309,604.7745180130005
3725,1.0,0.0,0.0,16,0,0,13.426941514015198,65.25,1.0,1.6487212181091309,604.9207382202148
3726,1.0,0.0,0.0,16,0,0,13.392561733722687,62.875,1.0,1.6487212181091309,605.0606532096863
3727,1.0,0.0,0.0,16,0,0,13.37276566028595,66.125,1.0,1.6487212181091309,605.2052221298218
3728,1.0,0.0,0.0,16,0,0,13.414141178131104,70.5,1.0,1.6487212181091309,605.3587141036987
3729,1.0,0.0,0.0,16,0,0,13.33371788263321,65.25,1.0,1.6487212181091309,605.5010123252869
3730,1.0,0.0,0.0,16,0,0,13.359159708023071,64.4375,1.0,1.6487212181091309,605.6435110569
3731,1.0,0.0,0.0,16,0,0,13.301662683486938,68.0,1.0,1.6487212181091309,605.7904272079468
3732,1.0,0.0,0.0,16,0,0,13.425940811634064,64.9375,1.0,1.6487212181091309,605.9323320388794
3733,1.0,0.0,0.0,16,0,0,13.522459506988525,68.75,1.0,1.6487212181091309,606.0819802284241
3734,1.0,0.0,0.0,16,0,0,13.46970796585083,70.1875,1.0,1.6487212181091309,606.2363650798798
3735,1.0,0.0,0.0,16,0,0,13.13173633813858,57.5,1.0,1.6487212181091309,606.3695123195648
3736,1.0,0.0,0.0,16,0,0,13.287776827812195,62.75,1.0,1.6487212181091309,606.5196092128754
3737,1.0,0.0,0.0,16,0,0,13.370347321033478,66.3125,1.0,1.6487212181091309,606.664900302887
3738,1.0,0.0,0.0,16,0,0,13.265241205692291,66.4375,1.0,1.6487212181091309,606.8110320568085
3739,1.0,0.0,0.0,16,0,0,13.263960003852844,65.5625,1.0,1.6487212181091309,606.956933259964
3740,1.0,0.0,0.0,16,0,0,13.45255035161972,70.3125,1.0,1.6487212181091309,607.1135454177856
3741,1.0,0.0,0.0,16,0,0,13.441045999526978,66.3125,1.0,1.6487212181091309,607.2637522220612
3742,1.0,0.0,0.0,16,0,0,13.209747970104218,60.625,1.0,1.6487212181091309,607.4028122425079
3743,1.0,0.0,0.0,16,0,0,13.29805475473404,66.3125,1.0,1.6487212181091309,607.5516583919525
3744,1.0,0.0,0.0,16,0,0,13.487854838371277,69.5625,1.0,1.6487212181091309,607.7080001831055
3745,1.0,0.0,0.0,16,0,0,13.544558346271515,67.25,1.0,1.6487212181091309,607.858163356781
3746,1.0,0.0,0.0,16,0,0,13.55986899137497,67.25,1.0,1.6487212181091309,608.0090792179108
3747,1.0,0.0,0.0,16,0,0,13.272602438926697,63.875,1.0,1.6487212181091309,608.1561961174011
3748,1.0,0.0,0.0,16,0,0,13.437689661979675,62.875,1.0,1.6487212181091309,608.2992212772369
3749,1.0,0.0,0.0,16,0,0,13.370039463043213,62.9375,1.0,1.6487212181091309,608.4382712841034
3750,1.0,0.0,0.0,16,0,0,13.54746699333191,69.375,1.0,1.6487212181091309,608.5930471420288
3751,1.0,0.0,0.0,16,0,0,13.399718046188354,67.9375,1.0,1.6487212181091309,608.7439653873444
3752,1.0,0.0,0.0,16,0,0,13.311029136180878,61.75,1.0,1.6487212181091309,608.8827033042908
3753,1.0,0.0,0.0,16,0,0,13.546483337879181,68.0625,1.0,1.6487212181091309,609.0477130413055
3754,1.0,0.0,0.0,16,0,0,13.237291634082794,65.5,1.0,1.6487212181091309,609.1959552764893
3755,1.0,0.0,0.0,16,0,0,13.319835007190704,64.875,1.0,1.6487212181091309,609.3452153205872
3756,1.0,0.0,0.0,16,0,0,13.336159884929657,65.8125,1.0,1.6487212181091309,609.5059282779694
3757,1.0,0.0,0.0,16,0,0,13.440564095973969,67.375,1.0,1.6487212181091309,609.6757423877716
3758,1.0,0.0,0.0,16,0,0,13.350283324718475,63.9375,1.0,1.6487212181091309,609.831707239151
3759,1.0,0.0,0.0,16,0,0,13.578872442245483,69.5,1.0,1.6487212181091309,610.003023147583
3760,1.0,0.0,0.0,16,0,0,13.119993269443512,61.625,1.0,1.6487212181091309,610.1424961090088
3761,1.0,0.0,0.0,16,0,0,13.183138847351074,64.0625,1.0,1.6487212181091309,610.2856802940369
3762,1.0,0.0,0.0,16,0,0,13.497259676456451,67.625,1.0,1.6487212181091309,610.4386141300201
3763,1.0,0.0,0.0,16,0,0,13.53009706735611,70.125,1.0,1.6487212181091309,610.5974202156067
3764,1.0,0.0,0.0,16,0,0,13.399391770362854,69.0,1.0,1.6487212181091309,610.7574861049652
3765,1.0,0.0,0.0,16,0,0,13.51693469285965,71.625,1.0,1.6487212181091309,610.9137012958527
3766,1.0,0.0,0.0,16,0,0,13.26334148645401,62.0625,1.0,1.6487212181091309,611.0852143764496
3767,1.0,0.0,0.0,16,0,0,13.32987129688263,66.0625,1.0,1.6487212181091309,611.2405512332916
3768,1.0,0.0,0.0,16,0,0,13.40067434310913,67.0625,1.0,1.6487212181091309,611.3949723243713
3769,1.0,0.0,0.0,16,0,0,13.235034048557281,59.875,1.0,1.6487212181091309,611.5294661521912
3770,1.0,0.0,0.0,16,0,0,13.241013944149017,64.0625,1.0,1.6487212181091309,611.6716201305389
3771,1.0,0.0,0.0,16,0,0,13.23268324136734,62.25,1.0,1.6487212181091309,611.8084402084351
3772,1.0,0.0,0.0,16,0,0,13.502754211425781,68.25,1.0,1.6487212181091309,611.9568982124329
3773,1.0,0.0,0.0,16,0,0,13.356541931629181,65.75,1.0,1.6487212181091309,612.1037592887878
3774,1.0,0.0,0.0,16,0,0,13.459452390670776,68.4375,1.0,1.6487212181091309,612.2581162452698
3775,1.0,0.0,0.0,16,0,0,13.40236121416092,64.25,1.0,1.6487212181091309,612.3995442390442
3776,1.0,0.0,0.0,16,0,0,13.25134801864624,62.3125,1.0,1.6487212181091309,612.5383679866791
3777,1.0,0.0,0.0,16,0,0,13.324602782726288,65.8125,1.0,1.6487212181091309,612.6924352645874
3778,1.0,0.0,0.0,16,0,0,13.192089438438416,61.9375,1.0,1.6487212181091309,612.8288540840149
3779,1.0,0.0,0.0,16,0,0,13.260399103164673,65.1875,1.0,1.6487212181091309,612.9886183738708
3780,1.0,0.0,0.0,16,0,0,13.259693086147308,62.5625,1.0,1.6487212181091309,613.204793214798
3781,1.0,0.0,0.0,16,0,0,13.452559351921082,69.5,1.0,1.6487212181091309,613.3738062381744
3782,1.0,0.0,0.0,16,0,0,13.440262854099274,65.25,1.0,1.6487212181091309,613.5228531360626
3783,1.0,0.0,0.0,16,0,0,13.380352318286896,67.0625,1.0,1.6487212181091309,613.6743233203888
3784,1.0,0.0,0.0,16,0,0,13.31259036064148,64.0625,1.0,1.6487212181091309,613.8163540363312
3785,1.0,0.0,0.0,16,0,0,13.286004662513733,61.6875,1.0,1.6487212181091309,613.9600651264191
3786,1.0,0.0,0.0,16,0,0,13.48692262172699,69.4375,1.0,1.6487212181091309,614.1141231060028
3787,1.0,0.0,0.0,16,0,0,13.495097875595093,69.5625,1.0,1.6487212181091309,614.2663533687592
3788,1.0,0.0,0.0,16,0,0,13.199663758277893,62.6875,1.0,1.6487212181091309,614.4076793193817
3789,1.0,0.0,0.0,16,0,0,13.389658033847809,64.875,1.0,1.6487212181091309,614.5751674175262
3790,1.0,0.0,0.0,16,0,0,13.40442442893982,65.0,1.0,1.6487212181091309,614.7245383262634
3791,1.0,0.0,0.0,16,0,0,13.568260669708252,73.875,1.0,1.6487212181091309,614.8906381130219
3792,1.0,0.0,0.0,16,0,0,13.254363059997559,66.25,1.0,1.6487212181091309,615.0385961532593
3793,1.0,0.0,0.0,16,0,0,13.313086986541748,64.1875,1.0,1.6487212181091309,615.1804420948029
3794,1.0,0.0,0.0,16,0,0,13.325291931629181,65.4375,1.0,1.6487212181091309,615.3365161418915
3795,1.0,0.0,0.0,16,0,0,13.401817560195923,62.875,1.0,1.6487212181091309,615.4750783443451
3796,1.0,0.0,0.0,16,0,0,13.38541179895401,63.9375,1.0,1.6487212181091309,615.616542339325
3797,1.0,0.0,0.0,16,0,0,13.331572711467743,64.125,1.0,1.6487212181091309,615.759907245636
3798,1.0,0.0,0.0,16,0,0,13.411224663257599,66.0,1.0,1.6487212181091309,615.9075000286102
3799,1.0,0.0,0.0,16,0,0,13.448752224445343,68.1875,1.0,1.6487212181091309,616.0597722530365
3800,1.0,0.0,0.0,16,0,0,13.337849617004395,63.3125,1.0,1.6487212181091309,616.1984870433807
3801,1.0,0.0,0.0,16,0,0,13.26452112197876,59.6875,1.0,1.6487212181091309,616.33154129982
3802,1.0,0.0,0.0,16,0,0,13.254860699176788,62.125,1.0,1.6487212181091309,616.4704942703247
3803,1.0,0.0,0.0,16,0,0,13.585889458656311,69.75,1.0,1.6487212181091309,616.6254692077637
3804,1.0,0.0,0.0,16,0,0,13.450584053993225,63.6875,1.0,1.6487212181091309,616.7640671730042
3805,1.0,0.0,0.0,16,0,0,13.24733966588974,60.1875,1.0,1.6487212181091309,616.8997721672058
3806,1.0,0.0,0.0,16,0,0,13.19258028268814,62.25,1.0,1.6487212181091309,617.0401704311371
3807,1.0,0.0,0.0,16,0,0,13.521726965904236,67.8125,1.0,1.6487212181091309,617.1898381710052
3808,1.0,0.0,0.0,16,0,0,13.46358573436737,69.0625,1.0,1.6487212181091309,617.363664150238
3809,1.0,0.0,0.0,16,0,0,13.24130266904831,59.5625,1.0,1.6487212181091309,617.4957911968231
3810,1.0,0.0,0.0,16,0,0,13.53200101852417,68.75,1.0,1.6487212181091309,617.6536943912506
3811,1.0,0.0,0.0,16,0,0,13.236677646636963,61.3125,1.0,1.6487212181091309,617.7900390625
3812,1.0,0.0,0.0,16,0,0,13.511921167373657,66.875,1.0,1.6487212181091309,617.937979221344
3813,1.0,0.0,0.0,16,0,0,13.532681584358215,66.125,1.0,1.6487212181091309,618.0834093093872
3814,1.0,0.0,0.0,16,0,0,13.438807785511017,62.625,1.0,1.6487212181091309,618.221330165863
3815,1.0,0.0,0.0,16,0,0,13.452790200710297,64.5625,1.0,1.6487212181091309,618.3903522491455
3816,1.0,0.0,0.0,16,0,0,13.48445576429367,71.875,1.0,1.6487212181091309,618.5497720241547
3817,1.0,0.0,0.0,16,0,0,13.363224387168884,65.5625,1.0,1.6487212181091309,618.7000513076782
3818,1.0,0.0,0.0,16,0,0,13.281583189964294,61.5625,1.0,1.6487212181091309,618.8396673202515
3819,1.0,0.0,0.0,16,0,0,13.564484655857086,67.0625,1.0,1.6487212181091309,618.988183259964
3820,1.0,0.0,0.0,16,0,0,13.375663161277771,69.625,1.0,1.6487212181091309,619.1455602645874
3821,1.0,0.0,0.0,16,0,0,13.400039076805115,62.375,1.0,1.6487212181091309,619.2848041057587
3822,1.0,0.0,0.0,16,0,0,13.740825951099396,73.8125,1.0,1.6487212181091309,619.4633121490479
3823,1.0,0.0,0.0,16,0,0,13.2987300157547,62.625,1.0,1.6487212181091309,619.6047060489655
3824,1.0,0.0,0.0,16,0,0,13.5894056558609,71.4375,1.0,1.6487212181091309,619.7613670825958
3825,1.0,0.0,0.0,16,0,0,13.395849525928497,67.8125,1.0,1.6487212181091309,619.90957903862
3826,1.0,0.0,0.0,16,0,0,13.481979727745056,67.3125,1.0,1.6487212181091309,620.060521364212
3827,1.0,0.0,0.0,16,0,0,13.518485367298126,69.25,1.0,1.6487212181091309,620.2151951789856
3828,1.0,0.0,0.0,16,0,0,13.39446222782135,66.4375,1.0,1.6487212181091309,620.3673384189606
3829,1.0,0.0,0.0,16,0,0,13.2947279214859,65.3125,1.0,1.6487212181091309,620.5107982158661
3830,1.0,0.0,0.0,16,0,0,13.249766290187836,62.3125,1.0,1.6487212181091309,620.6501302719116
3831,1.0,0.0,0.0,16,0,0,13.414458692073822,66.5625,1.0,1.6487212181091309,620.7969763278961
3832,1.0,0.0,0.0,16,0,0,13.515444159507751,68.375,1.0,1.6487212181091309,620.9671952724457
3833,1.0,0.0,0.0,16,0,0,13.31804072856903,62.875,1.0,1.6487212181091309,621.1086792945862
3834,1.0,0.0,0.0,16,0,0,13.440074026584625,68.25,1.0,1.6487212181091309,621.2606081962585
3835,1.0,0.0,0.0,16,0,0,13.33769702911377,60.9375,1.0,1.6487212181091309,621.4008312225342
3836,1.0,0.0,0.0,16,0,0,13.393631756305695,65.4375,1.0,1.6487212181091309,621.5610492229462
3837,1.0,0.0,0.0,16,0,0,13.409354388713837,64.625,1.0,1.6487212181091309,621.7103202342987
3838,1.0,0.0,0.0,16,0,0,13.26651680469513,66.6875,1.0,1.6487212181091309,621.85808634758
3839,1.0,0.0,0.0,16,0,0,13.379456162452698,67.6875,1.0,1.6487212181091309,622.0145013332367
3840,1.0,0.0,0.0,16,0,0,13.503630518913269,68.5625,1.0,1.6487212181091309,622.1707141399384
3841,1.0,0.0,0.0,16,0,0,13.447987973690033,66.0,1.0,1.6487212181091309,622.320118188858
3842,1.0,0.0,0.0,16,0,0,13.37271761894226,61.75,1.0,1.6487212181091309,622.457602262497
3843,1.0,0.0,0.0,16,0,0,13.412644267082214,65.125,1.0,1.6487212181091309,622.6036772727966
3844,1.0,0.0,0.0,16,0,0,13.409333765506744,65.5,1.0,1.6487212181091309,622.750146150589
3845,1.0,0.0,0.0,16,0,0,13.313635289669037,65.1875,1.0,1.6487212181091309,622.8946533203125
3846,1.0,0.0,0.0,16,0,0,13.345668017864227,66.375,1.0,1.6487212181091309,623.0403823852539
3847,1.0,0.0,0.0,16,0,0,13.484278082847595,66.75,1.0,1.6487212181091309,623.1889102458954
3848,1.0,0.0,0.0,16,0,0,13.571586728096008,69.8125,1.0,1.6487212181091309,623.3455963134766
3849,1.0,0.0,0.0,16,0,0,13.439147472381592,63.1875,1.0,1.6487212181091309,623.486251115799
3850,1.0,0.0,0.0,16,0,0,13.303604781627655,65.6875,1.0,1.6487212181091309,623.6406941413879
3851,1.0,0.0,0.0,16,0,0,13.586786448955536,67.5,1.0,1.6487212181091309,623.790693283081
3852,1.0,0.0,0.0,16,0,0,13.290242791175842,60.5625,1.0,1.6487212181091309,623.9221522808075
3853,1.0,0.0,0.0,16,0,0,13.267018854618073,64.125,1.0,1.6487212181091309,624.0639672279358
3854,1.0,0.0,0.0,16,0,0,13.262158811092377,65.6875,1.0,1.6487212181091309,624.2073793411255
3855,1.0,0.0,0.0,16,0,0,13.217512905597687,61.6875,1.0,1.6487212181091309,624.343327999115
3856,1.0,0.0,0.0,16,0,0,13.321313500404358,63.25,1.0,1.6487212181091309,624.4832923412323
3857,1.0,0.0,0.0,16,0,0,13.527109026908875,68.6875,1.0,1.6487212181091309,624.6360592842102
3858,1.0,0.0,0.0,16,0,0,13.369386196136475,67.0625,1.0,1.6487212181091309,624.7821061611176
3859,1.0,0.0,0.0,16,0,0,13.63832002878189,67.6875,1.0,1.6487212181091309,624.9287674427032
3860,1.0,0.0,0.0,16,0,0,13.42901599407196,66.125,1.0,1.6487212181091309,625.0737793445587
3861,1.0,0.0,0.0,16,0,0,13.382680892944336,61.75,1.0,1.6487212181091309,625.2078640460968
3862,1.0,0.0,0.0,16,0,0,13.43393063545227,66.9375,1.0,1.6487212181091309,625.3529531955719
3863,1.0,0.0,0.0,16,0,0,13.375672936439514,61.75,1.0,1.6487212181091309,625.4873011112213
3864,1.0,0.0,0.0,16,0,0,13.49359941482544,73.125,1.0,1.6487212181091309,625.7178664207458
3865,1.0,0.0,0.0,16,0,0,13.592908561229706,70.4375,1.0,1.6487212181091309,625.8762271404266
3866,1.0,0.0,0.0,16,0,0,13.504705607891083,66.4375,1.0,1.6487212181091309,626.0250103473663
3867,1.0,0.0,0.0,16,0,0,13.217838704586029,65.1875,1.0,1.6487212181091309,626.1730391979218
3868,1.0,0.0,0.0,16,0,0,13.32705146074295,64.8125,1.0,1.6487212181091309,626.3191051483154
3869,1.0,0.0,0.0,16,0,0,13.284600913524628,63.125,1.0,1.6487212181091309,626.4610872268677
3870,1.0,0.0,0.0,16,0,0,13.229288637638092,62.5,1.0,1.6487212181091309,626.6062471866608
3871,1.0,0.0,0.0,16,0,0,13.363449156284332,67.25,1.0,1.6487212181091309,626.7555372714996
3872,1.0,0.0,0.0,16,0,0,13.346942842006683,65.3125,1.0,1.6487212181091309,626.9104273319244
3873,1.0,0.0,0.0,16,0,0,13.428760886192322,69.875,1.0,1.6487212181091309,627.0647463798523
3874,1.0,0.0,0.0,16,0,0,13.473880589008331,67.125,1.0,1.6487212181091309,627.2150382995605
3875,1.0,0.0,0.0,16,0,0,13.30772340297699,66.5625,1.0,1.6487212181091309,627.3607492446899
3876,1.0,0.0,0.0,16,0,0,13.358873009681702,61.875,1.0,1.6487212181091309,627.500714302063
3877,1.0,0.0,0.0,16,0,0,13.304263174533844,64.375,1.0,1.6487212181091309,627.6438493728638
3878,1.0,0.0,0.0,16,0,0,13.449245989322662,64.6875,1.0,1.6487212181091309,627.8898701667786
3879,1.0,0.0,0.0,16,0,0,13.306100130081177,67.5,1.0,1.6487212181091309,628.0381550788879
3880,1.0,0.0,0.0,16,0,0,13.445834934711456,72.4375,1.0,1.6487212181091309,628.2061121463776
3881,1.0,0.0,0.0,16,0,0,13.516476333141327,65.625,1.0,1.6487212181091309,628.3504502773285
3882,1.0,0.0,0.0,16,0,0,13.237192392349243,61.4375,1.0,1.6487212181091309,628.4890642166138
3883,1.0,0.0,0.0,16,0,0,13.280281245708466,65.75,1.0,1.6487212181091309,628.6366331577301
3884,1.0,0.0,0.0,16,0,0,13.388005912303925,65.4375,1.0,1.6487212181091309,628.780490398407
3885,1.0,0.0,0.0,16,0,0,13.45303350687027,65.4375,1.0,1.6487212181091309,628.9312000274658
3886,1.0,0.0,0.0,16,0,0,13.456117928028107,68.1875,1.0,1.6487212181091309,629.0918011665344
3887,1.0,0.0,0.0,16,0,0,13.489700078964233,66.8125,1.0,1.6487212181091309,629.2429161071777
3888,1.0,0.0,0.0,16,0,0,13.434999227523804,67.0625,1.0,1.6487212181091309,629.3886001110077
3889,1.0,0.0,0.0,16,0,0,13.370952844619751,66.875,1.0,1.6487212181091309,629.5440971851349
3890,1.0,0.0,0.0,16,0,0,13.19819450378418,65.875,1.0,1.6487212181091309,629.6972842216492
3891,1.0,0.0,0.0,16,0,0,13.394930899143219,65.0,1.0,1.6487212181091309,629.8434362411499
3892,1.0,0.0,0.0,16,0,0,13.267981350421906,63.875,1.0,1.6487212181091309,629.9862141609192
3893,1.0,0.0,0.0,16,0,0,13.323486506938934,61.8125,1.0,1.6487212181091309,630.1263172626495
3894,1.0,0.0,0.0,16,0,0,13.44667774438858,65.25,1.0,1.6487212181091309,630.2845733165741
3895,1.0,0.0,0.0,16,0,0,13.391063630580902,65.0,1.0,1.6487212181091309,630.4311072826385
3896,1.0,0.0,0.0,16,0,0,13.275755524635315,62.875,1.0,1.6487212181091309,630.571658372879
3897,1.0,0.0,0.0,16,0,0,13.586362600326538,73.1875,1.0,1.6487212181091309,630.7362251281738
3898,1.0,0.0,0.0,16,0,0,13.502036452293396,67.6875,1.0,1.6487212181091309,630.8864734172821
3899,1.0,0.0,0.0,16,0,0,13.258730113506317,63.9375,1.0,1.6487212181091309,631.0288944244385
3900,1.0,0.0,0.0,16,0,0,13.390635192394257,67.0,1.0,1.6487212181091309,631.1781063079834
3901,1.0,0.0,0.0,16,0,0,13.390682101249695,65.0,1.0,1.6487212181091309,631.3248772621155
3902,1.0,0.0,0.0,16,0,0,13.289433717727661,66.375,1.0,1.6487212181091309,631.475328207016
3903,1.0,0.0,0.0,16,0,0,13.310145199298859,63.6875,1.0,1.6487212181091309,631.6196212768555
3904,1.0,0.0,0.0,16,0,0,13.348201215267181,66.4375,1.0,1.6487212181091309,631.7706701755524
3905,1.0,0.0,0.0,16,0,0,13.396389722824097,62.25,1.0,1.6487212181091309,631.9096312522888
3906,1.0,0.0,0.0,16,0,0,13.411384761333466,66.1875,1.0,1.6487212181091309,632.059413433075
3907,1.0,0.0,0.0,16,0,0,13.38400673866272,68.125,1.0,1.6487212181091309,632.2111222743988
3908,1.0,0.0,0.0,16,0,0,13.468563318252563,67.375,1.0,1.6487212181091309,632.3646712303162
3909,1.0,0.0,0.0,16,0,0,13.413298726081848,63.125,1.0,1.6487212181091309,632.5059792995453
3910,1.0,0.0,0.0,16,0,0,13.37880253791809,64.5625,1.0,1.6487212181091309,632.6497321128845
3911,1.0,0.0,0.0,16,0,0,13.4670529961586,68.375,1.0,1.6487212181091309,632.8022892475128
3912,1.0,0.0,0.0,16,0,0,13.26365339756012,65.625,1.0,1.6487212181091309,632.9473373889923
3913,1.0,0.0,0.0,16,0,0,13.4807288646698,69.25,1.0,1.6487212181091309,633.1025919914246
3914,1.0,0.0,0.0,16,0,0,13.39622849225998,65.4375,1.0,1.6487212181091309,633.2512540817261
3915,1.0,0.0,0.0,16,0,0,13.284950256347656,64.5,1.0,1.6487212181091309,633.3986902236938
3916,1.0,0.0,0.0,16,0,0,13.320925831794739,62.375,1.0,1.6487212181091309,633.5364851951599
3917,1.0,0.0,0.0,16,0,0,13.473520934581757,65.4375,1.0,1.6487212181091309,633.6819672584534
3918,1.0,0.0,0.0,16,0,0,13.451885163784027,68.1875,1.0,1.6487212181091309,633.8362872600555
3919,1.0,0.0,0.0,16,0,0,13.520759522914886,67.5,1.0,1.6487212181091309,633.9864962100983
3920,1.0,0.0,0.0,16,0,0,13.469433307647705,65.3125,1.0,1.6487212181091309,634.1501393318176
3921,1.0,0.0,0.0,16,0,0,13.292673587799072,63.0,1.0,1.6487212181091309,634.2904901504517
3922,1.0,0.0,0.0,16,0,0,13.313643753528595,65.125,1.0,1.6487212181091309,634.4357402324677
3923,1.0,0.0,0.0,16,0,0,13.462732493877411,69.9375,1.0,1.6487212181091309,634.591459274292
3924,1.0,0.0,0.0,16,0,0,13.283196210861206,67.0,1.0,1.6487212181091309,634.7417001724243
3925,1.0,0.0,0.0,16,0,0,13.44756418466568,68.9375,1.0,1.6487212181091309,634.8952350616455
3926,1.0,0.0,0.0,16,0,0,13.310865819454193,64.4375,1.0,1.6487212181091309,635.0405821800232
3927,1.0,0.0,0.0,16,0,0,13.267001450061798,62.875,1.0,1.6487212181091309,635.1817471981049
3928,1.0,0.0,0.0,16,0,0,13.332009494304657,66.3125,1.0,1.6487212181091309,635.3311011791229
3929,1.0,0.0,0.0,16,0,0,13.308605790138245,61.5,1.0,1.6487212181091309,635.4722213745117
3930,1.0,0.0,0.0,16,0,0,13.32049709558487,66.125,1.0,1.6487212181091309,635.6214282512665
3931,1.0,0.0,0.0,16,0,0,13.509700357913971,67.5625,1.0,1.6487212181091309,635.769525051117
3932,1.0,0.0,0.0,16,0,0,13.211989343166351,60.9375,1.0,1.6487212181091309,635.902104139328
3933,1.0,0.0,0.0,16,0,0,13.531427502632141,67.75,1.0,1.6487212181091309,636.0559301376343
3934,1.0,0.0,0.0,16,0,0,13.608643412590027,64.375,1.0,1.6487212181091309,636.2169992923737
3935,1.0,0.0,0.0,16,0,0,13.387448191642761,65.125,1.0,1.6487212181091309,636.3642611503601
3936,1.0,0.0,0.0,16,0,0,13.44032883644104,66.5625,1.0,1.6487212181091309,636.5127611160278
3937,1.0,0.0,0.0,16,0,0,13.389873564243317,65.875,1.0,1.6487212181091309,636.6608440876007
3938,1.0,0.0,0.0,16,0,0,13.266054093837738,64.125,1.0,1.6487212181091309,636.8054792881012
3939,1.0,0.0,0.0,16,0,0,13.410497784614563,61.625,1.0,1.6487212181091309,636.9440512657166
3940,1.0,0.0,0.0,16,0,0,13.37380176782608,64.1875,1.0,1.6487212181091309,637.0883331298828
3941,1.0,0.0,0.0,16,0,0,13.551406979560852,71.375,1.0,1.6487212181091309,637.2477562427521
3942,1.0,0.0,0.0,16,0,0,13.557411789894104,67.1875,1.0,1.6487212181091309,637.3985693454742
3943,1.0,0.0,0.0,16,0,0,13.305002450942993,61.25,1.0,1.6487212181091309,637.5357282161713
3944,1.0,0.0,0.0,16,0,0,13.328798532485962,63.6875,1.0,1.6487212181091309,637.6780049800873
3945,1.0,0.0,0.0,16,0,0,13.415451169013977,63.8125,1.0,1.6487212181091309,637.8195230960846
3946,1.0,0.0,0.0,16,0,0,13.390397131443024,68.0,1.0,1.6487212181091309,637.9745192527771
3947,1.0,0.0,0.0,16,0,0,13.578489363193512,71.3125,1.0,1.6487212181091309,638.1350212097168
3948,1.0,0.0,0.0,16,0,0,13.503988683223724,70.8125,1.0,1.6487212181091309,638.3000230789185
3949,1.0,0.0,0.0,16,0,0,13.460625648498535,62.875,1.0,1.6487212181091309,638.4551072120667
3950,1.0,0.0,0.0,16,0,0,13.30103725194931,65.5,1.0,1.6487212181091309,638.60515832901
3951,1.0,0.0,0.0,16,0,0,13.478534817695618,66.25,1.0,1.6487212181091309,638.7556431293488
3952,1.0,0.0,0.0,16,0,0,13.395453691482544,61.8125,1.0,1.6487212181091309,638.8955173492432
3953,1.0,0.0,0.0,16,0,0,13.48585855960846,66.6875,1.0,1.6487212181091309,639.0413942337036
3954,1.0,0.0,0.0,16,0,0,13.530580341815948,72.25,1.0,1.6487212181091309,639.2080104351044
3955,1.0,0.0,0.0,16,0,0,13.39783787727356,63.875,1.0,1.6487212181091309,639.3489181995392
3956,1.0,0.0,0.0,16,0,0,13.603612720966339,67.625,1.0,1.6487212181091309,639.5009262561798
3957,1.0,0.0,0.0,16,0,0,13.207681953907013,61.375,1.0,1.6487212181091309,639.6349642276764
3958,1.0,0.0,0.0,16,0,0,13.365645468235016,68.5625,1.0,1.6487212181091309,639.7882454395294
3959,1.0,0.0,0.0,16,0,0,13.287530779838562,72.1875,1.0,1.6487212181091309,639.9489531517029
3960,1.0,0.0,0.0,16,0,0,13.252782762050629,63.375,1.0,1.6487212181091309,640.090151309967
3961,1.0,0.0,0.0,16,0,0,13.293681859970093,63.9375,1.0,1.6487212181091309,640.234658241272
3962,1.0,0.0,0.0,16,0,0,13.45325756072998,66.0625,1.0,1.6487212181091309,640.3861582279205
3963,1.0,0.0,0.0,16,0,0,13.095312654972076,60.6875,1.0,1.6487212181091309,640.522961139679
3964,1.0,0.0,0.0,16,0,0,13.313629746437073,60.8125,1.0,1.6487212181091309,640.674387216568
3965,1.0,0.0,0.0,16,0,0,13.207216143608093,59.75,1.0,1.6487212181091309,640.8105063438416
3966,1.0,0.0,0.0,16,0,0,13.42025750875473,64.8125,1.0,1.6487212181091309,640.9531631469727
3967,1.0,0.0,0.0,16,0,0,13.415691912174225,64.0,1.0,1.6487212181091309,641.0972962379456
3968,1.0,0.0,0.0,16,0,0,13.401512086391449,65.25,1.0,1.6487212181091309,641.2464852333069
3969,1.0,0.0,0.0,16,0,0,13.355245113372803,64.0625,1.0,1.6487212181091309,641.3893492221832
3970,1.0,0.0,0.0,16,0,0,13.478264093399048,67.8125,1.0,1.6487212181091309,641.5366311073303
3971,1.0,0.0,0.0,16,0,0,13.279722154140472,64.6875,1.0,1.6487212181091309,641.6833891868591
3972,1.0,0.0,0.0,16,0,0,13.567864835262299,68.125,1.0,1.6487212181091309,641.8374872207642
3973,1.0,0.0,0.0,16,0,0,13.281557619571686,64.375,1.0,1.6487212181091309,641.9829103946686
3974,1.0,0.0,0.0,16,0,0,13.484788119792938,66.6875,1.0,1.6487212181091309,642.132009267807
3975,1.0,0.0,0.0,16,0,0,13.570593059062958,69.0625,1.0,1.6487212181091309,642.3172161579132
3976,1.0,0.0,0.0,16,0,0,13.2562854886055,65.1875,1.0,1.6487212181091309,642.4799890518188
3977,1.0,0.0,0.0,16,0,0,13.614994823932648,69.25,1.0,1.6487212181091309,642.6537489891052
3978,1.0,0.0,0.0,16,0,0,13.385203182697296,64.9375,1.0,1.6487212181091309,642.8089272975922
3979,1.0,0.0,0.0,16,0,0,13.404388844966888,65.625,1.0,1.6487212181091309,642.9583790302277
3980,1.0,0.0,0.0,16,0,0,13.3187894821167,64.1875,1.0,1.6487212181091309,643.1111674308777
3981,1.0,0.0,0.0,16,0,0,13.318801283836365,68.0625,1.0,1.6487212181091309,643.2634701728821
3982,1.0,0.0,0.0,16,0,0,13.129843831062317,59.5625,1.0,1.6487212181091309,643.3960230350494
3983,1.0,0.0,0.0,16,0,0,13.637826442718506,67.6875,1.0,1.6487212181091309,643.5436263084412
3984,1.0,0.0,0.0,16,0,0,13.42290860414505,66.8125,1.0,1.6487212181091309,643.6910493373871
3985,1.0,0.0,0.0,16,0,0,13.165807902812958,59.5625,1.0,1.6487212181091309,643.8223412036896
3986,1.0,0.0,0.0,16,0,0,13.433043241500854,65.8125,1.0,1.6487212181091309,643.9691882133484
3987,1.0,0.0,0.0,16,0,0,13.331439435482025,64.875,1.0,1.6487212181091309,644.1150162220001
3988,1.0,0.0,0.0,16,0,0,13.683519721031189,72.25,1.0,1.6487212181091309,644.2806482315063
3989,1.0,0.0,0.0,16,0,0,13.248457074165344,57.75,1.0,1.6487212181091309,644.4081611633301
3990,1.0,0.0,0.0,16,0,0,13.160015046596527,58.875,1.0,1.6487212181091309,644.5538742542267
3991,1.0,0.0,0.0,16,0,0,13.213539242744446,59.875,1.0,1.6487212181091309,644.6880321502686
3992,1.0,0.0,0.0,16,0,0,13.405346155166626,63.25,1.0,1.6487212181091309,644.8259222507477
3993,1.0,0.0,0.0,16,0,0,13.45117050409317,70.75,1.0,1.6487212181091309,644.9829933643341
3994,1.0,0.0,0.0,16,0,0,13.297931611537933,64.9375,1.0,1.6487212181091309,645.1306171417236
3995,1.0,0.0,0.0,16,0,0,13.281762957572937,63.1875,1.0,1.6487212181091309,645.2689483165741
3996,1.0,0.0,0.0,16,0,0,13.593674123287201,71.4375,1.0,1.6487212181091309,645.4253561496735
3997,1.0,0.0,0.0,16,0,0,13.338364362716675,65.9375,1.0,1.6487212181091309,645.5718343257904
3998,1.0,0.0,0.0,16,0,0,13.487625002861023,69.125,1.0,1.6487212181091309,645.7233281135559
3999,1.0,0.0,0.0,16,0,0,13.568981647491455,67.375,1.0,1.6487212181091309,645.875253200531
4000,1.0,0.0,0.0,16,0,0,13.464255511760712,65.875,1.0,1.6487212181091309,646.0240330696106
